seq,timestamp_ms,label,ch0_0,ch0_1,ch0_2,ch0_3,ch0_4,ch0_5,ch0_6,ch0_7,ch0_8,ch0_9,ch0_10,ch0_11,ch0_12,ch0_13,ch0_14,ch0_15,ch0_16,ch0_17,ch0_18,ch0_19,ch0_20,ch0_21,ch0_22,ch0_23,ch0_24,ch0_25,ch0_26,ch0_27,ch0_28,ch0_29,ch0_30,ch0_31,ch1_0,ch1_1,ch1_2,ch1_3,ch1_4,ch1_5,ch1_6,ch1_7,ch1_8,ch1_9,ch1_10,ch1_11,ch1_12,ch1_13,ch1_14,ch1_15,ch1_16,ch1_17,ch1_18,ch1_19,ch1_20,ch1_21,ch1_22,ch1_23,ch1_24,ch1_25,ch1_26,ch1_27,ch1_28,ch1_29,ch1_30,ch1_31,ch2_0,ch2_1,ch2_2,ch2_3,ch2_4,ch2_5,ch2_6,ch2_7,ch2_8,ch2_9,ch2_10,ch2_11,ch2_12,ch2_13,ch2_14,ch2_15,ch2_16,ch2_17,ch2_18,ch2_19,ch2_20,ch2_21,ch2_22,ch2_23,ch2_24,ch2_25,ch2_26,ch2_27,ch2_28,ch2_29,ch2_30,ch2_31
0,0,left,3247,3085,3250,3072,3199,3067,3146,3141,3245,3212,3267,3209,3243,3111,3043,3259,3249,3140,3224,3256,3154,3144,3284,3113,3200,2972,3055,3022,3043,3186,3171,3132,2701,2693,2729,2724,2687,2712,2700,2673,2707,2683,2684,2675,2702,2695,2728,2690,2715,2686,2672,2698,2685,2722,2697,2688,2676,2729,2695,2671,2673,2703,2723,2682,2695,2691,2681,2707,2705,2691,2692,2700,2692,2694,2686,2703,2699,2697,2716,2708,2693,2713,2688,2684,2690,2693,2691,2709,2714,2715,2702,2717,2682,2701,2718,2683
1,10,left,3033,3187,3257,3249,3121,3170,3250,3137,3064,3244,3113,3005,3170,3299,2997,3251,3062,3179,3168,3182,3236,3083,3111,3311,3298,3141,3116,3056,3124,3043,2969,3186,2671,2677,2721,2701,2697,2711,2720,2710,2678,2714,2701,2718,2723,2716,2713,2692,2679,2703,2713,2727,2687,2704,2723,2716,2727,2684,2716,2723,2679,2680,2687,2716,2690,2703,2691,2709,2704,2702,2703,2680,2711,2680,2702,2695,2719,2686,2718,2698,2694,2690,2683,2716,2683,2710,2685,2698,2689,2684,2712,2697,2708,2684,2682,2713
2,20,left,3157,3301,3230,3082,3246,3109,3016,3230,3262,3266,3117,3218,3033,3287,3063,3304,3122,3141,3101,3214,3075,3261,3145,3309,3012,3257,3010,3256,3115,3319,3086,3172,2714,2690,2691,2679,2683,2720,2677,2707,2707,2720,2674,2679,2675,2698,2683,2694,2686,2726,2715,2718,2700,2726,2671,2701,2718,2722,2714,2726,2671,2715,2713,2713,2706,2687,2711,2717,2717,2695,2689,2686,2713,2714,2710,2683,2688,2709,2715,2693,2691,2715,2714,2713,2700,2708,2685,2696,2718,2700,2701,2716,2703,2689,2718,2695
3,30,left,3200,3227,3150,3065,3231,3234,3089,3303,2987,2958,3309,2998,3149,3233,3223,3168,3146,3214,3144,3101,2988,2988,3095,3072,3182,3265,3233,3231,3066,3244,3219,3147,2717,2714,2704,2709,2724,2687,2720,2722,2690,2723,2685,2674,2694,2692,2690,2694,2712,2679,2695,2693,2678,2683,2689,2682,2719,2717,2729,2688,2675,2700,2678,2702,2698,2718,2706,2719,2703,2691,2688,2699,2703,2697,2703,2694,2708,2705,2685,2703,2717,2713,2683,2705,2680,2707,2681,2716,2699,2680,2702,2710,2683,2717,2712,2687
4,40,left,3178,3163,3125,3152,3015,3142,3298,3020,3132,3273,3271,3079,3113,3126,3161,3250,3191,2981,3156,3064,3214,3030,3211,3208,3067,2974,3017,3314,3075,3056,3256,2968,2706,2712,2676,2675,2683,2718,2712,2670,2680,2726,2723,2729,2695,2712,2719,2695,2691,2672,2707,2681,2686,2711,2712,2716,2711,2718,2708,2724,2720,2683,2685,2724,2709,2713,2683,2707,2682,2717,2719,2718,2690,2692,2702,2692,2706,2702,2693,2693,2682,2703,2698,2701,2687,2691,2701,2691,2711,2714,2718,2719,2704,2693,2709,2704
5,50,left,3009,3111,3070,3048,3173,3208,3178,3334,3004,3027,3249,3247,3111,3122,3125,3294,3153,3146,3117,3004,3120,3098,3034,3229,3122,3036,3282,3225,2981,3153,3149,3130,2726,2675,2709,2713,2696,2704,2697,2705,2719,2713,2689,2676,2675,2711,2723,2723,2674,2718,2714,2716,2698,2676,2726,2702,2693,2713,2694,2723,2695,2687,2691,2678,2710,2692,2713,2689,2718,2707,2709,2696,2701,2682,2707,2712,2705,2713,2699,2686,2712,2716,2681,2690,2685,2707,2693,2707,2698,2687,2696,2717,2697,2686,2700,2709
6,60,left,3180,3140,3332,3287,3189,3320,3021,3064,3046,3239,3198,3112,3000,3035,3076,3322,2982,3152,3038,3094,3105,3165,3124,3228,3080,3261,3176,3023,3220,3052,3145,3092,2719,2684,2670,2707,2716,2671,2706,2710,2712,2724,2727,2710,2692,2724,2701,2716,2688,2727,2704,2673,2718,2671,2695,2716,2682,2681,2722,2686,2718,2684,2703,2710,2712,2704,2715,2707,2717,2712,2691,2683,2685,2690,2705,2701,2711,2698,2712,2717,2719,2680,2703,2717,2716,2713,2705,2691,2713,2689,2703,2688,2706,2706,2696,2684
7,70,left,3116,3153,3127,3241,3051,3307,3135,3119,3215,3134,3164,3165,3124,2988,3185,3219,3286,2960,3109,3150,3312,3181,3052,3032,3179,3252,3174,3230,3131,3129,3061,3186,2695,2672,2714,2688,2670,2670,2677,2686,2687,2722,2715,2709,2708,2721,2676,2697,2706,2681,2678,2719,2708,2692,2701,2695,2697,2677,2675,2682,2713,2671,2671,2680,2689,2707,2705,2697,2705,2690,2719,2713,2694,2697,2687,2688,2710,2695,2682,2701,2687,2713,2686,2705,2718,2713,2684,2696,2713,2713,2716,2708,2688,2681,2694,2691
8,80,left,3151,3167,3036,3294,3093,3185,3172,3123,3308,3100,3049,3173,3082,3057,3276,3126,3076,3130,3196,3042,3229,3102,3251,3180,3074,3265,2969,3155,2993,3265,3252,3062,2712,2718,2681,2725,2687,2705,2679,2687,2698,2678,2677,2707,2694,2698,2694,2672,2671,2715,2682,2688,2720,2680,2673,2695,2703,2711,2711,2681,2698,2721,2699,2674,2711,2706,2692,2683,2694,2713,2691,2703,2709,2692,2717,2715,2708,2716,2694,2687,2680,2697,2686,2706,2711,2697,2681,2705,2713,2680,2690,2705,2693,2706,2698,2705
9,90,left,3078,3203,3098,3342,3164,3098,3223,3042,3273,3196,3063,3160,3004,3098,3294,3239,3119,3181,3233,3100,3163,3072,3170,3118,3191,3023,3171,3306,3238,3206,3246,3104,2726,2704,2680,2725,2704,2670,2719,2677,2686,2710,2715,2675,2702,2694,2696,2720,2714,2682,2702,2724,2689,2693,2705,2711,2678,2728,2699,2689,2691,2687,2698,2674,2702,2698,2686,2682,2684,2698,2688,2694,2704,2691,2704,2688,2685,2682,2711,2699,2688,2699,2714,2682,2688,2683,2700,2719,2697,2698,2699,2689,2693,2695,2706,2683
10,100,left,3024,2982,3089,3267,3213,3049,3101,3040,3132,3033,3121,3265,3135,3205,3125,3152,3111,3270,3281,3338,3106,3106,3039,3214,3147,3210,2981,3314,3064,3162,3159,3234,2704,2692,2702,2724,2722,2673,2703,2711,2729,2727,2723,2724,2677,2678,2720,2695,2703,2677,2693,2670,2692,2679,2685,2701,2674,2678,2693,2680,2725,2701,2729,2685,2715,2712,2685,2690,2706,2710,2712,2712,2708,2705,2717,2719,2716,2719,2703,2695,2682,2699,2685,2716,2718,2718,2709,2686,2699,2703,2681,2719,2699,2683,2682,2717
11,110,left,3292,3131,3227,3224,3070,3267,3136,3071,3285,3007,3211,3200,3120,3091,3083,3058,3065,3323,3264,3029,3316,3132,3116,3115,3240,3250,3141,3161,3011,3146,3105,3132,2690,2713,2696,2692,2683,2689,2706,2694,2681,2670,2709,2725,2692,2703,2703,2689,2684,2685,2685,2679,2715,2705,2687,2721,2681,2695,2724,2708,2697,2704,2689,2711,2701,2693,2714,2686,2692,2693,2714,2682,2698,2682,2691,2716,2706,2715,2716,2691,2713,2688,2718,2699,2685,2713,2719,2693,2698,2687,2700,2716,2682,2703,2710,2691
12,120,left,3084,3266,3135,3049,3065,3129,3185,3083,3047,3206,3163,3034,3131,3127,3208,3212,3240,3100,3317,3093,3217,3163,3123,3153,3039,3067,3133,3202,3096,3174,3098,3254,2710,2692,2689,2691,2718,2725,2719,2682,2708,2673,2702,2673,2729,2712,2691,2701,2686,2726,2680,2692,2679,2716,2722,2701,2672,2717,2703,2691,2698,2700,2670,2717,2685,2700,2689,2718,2681,2685,2686,2702,2692,2707,2688,2718,2704,2689,2717,2692,2691,2697,2718,2681,2714,2680,2712,2712,2682,2707,2717,2703,2708,2704,2685,2687
13,130,left,3181,3029,3188,3275,3002,3158,2983,3233,3173,3239,3057,3103,2988,3235,3214,3196,3291,3152,2979,3251,3080,3151,3022,3282,3099,3062,3005,3158,3191,3036,3159,3001,2685,2727,2670,2697,2701,2722,2706,2680,2678,2689,2691,2709,2705,2670,2677,2721,2676,2683,2719,2716,2728,2694,2699,2717,2688,2721,2720,2707,2695,2679,2671,2727,2681,2689,2695,2703,2700,2697,2685,2715,2708,2716,2697,2719,2683,2717,2699,2698,2693,2715,2705,2713,2695,2704,2684,2711,2693,2718,2708,2708,2716,2715,2707,2682
14,140,left,3070,3240,3008,2982,3088,3096,3234,3038,3207,3305,3218,3098,3343,2988,3223,3238,3297,3186,3230,3339,3249,2971,3222,3013,3099,3120,3002,3138,3032,3292,3254,3290,2673,2674,2681,2706,2718,2702,2694,2721,2675,2705,2677,2707,2709,2702,2712,2717,2709,2679,2694,2686,2716,2699,2693,2677,2683,2727,2728,2694,2715,2692,2710,2709,2688,2718,2683,2693,2685,2689,2693,2680,2683,2701,2709,2686,2682,2693,2693,2684,2697,2703,2713,2705,2716,2703,2680,2685,2681,2693,2686,2697,2709,2701,2699,2689
15,150,left,3131,3162,3228,3119,3169,3115,3160,3252,3218,3240,3084,3211,3169,3146,2984,3074,3217,2994,3271,3086,3210,3258,3238,2986,3158,2961,3099,3018,3247,3301,3120,3088,2720,2714,2682,2695,2684,2694,2720,2703,2695,2684,2724,2689,2704,2681,2698,2714,2676,2674,2682,2718,2673,2680,2724,2679,2729,2701,2696,2723,2722,2684,2719,2723,2681,2684,2695,2714,2702,2709,2696,2716,2719,2702,2699,2685,2702,2694,2696,2705,2695,2713,2680,2692,2708,2692,2714,2682,2707,2699,2718,2683,2716,2688,2686,2682
16,160,left,3039,3000,3087,3055,3314,3111,3187,3212,3144,3103,3190,3053,3124,3209,3120,3053,3048,3302,3271,3208,3035,3144,3250,3169,3029,3139,3165,3342,2978,3120,3243,3224,2682,2683,2720,2720,2716,2715,2673,2679,2677,2685,2683,2707,2712,2690,2725,2717,2729,2713,2686,2688,2706,2691,2707,2720,2703,2721,2687,2694,2698,2725,2722,2700,2712,2691,2704,2690,2683,2699,2687,2717,2696,2698,2688,2696,2680,2698,2686,2704,2699,2681,2719,2698,2712,2688,2705,2696,2718,2691,2688,2711,2717,2689,2688,2711
17,170,left,3083,3145,3160,3307,2971,3224,3111,3107,3227,3247,2995,3067,3071,3259,3023,3279,3053,3019,3091,3285,3131,3309,2999,3025,3245,3119,3071,3005,3292,3266,3325,3064,2686,2686,2673,2703,2710,2675,2714,2725,2687,2694,2718,2715,2725,2701,2717,2723,2676,2706,2698,2710,2690,2708,2718,2718,2716,2725,2710,2695,2715,2704,2726,2713,2686,2685,2702,2681,2701,2699,2696,2704,2700,2682,2695,2716,2691,2719,2690,2683,2680,2703,2685,2693,2684,2683,2717,2693,2705,2703,2688,2699,2692,2691,2705,2718
18,180,left,3020,3022,3056,3229,3082,3007,3145,3220,3093,3312,3271,3116,3054,3165,3221,3087,3218,2983,3233,3253,3085,3204,3155,3155,3138,3305,3071,3138,3161,2976,3188,3040,2713,2675,2708,2685,2709,2698,2677,2684,2725,2704,2725,2703,2672,2709,2718,2713,2715,2702,2719,2682,2685,2672,2690,2699,2727,2690,2672,2708,2674,2722,2686,2690,2695,2698,2719,2710,2685,2716,2717,2690,2711,2689,2710,2706,2680,2688,2694,2687,2701,2706,2711,2719,2697,2681,2686,2701,2694,2687,2711,2702,2712,2695,2718,2706
19,190,left,2977,3024,2985,3213,3007,3111,3143,3127,3138,3264,3314,3018,3324,3050,3216,3131,3179,3230,3119,3087,3112,3185,3030,3135,3182,3299,3270,3023,3158,3065,2971,3063,2723,2701,2714,2670,2674,2726,2728,2689,2691,2729,2697,2719,2710,2712,2720,2718,2691,2705,2710,2700,2724,2708,2705,2704,2698,2717,2674,2711,2721,2707,2708,2712,2693,2709,2712,2701,2705,2701,2710,2690,2712,2709,2710,2692,2712,2689,2689,2707,2686,2686,2715,2682,2690,2718,2704,2719,2702,2719,2693,2692,2698,2699,2714,2700
20,200,left,3136,3259,3156,3116,3002,3165,3260,3234,3187,3068,3130,3035,3267,2976,3197,3183,3190,3111,3055,3081,3135,3142,3071,3041,3212,3171,3061,3018,3164,3173,3064,3273,2682,2727,2705,2687,2709,2687,2671,2701,2728,2717,2721,2690,2716,2707,2701,2707,2674,2716,2672,2725,2698,2679,2690,2699,2710,2701,2672,2714,2721,2700,2684,2687,2703,2707,2692,2712,2684,2686,2701,2715,2687,2692,2680,2704,2718,2714,2715,2698,2683,2707,2719,2711,2692,2705,2688,2719,2699,2693,2708,2687,2714,2709,2717,2711
21,210,left,3227,3077,2985,3020,3028,3107,3197,3212,3092,3033,3082,3088,3129,3035,3091,3187,3126,3185,3187,3023,2989,3090,3075,3054,3091,3255,3144,3138,3052,3186,3170,3114,2728,2690,2688,2671,2718,2721,2711,2698,2706,2679,2708,2716,2689,2691,2712,2702,2722,2705,2699,2709,2710,2717,2703,2715,2714,2700,2724,2715,2712,2721,2679,2702,2704,2710,2689,2692,2701,2717,2695,2686,2698,2693,2698,2718,2696,2719,2712,2708,2719,2689,2713,2710,2683,2699,2695,2702,2694,2717,2719,2708,2719,2684,2718,2712
22,220,left,3088,3297,2996,3276,3294,3267,3223,3242,3137,3170,3172,3173,3056,3123,3002,3084,3074,3280,3187,3100,3016,3088,3226,3142,3195,3274,3220,3115,3206,3234,3069,3033,2715,2724,2680,2726,2670,2723,2727,2703,2674,2683,2698,2720,2677,2676,2684,2684,2701,2689,2718,2681,2712,2685,2724,2714,2718,2673,2703,2692,2687,2705,2721,2674,2684,2717,2718,2697,2707,2696,2687,2684,2709,2681,2714,2715,2697,2694,2686,2684,2709,2707,2680,2684,2718,2711,2682,2705,2718,2716,2713,2715,2689,2718,2705,2692
23,230,left,3229,3117,3077,3294,3172,3162,3071,3057,3111,2962,3081,3166,3104,3084,3113,3190,3031,3180,3072,3184,3055,3113,3181,3227,3164,3080,3117,3135,3285,3149,3071,3308,2702,2729,2689,2702,2693,2714,2728,2703,2717,2704,2706,2696,2690,2699,2716,2687,2698,2707,2723,2713,2671,2707,2694,2690,2711,2699,2715,2694,2687,2672,2712,2679,2715,2708,2719,2696,2710,2687,2707,2682,2693,2701,2686,2707,2719,2711,2697,2706,2704,2694,2683,2701,2687,2682,2698,2683,2709,2715,2705,2709,2692,2684,2693,2690
24,240,left,3114,3318,3146,3213,3087,3120,3173,3064,3292,3071,3282,3037,3111,3010,3220,3236,3078,3128,3069,2993,3020,3051,3148,3081,3208,3247,2992,3056,3069,3063,3195,3060,2676,2704,2670,2703,2720,2685,2717,2692,2703,2697,2672,2701,2711,2728,2717,2701,2726,2709,2711,2675,2676,2670,2724,2671,2691,2679,2729,2684,2711,2710,2709,2722,2704,2687,2681,2709,2685,2682,2693,2692,2686,2691,2705,2715,2709,2707,2706,2717,2698,2699,2691,2716,2692,2686,2684,2703,2710,2715,2696,2691,2687,2710,2717,2695
25,250,left,3170,3186,3301,3179,3267,3222,3251,3212,3131,3166,3007,3100,3280,3003,3098,3089,3077,3188,3164,3001,3202,3078,3190,3136,3278,2972,3057,3183,3239,3287,3098,3006,2676,2677,2699,2690,2682,2691,2676,2687,2685,2722,2682,2714,2672,2686,2673,2686,2701,2697,2680,2694,2691,2691,2676,2709,2692,2708,2688,2722,2677,2729,2703,2686,2714,2697,2687,2683,2699,2699,2706,2715,2714,2700,2709,2706,2690,2680,2695,2708,2693,2713,2710,2714,2689,2706,2694,2711,2719,2705,2709,2702,2692,2683,2696,2681
26,260,left,3165,3286,3021,3126,3124,3111,2996,3016,3117,3113,3023,3057,3061,3128,3142,3151,3310,3314,3160,3175,3174,3160,3185,3246,3006,3300,3267,3287,3262,3139,3201,3195,2701,2726,2677,2676,2715,2704,2725,2722,2691,2722,2710,2681,2681,2705,2692,2687,2678,2698,2699,2712,2705,2711,2701,2714,2674,2681,2690,2714,2728,2702,2675,2677,2716,2687,2712,2702,2704,2695,2704,2705,2689,2686,2716,2705,2694,2708,2712,2716,2694,2693,2691,2687,2710,2701,2703,2716,2682,2714,2715,2709,2711,2689,2719,2717
27,270,left,2993,3220,3061,3187,3202,3221,3089,3145,3104,3201,3202,3186,3171,3184,3093,2975,3290,3198,3227,3169,3035,2989,3182,3203,2971,3042,3106,3302,3142,3106,3281,3089,2680,2677,2679,2672,2688,2702,2710,2728,2712,2672,2723,2676,2671,2728,2727,2686,2720,2706,2672,2702,2729,2697,2723,2695,2675,2724,2680,2710,2683,2702,2674,2692,2706,2699,2703,2694,2701,2684,2684,2708,2709,2695,2711,2707,2689,2706,2684,2696,2716,2682,2699,2716,2708,2690,2680,2690,2692,2703,2712,2680,2702,2681,2688,2705
28,280,left,3207,3282,3218,3131,3146,3059,3213,3039,3198,3297,3140,3145,3132,3151,3163,3038,3159,2994,3206,3078,3177,3273,3168,3197,3184,3155,3027,3217,3138,3176,3066,3023,2700,2672,2670,2708,2712,2719,2682,2715,2710,2670,2704,2677,2678,2701,2698,2722,2715,2701,2699,2729,2724,2704,2714,2722,2689,2708,2670,2708,2716,2721,2710,2690,2705,2698,2686,2708,2681,2689,2710,2709,2699,2687,2686,2707,2706,2691,2715,2700,2686,2716,2694,2682,2686,2700,2696,2711,2702,2696,2693,2681,2684,2693,2704,2684
29,290,left,3297,3072,3338,3163,3274,3218,3212,3169,3018,3128,3262,3300,3073,3170,3330,3270,3108,3094,3303,3201,3331,3161,3107,3036,3112,3204,3234,3095,3085,3309,3038,3055,2692,2723,2688,2701,2676,2720,2678,2673,2722,2698,2681,2722,2729,2713,2691,2726,2694,2728,2720,2674,2682,2700,2720,2699,2725,2704,2687,2701,2715,2725,2703,2705,2694,2715,2713,2718,2697,2685,2692,2705,2695,2681,2707,2689,2694,2692,2716,2712,2698,2710,2699,2717,2705,2699,2717,2691,2691,2681,2690,2689,2716,2698,2681,2702
30,300,left,3003,3261,3227,3146,3221,3215,3130,3241,3212,3166,3135,3179,3242,3217,3087,3147,3218,3211,3164,3262,3280,2958,2995,3028,3179,3297,3247,3109,3120,3136,3179,3063,2680,2676,2702,2708,2696,2692,2709,2674,2688,2716,2670,2715,2677,2670,2696,2696,2683,2696,2709,2720,2674,2692,2728,2699,2687,2720,2672,2711,2703,2673,2693,2697,2697,2719,2682,2681,2709,2703,2697,2714,2692,2716,2687,2699,2690,2704,2694,2683,2684,2686,2697,2704,2706,2684,2705,2712,2688,2718,2719,2695,2691,2686,2681,2708
31,310,left,3138,3256,3103,3013,3211,3065,3145,3089,3140,3207,3021,3265,3113,3294,3193,3252,3086,2978,3090,3239,3212,3186,3047,3246,3080,3098,3166,3056,3165,3081,3055,3283,2720,2720,2691,2725,2729,2723,2719,2686,2674,2676,2718,2702,2694,2685,2709,2692,2692,2714,2711,2699,2729,2720,2687,2693,2722,2679,2727,2707,2712,2673,2728,2718,2683,2700,2682,2695,2690,2700,2682,2701,2695,2710,2682,2691,2694,2680,2705,2705,2698,2698,2695,2717,2715,2707,2708,2700,2693,2704,2699,2682,2707,2698,2711,2711
32,320,left,3302,3050,3113,3067,3197,3235,3260,3212,3113,3156,3305,3138,3151,3204,3283,3157,3273,2956,3090,3283,3219,3167,3009,3251,3144,3229,3206,3264,3262,3266,3270,3252,2685,2694,2686,2715,2689,2689,2725,2683,2710,2698,2719,2697,2690,2674,2703,2712,2699,2714,2726,2709,2698,2718,2700,2720,2673,2721,2716,2694,2690,2700,2683,2674,2684,2694,2716,2683,2716,2686,2684,2692,2686,2705,2699,2688,2704,2712,2692,2684,2697,2705,2685,2688,2708,2706,2710,2708,2684,2691,2698,2719,2705,2711,2690,2682
33,330,left,3250,3239,3293,3305,3091,3147,3246,3023,2999,3132,3228,3064,3019,3155,3108,3077,3231,3162,3178,3039,3117,3238,2982,3269,3207,3267,3044,3049,3130,3195,3066,3171,2692,2675,2686,2712,2671,2691,2675,2671,2695,2698,2727,2671,2719,2713,2697,2713,2727,2713,2715,2703,2691,2687,2680,2690,2728,2700,2697,2716,2683,2701,2718,2720,2707,2685,2715,2682,2700,2688,2698,2718,2711,2710,2711,2681,2714,2705,2701,2717,2714,2714,2708,2688,2686,2690,2697,2687,2701,2696,2717,2704,2710,2714,2691,2686
34,340,left,3023,3260,3231,3009,3192,3019,3014,3223,3152,3054,3040,3085,3186,3106,3205,3103,3161,3011,3165,3010,3077,3208,3215,3072,3183,3160,3191,3278,3194,3108,3122,3275,2726,2717,2724,2689,2689,2714,2704,2674,2688,2680,2705,2699,2697,2691,2717,2698,2680,2672,2675,2697,2671,2709,2689,2695,2714,2670,2715,2685,2721,2727,2725,2690,2719,2706,2685,2684,2699,2694,2683,2686,2689,2718,2718,2680,2700,2704,2695,2714,2696,2716,2686,2707,2708,2715,2699,2687,2713,2691,2688,2684,2718,2704,2710,2680
35,350,left,3011,3166,3251,3101,3133,3193,3121,3079,3148,3038,3065,3238,3014,3203,3066,3129,3143,3081,3010,3306,3285,3169,3136,3189,3075,3179,3253,3117,3122,3073,3210,3194,2707,2713,2698,2729,2695,2725,2722,2676,2689,2702,2714,2673,2697,2697,2724,2704,2702,2701,2684,2676,2684,2717,2674,2675,2672,2673,2689,2728,2717,2723,2698,2692,2698,2683,2710,2702,2692,2686,2681,2697,2680,2695,2694,2705,2713,2707,2691,2697,2714,2709,2696,2683,2710,2696,2704,2716,2683,2719,2701,2702,2702,2680,2686,2686
36,360,left,3108,3275,3175,3066,3150,3093,3304,3190,3267,3110,3251,3066,3042,3140,3245,3190,3344,3113,3243,3130,3226,3149,2994,3064,2972,3010,3031,3200,3151,3264,3105,3044,2686,2684,2675,2699,2684,2683,2715,2725,2689,2717,2698,2681,2718,2703,2686,2686,2717,2679,2705,2720,2688,2701,2690,2728,2674,2695,2717,2678,2715,2724,2723,2672,2708,2685,2686,2695,2712,2701,2715,2683,2684,2700,2696,2699,2699,2700,2701,2688,2700,2715,2688,2703,2712,2684,2701,2691,2688,2700,2692,2688,2712,2688,2711,2705
37,370,left,3143,3134,3309,3085,3257,3176,3337,3201,3275,3194,3039,3292,3176,3106,2990,3132,3173,3016,3094,3001,3082,3060,3082,3032,3179,3206,3089,3252,3151,3189,3176,3171,2682,2720,2672,2692,2682,2683,2694,2713,2713,2692,2686,2710,2708,2681,2697,2706,2687,2710,2704,2692,2707,2720,2674,2723,2710,2728,2695,2698,2694,2681,2675,2708,2685,2683,2698,2694,2688,2708,2696,2685,2686,2692,2703,2710,2687,2682,2712,2715,2688,2693,2715,2682,2697,2690,2686,2690,2696,2687,2713,2715,2689,2702,2694,2707
38,380,left,3066,3119,3054,3220,3040,3115,3118,3166,3200,3274,3185,3260,3204,3291,3216,3166,3011,3289,3090,3053,3075,3104,3165,3096,3167,3040,3303,2992,3224,3028,3207,3122,2689,2689,2685,2685,2670,2702,2697,2726,2714,2728,2720,2702,2717,2691,2674,2722,2681,2693,2686,2685,2721,2693,2690,2697,2695,2707,2698,2729,2690,2679,2706,2674,2698,2683,2708,2704,2712,2713,2719,2691,2692,2697,2703,2709,2709,2691,2685,2695,2686,2700,2688,2711,2683,2698,2684,2694,2680,2689,2706,2695,2697,2715,2683,2684
39,390,left,3146,3072,3000,3204,3068,3222,3179,3027,3310,3189,3257,3179,3069,3142,3106,3174,3070,3225,3246,3061,3269,2992,3190,3271,3055,3064,3209,3211,3086,3148,3159,3341,2725,2717,2718,2674,2678,2726,2713,2707,2694,2720,2719,2728,2703,2726,2704,2691,2670,2719,2729,2709,2729,2683,2710,2723,2689,2715,2713,2694,2672,2701,2694,2708,2705,2681,2687,2697,2705,2709,2701,2710,2703,2704,2685,2708,2714,2688,2688,2685,2719,2689,2717,2717,2690,2688,2704,2717,2713,2681,2714,2697,2710,2718,2694,2687
40,400,left,3225,2995,3116,3317,3205,3043,3102,3102,3078,3284,3212,3059,3069,3272,3235,3233,3054,3063,3134,3020,3166,3185,3201,3111,3055,3159,3089,3223,3083,3261,3134,2966,2676,2716,2687,2673,2722,2705,2692,2701,2691,2713,2719,2671,2676,2670,2708,2713,2687,2701,2700,2681,2690,2674,2710,2684,2690,2720,2713,2717,2704,2704,2706,2680,2710,2703,2685,2701,2711,2683,2692,2710,2705,2683,2681,2707,2708,2710,2710,2695,2687,2681,2695,2702,2680,2715,2715,2689,2702,2691,2698,2703,2695,2699,2681,2685
41,410,left,3202,3108,3088,3212,3009,3163,3088,3033,3107,3242,3162,3040,3261,3151,3045,3243,3073,3083,3060,3184,3050,3156,3004,3130,3025,3160,3263,3095,3241,3221,3075,3135,2684,2675,2685,2708,2722,2690,2674,2729,2703,2721,2690,2716,2702,2683,2672,2673,2729,2711,2698,2717,2703,2707,2710,2677,2728,2687,2680,2707,2682,2680,2687,2723,2696,2713,2691,2714,2704,2718,2682,2692,2719,2693,2702,2706,2688,2716,2711,2713,2689,2688,2697,2682,2699,2681,2719,2717,2715,2709,2696,2716,2700,2683,2691,2694
42,420,left,3284,3155,3206,3218,3053,2995,3170,3282,3246,3028,3071,2978,3044,3032,3052,3086,3109,3108,3282,3234,3082,3098,3005,3240,3251,3163,3189,3043,3263,3198,3243,3216,2729,2670,2686,2715,2728,2715,2684,2717,2707,2690,2691,2702,2689,2709,2702,2703,2724,2672,2671,2675,2681,2725,2674,2700,2694,2677,2723,2715,2680,2705,2693,2704,2715,2709,2683,2686,2686,2702,2697,2708,2709,2682,2680,2693,2712,2693,2714,2713,2716,2691,2685,2692,2692,2717,2701,2705,2700,2696,2707,2692,2688,2682,2688,2705
43,430,left,3136,3033,3081,2974,3226,2982,2994,3065,3017,3015,3045,3303,3126,3045,3065,3152,3218,3183,3121,3260,3221,3225,3250,3246,3040,3179,3047,2993,3058,3006,3294,3165,2714,2672,2703,2705,2728,2700,2729,2685,2691,2678,2672,2690,2724,2698,2685,2684,2694,2677,2705,2677,2707,2700,2725,2680,2721,2705,2692,2723,2725,2718,2681,2720,2706,2687,2694,2689,2712,2688,2717,2692,2690,2716,2703,2713,2706,2715,2717,2681,2683,2695,2713,2704,2696,2687,2713,2713,2685,2692,2718,2704,2688,2705,2686,2702
44,440,left,3201,3119,3207,3166,3233,3040,3078,3160,3179,3045,3138,3205,3084,3117,3246,3195,3196,3094,3145,3238,3290,3294,3118,3311,3248,3202,3043,3246,3061,3218,3130,3009,2710,2680,2706,2687,2687,2727,2695,2719,2714,2677,2721,2688,2683,2702,2699,2729,2670,2687,2703,2694,2716,2679,2699,2722,2684,2674,2713,2682,2697,2707,2724,2712,2687,2690,2685,2701,2687,2685,2704,2712,2705,2695,2711,2697,2709,2705,2712,2683,2700,2685,2681,2695,2702,2714,2713,2699,2712,2716,2686,2712,2707,2692,2695,2715
45,450,left,3060,3108,3304,3263,3097,3165,3289,3070,3173,3042,3220,3241,3179,2990,3130,3021,3096,3035,3151,3312,2986,3075,3127,3091,3020,3262,3068,3163,3144,3165,3050,3022,2687,2695,2723,2696,2721,2700,2726,2700,2696,2678,2705,2701,2718,2709,2699,2671,2683,2728,2687,2681,2676,2695,2685,2671,2723,2690,2673,2729,2676,2702,2696,2688,2682,2690,2709,2699,2711,2693,2706,2715,2682,2704,2681,2691,2693,2685,2702,2681,2718,2713,2695,2713,2715,2684,2718,2711,2688,2705,2692,2681,2689,2683,2719,2693
46,460,left,3121,3047,3230,3246,3164,3060,3007,3063,3238,3314,3176,3243,3226,3265,3243,3253,3080,3064,3126,3092,3038,3241,3261,3126,3246,3087,3161,3045,3274,3021,3057,3007,2710,2676,2674,2701,2710,2707,2703,2687,2701,2691,2686,2682,2670,2720,2676,2716,2670,2678,2712,2678,2722,2725,2723,2716,2686,2676,2710,2723,2688,2701,2697,2718,2704,2708,2703,2684,2693,2704,2683,2686,2689,2701,2694,2699,2681,2697,2695,2701,2717,2683,2714,2691,2710,2709,2681,2698,2702,2719,2695,2689,2681,2719,2685,2694
47,470,left,2970,3208,3021,3281,3209,3219,3292,3088,3027,3239,3147,3181,3268,3041,3081,3031,3263,3149,3191,3192,3020,3250,3224,3081,3152,3271,3107,3257,3223,3038,3061,3152,2695,2692,2677,2707,2678,2698,2670,2727,2727,2718,2689,2692,2675,2718,2688,2716,2716,2673,2716,2675,2723,2689,2677,2728,2685,2723,2701,2710,2671,2706,2676,2674,2702,2707,2680,2714,2682,2714,2703,2700,2717,2713,2696,2684,2684,2708,2714,2710,2704,2693,2704,2706,2712,2711,2717,2711,2688,2709,2696,2710,2686,2705,2693,2680
48,480,left,3245,3094,3178,3172,3188,3308,3036,3044,3147,3001,3292,3013,3163,3061,3005,3081,3304,3181,3245,3209,3075,3274,3156,2959,3012,3276,3053,3101,3238,3071,3080,3176,2679,2708,2707,2698,2677,2713,2695,2680,2678,2704,2709,2715,2727,2719,2722,2682,2719,2714,2710,2682,2707,2716,2673,2690,2676,2728,2716,2691,2690,2717,2686,2686,2703,2683,2713,2716,2693,2706,2692,2696,2691,2703,2689,2690,2701,2709,2703,2695,2683,2713,2689,2688,2716,2704,2683,2698,2697,2699,2718,2715,2694,2694,2699,2713
49,490,left,3057,3274,3204,3155,3110,3126,3207,3268,3235,3182,3307,3278,2993,3072,3053,3081,3093,3089,3345,3168,3166,3217,3157,3050,3082,3295,3248,3273,3243,3309,3274,3117,2704,2685,2701,2728,2705,2723,2687,2671,2711,2709,2701,2678,2727,2680,2680,2683,2708,2721,2673,2717,2697,2670,2713,2711,2711,2673,2698,2705,2701,2680,2719,2677,2680,2682,2693,2710,2709,2702,2704,2682,2698,2692,2694,2685,2692,2703,2708,2696,2700,2712,2703,2697,2709,2682,2717,2690,2702,2713,2711,2694,2684,2705,2709,2692
50,500,left,3277,3228,3186,3135,2994,3169,3168,3250,3200,3165,3291,3179,3089,3332,3094,3179,3071,3054,3181,3292,3225,3033,3247,3217,3024,2982,3312,3182,3040,3016,3171,3056,2713,2724,2715,2701,2693,2689,2676,2684,2728,2709,2704,2692,2713,2722,2705,2725,2729,2727,2690,2689,2725,2713,2706,2711,2726,2677,2720,2691,2718,2709,2727,2699,2708,2687,2717,2684,2706,2710,2713,2700,2681,2703,2704,2709,2705,2680,2687,2698,2692,2695,2693,2696,2712,2687,2707,2707,2715,2683,2693,2687,2681,2703,2705,2693
51,510,left,3204,3239,3035,3100,3192,2990,3169,3301,3154,3005,3191,3200,3083,3053,3151,3256,2977,3004,3222,3290,3179,3046,3217,3147,3123,3278,3044,3213,3209,3034,3115,3078,2673,2695,2683,2696,2687,2716,2708,2728,2696,2702,2681,2703,2690,2703,2695,2698,2672,2701,2697,2699,2679,2685,2686,2672,2696,2729,2692,2671,2722,2702,2724,2729,2686,2682,2709,2705,2704,2682,2697,2686,2710,2697,2681,2685,2712,2690,2684,2702,2700,2699,2694,2696,2712,2682,2718,2699,2687,2719,2686,2690,2682,2690,2699,2716
52,520,left,3276,3171,3141,3142,3061,3225,3135,3104,2984,3275,3148,3111,3062,3262,3154,3125,3306,3211,3006,3264,3137,3050,3177,3220,3229,3166,3052,3089,3260,3174,3237,3199,2707,2673,2696,2704,2671,2685,2715,2715,2723,2708,2695,2716,2676,2717,2711,2717,2713,2675,2670,2672,2725,2687,2716,2674,2703,2704,2689,2715,2685,2721,2721,2716,2689,2692,2704,2683,2688,2705,2702,2694,2702,2690,2687,2691,2681,2687,2689,2685,2702,2703,2696,2717,2716,2699,2697,2719,2692,2685,2703,2713,2693,2712,2689,2716
53,530,left,3125,3010,3283,3102,3060,3214,3195,3163,3104,3225,3077,3287,3005,3120,3147,3029,3101,3204,3223,3110,3038,3039,3144,3117,3071,3102,3143,3219,3226,3115,2993,3040,2718,2700,2714,2673,2684,2677,2680,2680,2708,2689,2704,2686,2707,2726,2689,2715,2676,2689,2706,2702,2695,2697,2728,2694,2703,2707,2706,2728,2703,2681,2711,2676,2681,2697,2692,2719,2708,2691,2697,2709,2707,2680,2713,2714,2686,2694,2706,2711,2682,2685,2717,2700,2705,2695,2688,2709,2713,2682,2692,2704,2706,2715,2716,2718
54,540,left,3150,3172,3209,3027,3189,3231,3221,3275,3291,3293,3317,3117,3101,3299,3179,3164,3056,3194,3116,3201,3273,3227,3114,3112,3077,3089,3214,3027,3095,3201,3123,3248,2702,2704,2701,2712,2713,2726,2682,2718,2682,2729,2685,2689,2682,2721,2716,2706,2700,2721,2680,2694,2693,2707,2698,2685,2700,2728,2687,2699,2691,2674,2706,2689,2709,2684,2711,2688,2688,2700,2693,2704,2697,2681,2699,2712,2713,2704,2693,2683,2706,2688,2693,2714,2682,2699,2704,2683,2683,2713,2682,2718,2696,2703,2682,2711
55,550,left,3211,3184,3005,3133,3171,3104,3275,3179,3186,3171,3117,3337,3267,3160,3089,3240,3040,3034,3234,3236,3223,3198,3206,3145,3102,3040,3290,3285,3178,3100,3125,3033,2709,2718,2710,2712,2692,2681,2694,2693,2720,2709,2678,2712,2722,2710,2721,2685,2699,2717,2676,2677,2729,2696,2704,2729,2717,2716,2677,2722,2710,2711,2717,2681,2682,2705,2690,2690,2719,2709,2699,2706,2697,2693,2708,2689,2707,2680,2702,2686,2694,2719,2705,2700,2680,2702,2699,2693,2693,2689,2689,2696,2686,2705,2680,2690
56,560,left,3303,3259,3118,3064,3205,3114,3095,3328,3109,3213,3250,3079,3309,3085,3278,3126,3020,3096,3237,3159,3119,3264,3144,3110,3172,3268,3105,3124,3117,3120,3140,3337,2674,2676,2687,2708,2726,2699,2706,2674,2673,2709,2710,2701,2682,2726,2692,2695,2706,2675,2712,2681,2727,2703,2713,2706,2678,2727,2692,2697,2725,2728,2717,2671,2685,2718,2712,2686,2698,2683,2690,2691,2692,2690,2681,2692,2697,2712,2681,2693,2682,2692,2707,2693,2713,2698,2685,2709,2707,2697,2681,2693,2699,2681,2698,2710
57,570,left,3219,3012,3228,3210,3128,3107,3005,3268,3109,3033,3195,3193,3116,3030,3019,3086,3108,3336,3259,3172,3194,3094,3245,3130,3221,3268,3009,3080,3243,3097,2970,3034,2681,2724,2686,2695,2727,2724,2728,2717,2703,2728,2690,2698,2715,2720,2723,2675,2725,2670,2725,2720,2727,2711,2710,2729,2725,2717,2683,2698,2685,2726,2716,2695,2689,2706,2684,2696,2686,2692,2690,2711,2692,2702,2709,2712,2680,2687,2705,2697,2689,2717,2700,2696,2700,2714,2702,2708,2714,2684,2688,2696,2715,2694,2702,2705
58,580,left,3071,3028,3220,2983,3014,3051,3250,3086,3053,3014,3132,3062,3048,2997,3020,3065,3077,3094,3254,3264,3289,3194,3289,3286,3020,3188,3281,3285,3245,3185,3093,3189,2701,2699,2712,2688,2693,2701,2693,2723,2708,2685,2696,2675,2721,2682,2705,2728,2687,2681,2726,2695,2686,2725,2726,2725,2671,2670,2683,2708,2708,2702,2673,2701,2691,2694,2715,2693,2685,2694,2690,2715,2694,2704,2700,2708,2685,2703,2684,2684,2689,2700,2696,2696,2701,2716,2702,2712,2681,2707,2698,2687,2686,2713,2699,2690
59,590,left,3278,3088,3239,3113,3106,3054,3095,3319,3305,3090,3049,3263,3146,3059,3165,3142,3225,3233,3003,3106,3087,3099,3050,3211,3285,3077,3054,3036,3079,3248,3282,3337,2706,2679,2706,2700,2698,2683,2694,2722,2725,2673,2708,2711,2726,2695,2697,2685,2693,2678,2686,2688,2725,2672,2674,2693,2682,2709,2724,2672,2678,2684,2707,2709,2719,2703,2688,2716,2705,2699,2691,2694,2685,2690,2686,2704,2700,2688,2684,2694,2702,2687,2695,2697,2688,2714,2693,2683,2701,2687,2714,2691,2687,2686,2718,2693
60,600,left,3184,3150,3295,3257,3203,3065,3109,3052,3029,3185,3071,3253,3234,3099,3036,3256,3020,3185,3083,3102,3238,3087,3291,3158,3227,3117,3132,3082,3196,3238,3207,3251,2686,2698,2722,2716,2708,2697,2690,2704,2705,2716,2680,2696,2675,2715,2702,2702,2705,2710,2724,2702,2727,2723,2700,2682,2679,2670,2714,2674,2728,2680,2715,2701,2708,2712,2692,2684,2716,2687,2691,2711,2716,2713,2686,2688,2680,2694,2687,2708,2705,2704,2687,2683,2680,2692,2690,2705,2688,2715,2684,2718,2710,2719,2691,2683
61,610,left,3271,2958,3150,3034,3111,3163,3220,3081,3296,3028,3144,3175,3224,3044,3212,3085,3168,3027,3265,3048,3106,3017,3294,3063,3021,3090,3173,3174,3070,3116,3130,3266,2698,2695,2697,2707,2698,2692,2699,2698,2682,2726,2728,2692,2706,2721,2708,2700,2695,2720,2707,2726,2681,2682,2725,2724,2720,2680,2686,2725,2702,2685,2694,2700,2689,2715,2691,2703,2704,2698,2685,2686,2712,2708,2684,2708,2700,2683,2689,2704,2715,2712,2704,2689,2718,2685,2693,2703,2696,2695,2682,2696,2700,2694,2684,2704
62,620,left,3147,3165,3200,3087,3175,3193,3096,3222,3038,3225,3001,3250,3084,3026,3177,3102,3172,3027,3048,3006,3079,3302,3214,3244,3056,3211,3146,3191,3127,3233,3108,3191,2692,2724,2683,2678,2697,2729,2722,2683,2696,2697,2726,2671,2718,2676,2687,2728,2676,2681,2710,2729,2728,2671,2675,2699,2720,2711,2705,2720,2687,2697,2718,2707,2700,2698,2691,2705,2711,2683,2707,2695,2681,2691,2696,2719,2706,2706,2681,2700,2692,2690,2719,2689,2689,2718,2713,2689,2693,2703,2685,2707,2684,2708,2680,2696
63,630,left,3012,3246,3003,3233,3245,3230,3184,3147,3151,3218,3270,3237,3216,3068,3148,3158,3179,3031,3064,3126,3111,3111,3191,3120,3274,3173,3082,3279,3265,3166,3159,3179,2712,2699,2726,2680,2701,2674,2719,2682,2726,2687,2680,2715,2702,2714,2683,2704,2705,2676,2682,2685,2680,2712,2700,2703,2692,2716,2686,2725,2706,2671,2672,2705,2706,2681,2702,2700,2715,2714,2710,2713,2714,2681,2682,2689,2695,2717,2684,2702,2688,2718,2707,2686,2689,2709,2691,2686,2698,2683,2712,2689,2705,2716,2717,2695
64,640,left,3131,3193,3284,3044,3138,3161,3228,3006,3240,3065,3229,3106,3210,3271,3343,3007,3277,3025,2984,3187,3199,3134,2971,3231,3144,3155,3261,3144,3078,3170,3090,3217,2709,2719,2717,2711,2726,2678,2718,2679,2712,2712,2719,2688,2680,2726,2680,2686,2724,2717,2706,2724,2721,2678,2686,2670,2686,2718,2696,2700,2727,2703,2681,2728,2697,2694,2686,2707,2715,2686,2700,2687,2703,2706,2718,2706,2713,2696,2689,2712,2718,2702,2716,2704,2714,2702,2681,2681,2698,2690,2707,2692,2709,2680,2709,2702
65,650,left,3042,3273,3130,3173,3203,3229,3005,3207,3152,3123,3105,3283,3046,3060,3089,3219,3080,3214,3085,3061,3218,2971,3273,3136,3302,3224,3183,3180,3210,2999,3197,3209,2681,2673,2691,2709,2705,2728,2678,2729,2728,2729,2704,2713,2700,2685,2688,2724,2698,2680,2712,2709,2706,2682,2726,2724,2687,2684,2727,2697,2721,2712,2671,2678,2715,2715,2685,2715,2719,2711,2682,2699,2697,2691,2708,2699,2706,2682,2709,2692,2703,2718,2715,2688,2692,2698,2680,2711,2684,2719,2697,2711,2690,2695,2715,2709
66,660,left,3073,3172,3188,3075,3208,3180,2975,3167,2992,3269,3183,3300,3102,3060,3241,3264,3137,3233,3147,3015,3035,3166,3231,3148,3266,3014,3281,3209,3215,3037,3225,3253,2676,2700,2713,2699,2687,2691,2673,2672,2705,2676,2729,2699,2673,2676,2712,2705,2702,2716,2726,2720,2693,2685,2718,2700,2701,2672,2687,2672,2682,2702,2720,2722,2710,2707,2704,2710,2680,2689,2710,2704,2695,2714,2714,2706,2704,2693,2689,2703,2689,2706,2713,2701,2715,2681,2702,2719,2702,2680,2699,2702,2680,2719,2715,2698
67,670,left,3229,3048,3188,3143,3140,3238,3062,3145,3027,3137,3288,3174,3260,3163,2989,3050,3229,3060,3193,3028,2997,3109,3198,3165,3178,2963,3260,3119,3268,3034,3154,3027,2719,2718,2682,2702,2696,2683,2728,2716,2694,2670,2706,2717,2714,2719,2683,2684,2674,2694,2696,2698,2692,2691,2716,2674,2705,2713,2673,2707,2716,2676,2706,2692,2685,2713,2691,2718,2708,2699,2708,2712,2685,2698,2718,2700,2707,2693,2684,2714,2712,2685,2694,2696,2697,2685,2694,2700,2691,2719,2698,2695,2700,2707,2709,2707
68,680,left,3242,3063,3273,3273,3040,3035,3109,3149,3025,3138,3013,3217,3195,3145,3275,3141,3124,3163,3068,3053,3071,3331,3224,3322,3217,3185,3058,3238,3066,3008,3032,3335,2678,2717,2682,2674,2722,2716,2678,2689,2713,2713,2700,2674,2713,2692,2673,2688,2725,2702,2717,2716,2699,2700,2711,2727,2676,2725,2707,2676,2702,2718,2700,2690,2687,2719,2684,2690,2685,2683,2718,2696,2716,2685,2685,2685,2682,2699,2681,2697,2688,2684,2687,2703,2706,2705,2705,2691,2706,2714,2694,2716,2717,2688,2686,2700
69,690,left,3287,3326,3342,3137,3140,3191,3036,3052,3308,3097,3161,3102,3061,3077,3244,3120,2986,3126,3297,3218,3223,3138,3088,3091,3244,3027,3225,3071,3037,3099,3123,3178,2706,2706,2674,2703,2675,2683,2697,2684,2728,2725,2717,2724,2686,2724,2726,2706,2680,2674,2704,2693,2727,2678,2679,2671,2696,2698,2694,2691,2677,2720,2690,2703,2696,2680,2680,2682,2704,2693,2705,2706,2709,2715,2703,2701,2713,2707,2694,2697,2690,2715,2708,2684,2710,2705,2703,2682,2696,2693,2710,2683,2684,2707,2713,2683
70,700,left,3037,3052,3258,2972,3064,3140,3087,3273,3268,3171,3080,3243,3266,3003,3198,3237,2963,3309,3106,3311,3041,3244,3125,3294,3130,3164,3126,3016,3166,3109,3128,3265,2703,2714,2718,2688,2700,2703,2685,2677,2728,2679,2685,2693,2712,2689,2692,2684,2690,2699,2692,2679,2716,2713,2719,2683,2685,2675,2685,2671,2700,2729,2679,2693,2710,2692,2700,2708,2691,2691,2708,2692,2713,2699,2692,2691,2709,2697,2719,2685,2691,2704,2704,2682,2690,2707,2708,2690,2711,2707,2719,2705,2716,2704,2689,2695
71,710,left,3082,3128,3162,3055,3002,3295,3047,3283,3112,3153,3169,3045,3111,3232,3298,3105,3057,3298,3168,3235,3002,3179,3298,3053,3225,3108,3152,3249,3043,3239,3294,3187,2707,2715,2670,2701,2722,2718,2714,2672,2724,2713,2703,2706,2710,2680,2690,2687,2690,2695,2677,2714,2710,2710,2706,2689,2713,2693,2709,2697,2670,2676,2694,2673,2713,2718,2689,2693,2682,2694,2705,2682,2686,2693,2683,2711,2681,2700,2691,2708,2714,2719,2718,2706,2681,2682,2700,2713,2714,2700,2690,2681,2715,2702,2695,2688
72,720,left,3172,3233,3146,3134,3034,3049,3192,3062,3079,3206,3131,3028,2994,3186,3131,3087,3035,3053,3189,3190,3093,3044,3042,3094,3062,2984,3228,3147,3307,3333,3120,3014,2680,2717,2728,2720,2674,2675,2716,2709,2690,2716,2698,2683,2721,2717,2685,2676,2721,2711,2719,2674,2709,2681,2701,2715,2696,2695,2695,2688,2674,2727,2678,2687,2712,2684,2708,2692,2690,2687,2709,2695,2692,2714,2707,2690,2702,2692,2719,2718,2696,2703,2680,2687,2696,2687,2689,2682,2719,2688,2713,2705,2694,2695,2716,2705
73,730,left,3033,3268,3012,2998,3234,3198,3120,3257,3228,3118,3215,3070,3160,3103,3140,3222,3050,3040,3315,3256,2981,3138,3142,3103,3179,3326,3284,3045,3042,3304,3115,3039,2700,2676,2671,2721,2686,2698,2716,2726,2705,2703,2684,2691,2682,2703,2721,2726,2693,2694,2689,2685,2723,2679,2715,2723,2707,2699,2675,2679,2681,2688,2708,2716,2709,2704,2709,2702,2709,2708,2693,2710,2714,2691,2699,2695,2685,2698,2713,2714,2689,2699,2707,2690,2686,2682,2706,2701,2683,2704,2713,2680,2680,2693,2699,2690
74,740,left,2964,3320,3292,3124,3038,3306,3247,3185,3065,3160,3122,3089,3279,3101,3255,3131,3152,3170,3027,3105,3023,3068,3261,3065,3040,3283,3110,3033,3133,3043,3222,3123,2719,2674,2719,2674,2699,2714,2702,2716,2724,2714,2696,2691,2727,2671,2671,2672,2718,2727,2696,2724,2670,2729,2686,2706,2707,2715,2703,2683,2680,2673,2721,2702,2697,2690,2682,2715,2695,2682,2701,2707,2681,2710,2717,2700,2696,2690,2682,2697,2711,2702,2699,2703,2713,2680,2686,2702,2703,2713,2712,2708,2684,2714,2688,2713
75,750,left,3117,3024,3176,2996,3142,3080,3166,2975,3125,3161,3059,3291,2970,3022,3308,3038,3129,3175,3133,3154,3108,3242,3212,3251,3045,3297,2957,3220,3091,3194,3192,3033,2673,2679,2698,2706,2716,2704,2702,2695,2670,2718,2702,2710,2689,2700,2689,2723,2707,2714,2716,2675,2686,2719,2704,2678,2705,2704,2678,2700,2683,2705,2693,2698,2710,2715,2696,2704,2709,2689,2707,2680,2692,2689,2682,2707,2697,2687,2702,2684,2707,2688,2716,2699,2718,2702,2718,2697,2716,2696,2689,2696,2691,2699,2719,2712
76,760,left,3098,3334,3038,3080,3009,3095,3036,3012,3198,3178,3056,3006,3307,3190,3044,3007,3051,3265,3206,3095,3211,3246,3230,3048,3059,3136,3118,3072,3077,3272,3049,3287,2715,2703,2710,2716,2703,2702,2708,2715,2681,2700,2705,2685,2722,2684,2727,2683,2719,2672,2705,2700,2718,2710,2728,2726,2692,2727,2709,2717,2686,2715,2686,2687,2681,2705,2682,2706,2702,2719,2698,2681,2704,2693,2682,2711,2706,2681,2699,2712,2718,2702,2717,2683,2717,2709,2708,2698,2708,2712,2711,2682,2715,2696,2687,2681
77,770,left,3297,3101,3309,3141,3158,3012,3154,2971,3259,3178,3123,3148,3211,3176,3022,3254,3220,2957,3172,3046,3070,3301,3231,3233,3024,3084,3285,2961,3165,3249,3254,3052,2712,2705,2714,2718,2702,2687,2697,2716,2692,2696,2728,2671,2676,2715,2722,2683,2727,2693,2670,2705,2696,2718,2720,2680,2709,2717,2677,2722,2680,2727,2708,2708,2703,2697,2681,2719,2683,2682,2695,2714,2705,2684,2709,2684,2680,2703,2698,2712,2708,2695,2685,2703,2683,2688,2714,2689,2693,2719,2718,2711,2712,2682,2699,2689
78,780,left,3228,3062,3161,3130,3119,3260,3012,3241,3243,3045,3225,3136,3062,3035,3074,3001,3183,3076,3047,3023,3071,3153,3254,3054,3179,3288,3176,3121,2995,3097,3115,3079,2711,2699,2705,2694,2720,2726,2674,2678,2703,2712,2719,2718,2708,2726,2681,2695,2675,2716,2672,2677,2681,2696,2704,2672,2672,2683,2714,2707,2706,2727,2718,2689,2688,2706,2684,2696,2719,2691,2682,2711,2699,2683,2707,2680,2685,2713,2683,2706,2719,2709,2680,2711,2687,2700,2680,2713,2698,2702,2686,2705,2690,2686,2696,2696
79,790,left,3156,3272,3083,3042,3020,3240,3070,3277,3249,3022,3179,3234,3121,3269,3163,3299,3194,3020,3042,3063,3143,3147,3175,3147,3183,3157,3029,3060,3271,3079,3058,3111,2697,2727,2695,2698,2695,2706,2711,2671,2690,2722,2708,2712,2670,2681,2674,2712,2710,2703,2727,2715,2671,2673,2725,2707,2688,2687,2686,2720,2678,2707,2694,2695,2695,2685,2700,2692,2703,2709,2718,2702,2688,2711,2702,2710,2680,2710,2681,2705,2699,2717,2712,2697,2706,2682,2695,2685,2701,2686,2709,2682,2717,2681,2708,2691
80,800,left,3231,3181,3228,3108,3232,3202,3259,3073,3137,3029,3148,3239,3106,3046,3148,3216,3280,3062,3203,3190,3219,2998,3146,3238,3113,3234,3230,3083,3272,3005,3133,3117,2722,2689,2712,2698,2710,2690,2719,2704,2687,2714,2703,2722,2702,2689,2674,2713,2714,2716,2727,2691,2713,2703,2728,2715,2677,2727,2706,2684,2691,2717,2700,2678,2703,2688,2706,2715,2693,2691,2689,2685,2716,2707,2717,2702,2698,2709,2695,2688,2683,2696,2687,2680,2706,2686,2690,2695,2695,2690,2708,2701,2691,2695,2700,2681
81,810,left,3181,3064,3084,3289,3252,3112,3187,3327,3124,3253,3152,3327,3269,3201,3170,3183,3305,3213,3207,3069,3099,3135,3156,3305,3193,3081,2989,3164,3126,3196,3232,3072,2729,2710,2728,2683,2713,2692,2724,2674,2686,2693,2729,2728,2723,2728,2707,2685,2686,2673,2722,2709,2681,2688,2697,2680,2705,2720,2679,2717,2716,2726,2703,2705,2683,2681,2705,2719,2686,2701,2688,2694,2700,2683,2704,2689,2687,2685,2708,2712,2719,2712,2690,2695,2696,2683,2703,2701,2712,2683,2682,2705,2686,2718,2697,2697
82,820,left,3253,3109,3067,3100,3064,3283,3060,3060,3221,3050,3165,3071,3179,3016,3206,3159,3086,3081,3133,3264,3187,3047,3071,3079,3129,3094,3081,3136,3188,3058,3021,3177,2680,2690,2714,2672,2701,2712,2726,2725,2711,2673,2691,2691,2692,2695,2695,2719,2705,2716,2685,2712,2698,2718,2701,2674,2680,2700,2721,2670,2702,2700,2695,2709,2687,2701,2687,2704,2719,2693,2700,2713,2703,2719,2719,2706,2707,2713,2680,2715,2689,2715,2684,2710,2686,2713,2686,2697,2686,2695,2718,2694,2688,2680,2680,2702
83,830,left,3204,3045,3124,2997,3175,3082,3033,3271,3223,3299,3199,3083,2993,3262,3016,3161,3109,3125,3125,3037,2974,3308,3177,3267,3102,3139,3130,3100,3146,3220,3233,3198,2703,2690,2671,2706,2701,2705,2688,2709,2714,2728,2687,2695,2724,2720,2721,2718,2688,2721,2698,2709,2723,2691,2701,2715,2700,2677,2676,2723,2697,2715,2684,2680,2688,2698,2696,2708,2692,2717,2716,2701,2707,2717,2696,2702,2713,2692,2706,2702,2712,2682,2692,2718,2681,2705,2680,2709,2715,2707,2697,2687,2680,2715,2705,2708
84,840,left,3060,3195,3235,3224,3007,3082,3055,3293,3004,3012,3089,2986,3143,3128,3314,2977,3168,3104,3262,3092,3057,3239,3153,3061,3136,3264,3116,3010,3295,3258,3010,3006,2677,2725,2688,2710,2672,2714,2694,2683,2685,2717,2684,2694,2728,2693,2671,2691,2682,2707,2699,2722,2683,2693,2719,2721,2678,2710,2678,2683,2710,2716,2711,2691,2683,2698,2713,2685,2707,2691,2703,2710,2696,2693,2681,2698,2686,2684,2716,2705,2680,2718,2711,2704,2717,2704,2690,2707,2704,2694,2681,2697,2689,2684,2689,2686
85,850,left,3215,3152,3135,3041,3281,3074,3287,3185,3163,3184,3168,3138,3126,3225,3121,3331,2994,3273,3101,3018,3214,3222,3050,3197,3059,3155,3234,3246,3277,3238,3032,3204,2678,2716,2703,2676,2697,2726,2704,2723,2713,2724,2671,2690,2671,2717,2708,2670,2670,2708,2688,2709,2698,2705,2672,2711,2727,2674,2695,2702,2673,2682,2685,2703,2693,2693,2694,2717,2688,2694,2691,2710,2690,2681,2710,2693,2680,2719,2682,2717,2697,2712,2681,2680,2694,2684,2711,2690,2693,2712,2690,2686,2680,2712,2706,2701
86,860,left,3058,3083,3035,2971,3057,3235,3089,3167,3318,3109,3160,3101,2958,2992,3200,3130,3164,3001,3041,3138,3128,3254,3110,3031,3167,3317,3054,2990,3230,3151,3204,3254,2712,2727,2698,2699,2693,2682,2692,2722,2680,2715,2671,2725,2675,2683,2721,2698,2729,2707,2729,2700,2700,2710,2686,2694,2670,2717,2703,2705,2696,2692,2708,2711,2696,2719,2686,2687,2702,2695,2685,2681,2694,2704,2688,2703,2718,2707,2682,2692,2697,2710,2709,2701,2696,2709,2705,2719,2703,2683,2686,2703,2695,2682,2698,2683
87,870,left,3319,3062,3122,3089,2998,3105,3244,3186,3086,3037,3002,3196,3278,3232,3133,3046,3154,3062,3170,3324,3181,3216,3288,3158,3070,3104,3332,3163,3182,3012,3208,3045,2680,2688,2670,2718,2683,2684,2716,2729,2728,2679,2688,2728,2700,2680,2686,2684,2715,2706,2710,2723,2693,2699,2670,2673,2672,2714,2670,2683,2687,2682,2703,2679,2719,2717,2683,2710,2704,2714,2689,2682,2696,2699,2718,2716,2707,2719,2712,2691,2700,2680,2705,2691,2709,2694,2709,2682,2711,2712,2682,2692,2695,2692,2703,2719
88,880,left,3104,3213,3132,3055,3159,3290,3223,3017,3214,3055,3152,3085,3143,3305,3054,2984,3269,3228,3071,3191,3301,3179,3146,3293,3036,3160,3243,3130,3150,3042,3164,3227,2699,2688,2695,2712,2729,2673,2710,2721,2673,2694,2709,2695,2682,2698,2679,2686,2707,2724,2697,2717,2726,2728,2670,2695,2714,2712,2697,2681,2727,2724,2693,2708,2687,2705,2701,2692,2708,2717,2707,2680,2689,2699,2716,2694,2713,2684,2702,2706,2704,2680,2707,2680,2711,2685,2697,2681,2702,2687,2698,2712,2717,2702,2717,2713
89,890,left,3125,3018,3259,3169,3172,3245,3197,3120,3254,3022,3291,3039,3225,3248,3039,3166,3176,3273,3323,3226,3025,3182,3104,3054,3203,3150,3275,3319,3220,3265,3142,3058,2711,2681,2705,2689,2678,2694,2717,2714,2705,2714,2712,2709,2708,2706,2719,2700,2684,2719,2670,2698,2692,2693,2684,2691,2681,2691,2686,2706,2724,2701,2722,2717,2699,2711,2682,2691,2712,2704,2680,2710,2709,2696,2713,2685,2703,2680,2717,2713,2682,2710,2682,2714,2687,2695,2704,2710,2691,2699,2688,2694,2691,2710,2705,2689
90,900,left,3133,3068,3076,3135,3061,3195,2984,3223,3318,3038,3260,3087,3176,3166,3195,3093,3272,3067,3209,3025,3131,3042,3138,3221,3105,3013,3128,3115,3304,2998,3313,3023,2723,2684,2691,2692,2721,2684,2711,2672,2671,2713,2692,2685,2703,2718,2677,2687,2695,2716,2691,2728,2683,2705,2706,2692,2722,2674,2725,2691,2677,2678,2725,2694,2681,2681,2681,2708,2714,2693,2692,2703,2698,2691,2694,2696,2717,2686,2681,2700,2699,2694,2707,2698,2714,2708,2702,2702,2717,2700,2703,2710,2712,2691,2707,2714
91,910,left,3331,3266,3096,3070,3077,3056,3141,3119,3008,3145,3105,3197,3008,3197,3264,3093,3234,3002,3116,3072,3024,3244,3067,3100,3058,3092,3173,3200,3143,3068,3200,3298,2687,2688,2700,2707,2679,2712,2718,2689,2708,2682,2703,2719,2702,2680,2679,2686,2704,2676,2715,2706,2716,2725,2720,2691,2698,2672,2715,2695,2695,2673,2702,2709,2693,2686,2711,2686,2694,2706,2711,2688,2711,2713,2694,2719,2700,2695,2692,2689,2715,2698,2684,2688,2681,2718,2687,2713,2718,2705,2710,2698,2705,2711,2683,2685
92,920,left,3111,3154,3202,3142,3291,3294,3123,3202,3123,3065,3062,3280,2987,3314,3030,3213,3132,3032,3280,3253,3143,3091,2989,3076,3271,3116,3216,3162,3062,3045,3063,3245,2727,2705,2672,2706,2681,2709,2693,2715,2713,2672,2684,2728,2716,2701,2695,2715,2681,2691,2675,2707,2692,2671,2720,2685,2717,2700,2699,2706,2725,2720,2715,2711,2700,2708,2688,2695,2705,2691,2692,2702,2693,2681,2681,2713,2711,2687,2706,2718,2691,2699,2703,2696,2714,2716,2694,2719,2683,2704,2707,2703,2688,2717,2707,2685
93,930,left,3209,3244,3038,3133,3112,3257,3134,3317,3099,3040,3145,3002,3090,3014,3115,3102,3312,3057,3183,3104,3106,3270,3175,3194,3315,3191,3244,2977,3198,3041,3214,3339,2679,2728,2674,2684,2676,2725,2723,2710,2671,2703,2705,2702,2724,2673,2694,2715,2681,2729,2693,2680,2703,2693,2720,2695,2698,2716,2721,2713,2696,2711,2718,2717,2706,2685,2681,2719,2688,2698,2696,2686,2716,2691,2713,2694,2714,2715,2688,2713,2681,2708,2699,2708,2691,2706,2688,2709,2688,2713,2696,2693,2695,2683,2711,2681
94,940,left,3231,3202,3123,3194,3088,3130,3126,3156,3198,3069,3068,3060,3290,3274,3204,3005,3106,3093,3219,3057,3280,3108,3153,3091,3189,3207,3072,3217,3244,3004,3253,3010,2705,2679,2708,2677,2692,2701,2693,2690,2702,2707,2695,2691,2696,2712,2671,2702,2697,2682,2693,2681,2670,2696,2721,2728,2702,2687,2700,2719,2699,2696,2676,2721,2717,2704,2698,2696,2685,2713,2696,2703,2706,2694,2685,2716,2699,2695,2710,2715,2702,2695,2699,2696,2685,2685,2712,2686,2690,2680,2704,2695,2708,2704,2696,2700
95,950,left,3000,3225,3090,3064,3195,3152,3096,3222,3095,3124,3160,3188,3219,3114,2969,3131,3210,3055,3227,3155,3104,3033,3053,3166,2976,3263,3205,3043,3307,3068,3318,3282,2720,2729,2684,2678,2682,2674,2729,2729,2685,2680,2728,2677,2707,2693,2696,2706,2673,2713,2702,2672,2681,2700,2706,2719,2708,2728,2695,2681,2728,2682,2725,2713,2691,2701,2700,2705,2718,2709,2689,2692,2684,2693,2682,2683,2714,2708,2717,2683,2702,2698,2717,2706,2681,2714,2710,2686,2698,2701,2701,2708,2685,2681,2701,2717
96,960,left,3019,3220,3168,3080,3292,3161,3122,3107,3287,3288,3225,3085,3216,3198,3291,3155,3296,3046,3004,3165,3036,3305,3205,3111,3215,3094,3218,3302,3224,3005,3271,3079,2674,2694,2684,2717,2672,2680,2685,2718,2711,2673,2684,2703,2684,2703,2697,2725,2726,2691,2720,2716,2720,2722,2670,2725,2702,2676,2711,2674,2680,2700,2724,2719,2700,2711,2719,2683,2680,2698,2697,2703,2715,2708,2693,2702,2719,2681,2695,2683,2696,2689,2703,2682,2700,2689,2685,2712,2688,2701,2712,2712,2696,2681,2690,2691
97,970,left,3168,3288,3230,3252,3053,3123,3302,3016,3201,3110,3177,3107,3186,3241,3221,2975,3156,3166,2991,3165,3073,3088,3101,3010,3102,3056,3281,3088,3324,3198,3140,3276,2689,2671,2691,2692,2675,2683,2702,2690,2683,2724,2704,2722,2679,2720,2713,2712,2700,2675,2727,2709,2710,2687,2684,2682,2689,2720,2679,2674,2720,2704,2692,2717,2699,2711,2700,2707,2692,2696,2692,2713,2701,2697,2710,2702,2707,2709,2712,2714,2713,2699,2716,2712,2711,2711,2719,2695,2681,2719,2697,2713,2718,2714,2686,2703
98,980,left,3173,3110,3053,3060,3071,3221,3034,3043,3162,3170,3076,3183,3195,3258,3246,3032,3001,3117,3026,3045,3030,3122,3214,2985,3153,3266,3196,3099,3246,3251,3105,3145,2679,2676,2721,2688,2725,2684,2678,2676,2671,2716,2690,2707,2688,2726,2676,2699,2728,2726,2680,2712,2688,2706,2686,2704,2700,2702,2673,2676,2684,2694,2704,2720,2708,2699,2719,2712,2687,2704,2690,2705,2717,2717,2684,2688,2712,2689,2693,2708,2691,2700,2688,2712,2680,2711,2701,2712,2688,2708,2713,2711,2685,2701,2700,2683
99,990,left,3059,3052,3082,3057,3058,3169,3071,3227,3126,3034,3047,3268,3153,3234,3259,3287,3049,3262,3077,3247,3187,3236,3122,3218,3069,3048,3237,3162,3021,3072,3280,3318,2689,2670,2715,2703,2694,2715,2725,2671,2715,2704,2703,2711,2729,2714,2713,2684,2724,2673,2674,2729,2694,2710,2684,2703,2712,2679,2693,2703,2728,2676,2698,2678,2683,2692,2712,2704,2695,2684,2680,2699,2719,2695,2706,2712,2699,2698,2712,2680,2686,2684,2719,2714,2702,2699,2699,2688,2706,2697,2716,2717,2714,2704,2685,2699
100,1000,left,3215,3083,3293,3140,3112,3224,3020,3192,3191,3030,3208,3249,3137,3198,2998,3198,3085,3268,3108,3029,3046,3257,3175,3145,2986,3044,3319,3073,3059,3274,3055,3226,2679,2698,2718,2718,2713,2709,2673,2684,2715,2721,2679,2694,2706,2707,2702,2728,2690,2688,2728,2672,2694,2677,2670,2714,2707,2675,2729,2707,2720,2694,2693,2689,2706,2681,2699,2705,2710,2699,2716,2681,2717,2691,2684,2695,2712,2690,2716,2684,2692,2718,2710,2695,2710,2702,2681,2710,2718,2699,2685,2699,2681,2697,2689,2700
101,1010,left,3244,3268,3143,3250,3205,3261,3237,3014,3144,2970,3100,2995,3209,3187,3130,2998,3130,3101,3260,3093,3223,3046,3295,3054,3131,3288,3216,3046,3230,3308,3226,3147,2697,2675,2678,2728,2671,2688,2720,2698,2693,2724,2707,2677,2681,2677,2680,2710,2709,2694,2729,2696,2698,2718,2674,2705,2687,2700,2729,2688,2724,2692,2719,2716,2700,2681,2709,2711,2690,2718,2719,2692,2685,2696,2688,2685,2681,2708,2702,2685,2697,2686,2683,2716,2698,2690,2714,2717,2696,2715,2693,2705,2706,2697,2711,2713
102,1020,left,3089,3236,3190,3031,3045,3017,3164,3283,3012,3080,3331,3188,3257,3150,3240,3293,3160,3247,3022,3001,3011,3237,3298,3078,3326,3196,3013,3052,3083,3063,3074,3004,2702,2708,2726,2706,2693,2684,2700,2699,2727,2702,2688,2698,2721,2713,2724,2689,2698,2711,2714,2727,2703,2715,2702,2718,2679,2693,2673,2704,2685,2728,2674,2727,2688,2695,2702,2718,2716,2717,2691,2704,2704,2680,2717,2698,2717,2708,2709,2680,2691,2714,2699,2693,2696,2718,2689,2709,2701,2710,2712,2698,2704,2684,2714,2683
103,1030,left,3196,3271,2986,3101,3036,3264,3027,2982,3026,3226,3189,3106,3005,3165,3164,3268,3171,3035,3067,3070,2999,3021,3181,3206,3066,3260,3247,3038,3070,3046,3047,2997,2688,2713,2721,2699,2701,2687,2722,2689,2678,2677,2696,2714,2684,2713,2692,2710,2720,2722,2704,2701,2698,2712,2679,2698,2700,2713,2724,2689,2716,2725,2701,2724,2701,2684,2714,2681,2696,2696,2719,2697,2710,2719,2719,2694,2685,2706,2708,2705,2714,2707,2708,2691,2710,2686,2694,2683,2706,2680,2705,2708,2716,2692,2681,2684
104,1040,left,2987,3076,3164,3315,3003,3249,3001,3105,3120,3003,3211,3198,3093,3182,3061,2982,3090,3304,3232,3082,3289,3247,3224,3192,3225,3176,3100,3071,2958,3132,3154,3002,2672,2728,2709,2724,2723,2702,2720,2719,2709,2682,2681,2729,2707,2687,2676,2684,2720,2721,2725,2718,2673,2726,2675,2683,2711,2711,2699,2679,2719,2676,2706,2716,2684,2689,2695,2680,2714,2687,2686,2712,2699,2716,2705,2707,2694,2710,2701,2715,2690,2688,2703,2683,2714,2693,2698,2705,2719,2717,2701,2695,2703,2686,2715,2709
105,1050,left,3220,3208,3248,3139,3045,3215,3182,3190,3111,3018,3033,3150,3072,3149,3180,3148,3153,3083,3251,3148,3171,3030,3310,3192,3175,3110,3286,3261,3284,3179,3190,3251,2677,2718,2714,2696,2704,2697,2717,2679,2692,2724,2709,2701,2699,2727,2716,2680,2695,2712,2705,2681,2689,2688,2697,2718,2685,2720,2699,2685,2713,2691,2692,2708,2708,2686,2680,2685,2690,2688,2689,2717,2714,2712,2687,2688,2704,2681,2704,2713,2694,2718,2683,2710,2711,2690,2692,2683,2717,2692,2690,2719,2695,2719,2694,2703
106,1060,left,3233,3003,3210,3055,3299,3016,3098,3014,3327,3311,3026,3160,3161,3130,2989,3169,3140,3202,3194,3198,3133,3239,3100,3234,3208,3079,3106,3248,3021,3039,3153,3100,2681,2719,2728,2691,2718,2694,2713,2704,2723,2683,2674,2726,2709,2724,2720,2707,2670,2701,2687,2691,2693,2683,2707,2683,2670,2707,2715,2703,2687,2670,2716,2670,2705,2716,2706,2693,2701,2718,2704,2693,2680,2719,2689,2685,2700,2707,2689,2696,2708,2703,2682,2688,2708,2686,2683,2693,2681,2683,2680,2684,2704,2711,2719,2698
107,1070,left,3212,3224,3004,3241,3140,3276,3169,3111,3280,3096,3169,3255,3258,3247,3076,3163,3219,3299,3254,3225,3144,3228,2986,3314,3203,3310,3125,3251,3056,3290,3285,3129,2703,2676,2692,2720,2690,2687,2728,2701,2693,2674,2691,2697,2709,2681,2717,2718,2678,2720,2683,2719,2714,2692,2723,2695,2702,2717,2721,2683,2673,2671,2720,2713,2681,2687,2696,2684,2693,2710,2718,2687,2703,2694,2699,2702,2682,2698,2699,2687,2694,2697,2698,2686,2685,2698,2691,2695,2701,2682,2693,2709,2688,2709,2714,2710
108,1080,left,3112,2987,3205,3057,3252,3016,3257,3090,2981,3033,3215,3230,3064,2994,3266,3168,3076,3239,3201,3214,3292,3024,3089,3149,3310,3126,3143,3095,3148,3328,3020,3267,2678,2722,2728,2716,2725,2712,2676,2674,2684,2720,2711,2676,2695,2729,2699,2709,2699,2724,2685,2719,2729,2695,2693,2705,2722,2697,2698,2671,2684,2701,2697,2726,2717,2698,2704,2699,2680,2718,2717,2707,2689,2708,2705,2688,2714,2692,2689,2711,2719,2688,2687,2709,2713,2682,2684,2693,2689,2688,2712,2706,2689,2697,2683,2700
109,1090,left,3044,3264,3338,3055,3098,3157,3291,3029,3123,3005,3298,3058,3013,3210,3006,3157,3011,3224,3077,3300,3166,3063,3266,3126,3203,3298,3092,3064,3145,3061,3017,3060,2713,2675,2713,2720,2686,2694,2691,2705,2719,2700,2689,2685,2671,2691,2727,2713,2715,2707,2691,2708,2672,2684,2719,2707,2682,2688,2705,2703,2695,2677,2673,2727,2691,2697,2713,2714,2704,2712,2683,2706,2714,2707,2709,2689,2700,2691,2695,2711,2719,2719,2705,2714,2692,2712,2689,2691,2683,2699,2698,2684,2683,2708,2697,2711
110,1100,left,3072,3085,3104,3164,3078,3170,3159,3011,3049,3162,3024,3205,3109,3251,3062,3143,3235,3053,3028,3059,3243,3259,3223,3170,3087,3088,3152,2994,3030,3164,3131,3231,2699,2677,2714,2692,2707,2704,2702,2716,2727,2674,2672,2700,2670,2705,2709,2703,2701,2717,2702,2678,2718,2714,2694,2680,2718,2727,2723,2699,2697,2682,2688,2676,2694,2688,2716,2700,2689,2695,2711,2691,2711,2704,2697,2681,2690,2693,2714,2701,2694,2700,2716,2701,2701,2697,2686,2708,2710,2716,2707,2700,2691,2682,2717,2694
111,1110,left,3118,3095,3137,3286,3030,3046,3139,3110,3041,3209,3122,3051,3159,3000,3182,3293,2991,3089,3235,3136,3084,3012,3193,3034,3050,3063,3216,3038,3000,3025,3192,3243,2675,2689,2693,2720,2724,2679,2696,2689,2690,2685,2695,2686,2718,2672,2680,2713,2702,2699,2696,2724,2697,2692,2698,2681,2678,2726,2682,2684,2702,2711,2678,2696,2685,2699,2707,2711,2697,2691,2687,2686,2691,2693,2711,2713,2698,2703,2704,2687,2714,2683,2706,2711,2700,2707,2686,2692,2687,2687,2698,2693,2703,2717,2715,2684
112,1120,left,3095,3072,3253,3014,3138,3084,3077,3135,3182,3039,3184,3084,3014,3237,3225,3062,3155,3278,3165,3020,3114,3062,3066,3252,3216,3029,3111,3124,3317,3104,3165,3015,2679,2686,2692,2696,2695,2695,2717,2718,2691,2694,2679,2700,2727,2690,2690,2687,2693,2714,2704,2723,2682,2683,2717,2676,2708,2672,2675,2703,2711,2719,2687,2683,2715,2708,2694,2704,2714,2700,2681,2719,2693,2713,2693,2719,2718,2708,2706,2719,2692,2709,2706,2706,2692,2711,2717,2716,2687,2706,2698,2687,2703,2712,2685,2682
113,1130,left,3199,2970,3263,3002,2970,3031,3271,3113,3078,3209,3103,3039,3173,3220,3083,3265,3276,3252,3189,3113,3124,2987,3110,3126,3226,3149,3157,3084,3135,3135,3050,3236,2695,2727,2678,2704,2704,2693,2729,2698,2671,2678,2677,2700,2705,2685,2709,2693,2682,2672,2695,2698,2684,2677,2707,2705,2672,2673,2698,2677,2679,2703,2674,2690,2686,2683,2711,2683,2700,2698,2705,2711,2713,2715,2704,2684,2717,2714,2709,2694,2707,2686,2700,2708,2682,2716,2708,2716,2694,2718,2692,2696,2718,2703,2707,2713
114,1140,left,3199,3186,3004,3100,3279,3249,3243,3094,3083,3209,3304,3280,3023,3257,3017,3050,3305,3221,3306,3250,3017,3162,3227,3214,3083,3078,3148,3152,3118,3094,3048,3093,2716,2681,2680,2700,2696,2719,2710,2716,2680,2711,2680,2686,2714,2705,2675,2685,2708,2720,2712,2716,2723,2670,2714,2723,2721,2729,2706,2701,2704,2703,2688,2697,2690,2688,2702,2706,2717,2707,2719,2710,2710,2693,2712,2703,2701,2714,2697,2707,2683,2704,2710,2685,2690,2685,2705,2709,2698,2708,2680,2688,2705,2696,2704,2707
115,1150,left,3144,3199,3164,3161,3262,3087,3275,3101,3197,3099,3038,3255,3302,3139,3055,3279,3267,3124,3193,3065,3195,3038,3279,3136,3306,3095,3194,3196,3092,3234,3205,3116,2709,2719,2729,2703,2674,2689,2681,2724,2694,2703,2676,2684,2726,2697,2715,2721,2701,2697,2719,2670,2711,2675,2677,2679,2695,2710,2714,2710,2720,2679,2719,2715,2709,2718,2701,2712,2708,2719,2692,2718,2697,2696,2685,2696,2694,2712,2699,2691,2683,2711,2703,2708,2681,2687,2705,2696,2708,2684,2700,2715,2688,2694,2693,2714
116,1160,left,3129,3197,3151,3028,3135,3203,3087,3200,3266,3170,3269,3100,3142,3249,3221,3156,3261,3281,3116,2992,3256,3223,3026,3222,3014,3060,3184,3198,2998,3064,3264,3162,2704,2707,2724,2703,2718,2688,2709,2692,2715,2720,2725,2696,2687,2692,2698,2681,2682,2691,2723,2723,2692,2688,2670,2672,2717,2673,2697,2690,2720,2720,2671,2694,2696,2694,2688,2698,2711,2707,2717,2710,2714,2706,2704,2687,2691,2681,2707,2719,2716,2709,2713,2702,2716,2712,2711,2710,2688,2719,2696,2703,2689,2709,2703,2695
117,1170,left,3060,3329,3139,3102,3176,3118,3154,3260,3189,3172,3094,3215,3066,3241,3142,3130,3058,3110,3203,3118,3165,3079,3151,3024,3231,3289,3114,3301,3298,3111,3000,3114,2690,2717,2673,2727,2728,2687,2708,2698,2675,2712,2671,2723,2705,2691,2725,2702,2720,2677,2712,2690,2686,2701,2683,2696,2670,2709,2677,2699,2728,2674,2702,2708,2705,2691,2692,2704,2691,2705,2680,2691,2686,2699,2697,2708,2712,2689,2701,2685,2684,2710,2691,2716,2691,2710,2703,2686,2716,2709,2692,2695,2699,2712,2696,2706
118,1180,left,3058,3247,3330,3151,3083,3286,3046,3193,3260,3305,3055,3005,3134,3179,3056,3013,3242,3164,3025,3196,3247,3094,3065,3007,3213,3292,3107,3160,3232,3278,3231,3015,2670,2671,2686,2677,2721,2683,2708,2670,2709,2671,2686,2681,2692,2696,2694,2700,2672,2700,2688,2693,2725,2683,2710,2686,2717,2694,2721,2716,2712,2715,2671,2721,2714,2696,2687,2708,2683,2681,2699,2704,2718,2708,2708,2697,2684,2709,2691,2698,2688,2693,2680,2706,2703,2718,2699,2719,2690,2694,2692,2687,2707,2717,2695,2686
119,1190,left,3136,3274,3304,3053,3172,3071,3227,3251,3063,3141,3230,3121,3139,3026,3279,3225,3217,3098,3194,2965,3279,3175,3060,3171,3254,3194,3073,3174,3028,3085,3060,3012,2727,2728,2718,2722,2698,2723,2678,2701,2674,2680,2680,2686,2716,2725,2721,2689,2700,2720,2707,2728,2690,2722,2691,2693,2714,2722,2699,2719,2726,2685,2698,2718,2688,2700,2688,2694,2693,2706,2714,2687,2698,2719,2701,2712,2693,2689,2696,2708,2693,2707,2699,2718,2683,2697,2680,2700,2696,2685,2681,2697,2694,2700,2707,2690
120,1200,right,2727,2686,2703,2673,2695,2693,2715,2691,2717,2691,2706,2680,2709,2701,2708,2672,2703,2726,2722,2692,2700,2689,2683,2722,2717,2721,2695,2712,2690,2671,2716,2705,3140,3046,3124,2982,3043,3110,3144,3166,3177,3128,3202,3186,2995,3250,3256,3231,3047,3168,3313,3178,3113,3002,3098,3257,3118,3072,3213,3052,3136,3115,3273,3302,2706,2696,2691,2695,2693,2698,2683,2713,2691,2699,2718,2700,2713,2685,2718,2685,2700,2689,2706,2703,2684,2702,2708,2701,2690,2685,2699,2717,2705,2698,2694,2695
121,1210,right,2706,2676,2708,2676,2693,2687,2725,2702,2699,2699,2696,2701,2726,2692,2700,2676,2709,2674,2685,2707,2729,2679,2709,2694,2707,2699,2674,2711,2697,2697,2701,2672,3039,3242,3057,3005,3254,3068,2989,3261,3282,3134,3212,3312,3189,3164,3067,3210,3162,3201,3010,3141,3097,3019,3198,3013,3252,3166,3145,3107,3031,3078,3170,3226,2691,2716,2691,2681,2696,2694,2687,2700,2689,2708,2699,2705,2689,2695,2704,2694,2719,2706,2698,2700,2683,2705,2691,2708,2691,2706,2719,2695,2700,2715,2681,2681
122,1220,right,2679,2673,2700,2722,2718,2681,2718,2697,2724,2701,2724,2674,2700,2725,2698,2690,2702,2709,2695,2712,2718,2723,2703,2724,2694,2698,2695,2699,2712,2676,2714,2716,3121,3276,3219,3060,3109,3103,3223,3195,3208,3298,3255,3026,3017,3235,3190,3216,3234,3031,3098,3188,3035,3268,3143,3261,3151,3289,2970,3197,3114,3027,3188,3207,2708,2704,2707,2693,2718,2695,2692,2688,2698,2680,2717,2696,2689,2700,2694,2686,2705,2705,2696,2682,2683,2718,2711,2715,2710,2689,2701,2687,2716,2702,2710,2691
123,1230,right,2699,2695,2719,2708,2706,2693,2706,2672,2721,2725,2687,2699,2681,2694,2710,2688,2708,2729,2718,2685,2682,2673,2679,2675,2673,2691,2719,2711,2702,2709,2697,2690,3064,3084,3133,3108,3177,3136,3279,3272,3052,3118,3137,3245,3040,3116,3179,3224,3282,3311,3074,3065,3082,3023,3145,2956,3194,3235,3187,3199,3007,3217,3087,3065,2698,2718,2708,2688,2683,2712,2705,2710,2714,2682,2701,2702,2697,2681,2702,2716,2699,2689,2680,2695,2713,2719,2718,2705,2718,2719,2680,2716,2708,2683,2689,2711
124,1240,right,2694,2710,2720,2716,2725,2719,2725,2708,2683,2701,2696,2681,2671,2719,2675,2723,2702,2681,2701,2696,2723,2714,2671,2703,2674,2719,2711,2702,2689,2694,2711,2688,3179,3027,3012,3115,3296,3154,3105,3087,3205,3308,3133,3042,3177,3010,3308,3112,3251,3184,3149,3241,3029,3238,3247,3053,3165,3289,3247,3131,3219,3098,3057,3286,2718,2707,2688,2711,2703,2716,2718,2712,2706,2684,2694,2707,2691,2699,2695,2705,2718,2714,2699,2715,2690,2708,2713,2683,2697,2684,2680,2707,2681,2702,2718,2682
125,1250,right,2694,2709,2724,2719,2679,2718,2690,2675,2694,2688,2683,2686,2704,2728,2678,2728,2682,2727,2700,2725,2707,2713,2672,2698,2728,2678,2676,2729,2716,2694,2710,2705,3089,3171,3235,3210,3058,3279,3093,3060,3112,3208,3023,3284,3198,3021,3179,3104,3084,3066,3213,3103,3044,3189,3080,3224,3326,3150,3235,3243,3208,3037,3096,3186,2716,2707,2684,2708,2698,2700,2688,2692,2705,2687,2714,2715,2683,2699,2680,2719,2715,2704,2689,2681,2693,2716,2707,2696,2695,2684,2692,2688,2705,2695,2691,2693
126,1260,right,2695,2706,2689,2710,2681,2674,2721,2709,2701,2724,2701,2676,2679,2706,2679,2677,2699,2702,2675,2686,2716,2717,2698,2702,2683,2725,2679,2714,2699,2682,2708,2721,3217,3143,3087,3301,3078,3307,3197,3234,3045,3174,3208,3263,3136,3225,3122,3124,3085,3087,3031,3197,3198,3210,3293,3218,2996,3166,3089,3256,3296,3110,3100,3085,2697,2708,2708,2717,2718,2707,2689,2688,2715,2691,2711,2680,2693,2702,2683,2719,2700,2705,2711,2704,2710,2698,2680,2681,2708,2719,2706,2719,2705,2680,2711,2705
127,1270,right,2680,2696,2693,2727,2717,2681,2717,2725,2718,2716,2670,2723,2712,2698,2695,2708,2673,2677,2687,2719,2700,2712,2712,2705,2716,2677,2689,2709,2705,2723,2721,2702,3128,3133,3081,3150,3022,3219,2970,3216,3265,3189,2995,3144,3268,3239,3226,3318,3203,3271,3253,3271,3242,3092,3099,3168,3220,3011,3191,3084,3212,3179,3047,3081,2697,2707,2687,2713,2694,2719,2692,2681,2694,2695,2685,2710,2685,2699,2683,2702,2696,2709,2692,2699,2707,2711,2702,2717,2698,2709,2707,2718,2693,2710,2701,2681
128,1280,right,2721,2672,2683,2678,2700,2707,2673,2711,2723,2722,2704,2701,2696,2695,2693,2698,2717,2706,2717,2702,2693,2727,2677,2728,2682,2680,2728,2672,2711,2677,2720,2679,3081,3222,3022,3186,3085,3161,3041,3059,3100,2993,3013,3246,3301,3250,3170,3111,3215,3126,3170,3193,3112,3112,3274,3199,3214,3116,3116,3228,3025,3140,3167,3074,2710,2710,2701,2701,2713,2689,2706,2703,2684,2687,2704,2699,2709,2680,2707,2719,2717,2687,2711,2716,2712,2714,2689,2710,2697,2716,2682,2702,2718,2715,2699,2698
129,1290,right,2683,2672,2724,2698,2693,2706,2714,2722,2712,2724,2682,2703,2705,2686,2727,2683,2707,2713,2705,2675,2687,2717,2716,2697,2721,2724,2693,2729,2699,2690,2704,2716,3183,3111,3145,3225,3306,3297,3219,3231,3001,3131,3259,2982,3167,3253,3342,3154,3150,3070,3275,3212,3081,3067,3057,3038,3015,3092,3231,3078,3153,3180,3132,3223,2719,2688,2690,2718,2689,2694,2713,2705,2716,2712,2692,2717,2689,2688,2704,2697,2699,2680,2697,2707,2683,2681,2717,2684,2703,2716,2680,2699,2684,2698,2690,2700
130,1300,right,2688,2707,2708,2717,2699,2696,2711,2698,2719,2718,2721,2704,2699,2695,2680,2710,2702,2713,2699,2715,2681,2713,2708,2674,2710,2676,2728,2684,2716,2688,2719,2685,3268,3338,3135,3210,3062,3255,3178,3295,3167,3068,3232,3131,3195,3151,3262,3184,3218,3254,3099,3069,3114,3195,3135,3158,2982,3279,3130,3129,3312,3083,3151,3266,2714,2716,2702,2691,2687,2689,2695,2689,2719,2706,2717,2715,2717,2715,2688,2715,2709,2695,2710,2717,2701,2711,2697,2694,2715,2685,2699,2708,2698,2695,2702,2681
131,1310,right,2694,2694,2677,2701,2696,2704,2699,2689,2692,2697,2728,2684,2689,2714,2681,2700,2681,2698,2676,2721,2690,2701,2715,2721,2681,2716,2690,2671,2707,2676,2676,2708,3125,3044,3236,3144,3160,3047,3088,3091,3131,3048,3052,3085,3082,3045,3121,3047,3163,3063,3047,3096,3196,2993,2983,3064,3220,3116,3175,3233,3112,3263,3170,3178,2694,2681,2718,2689,2704,2685,2686,2691,2713,2706,2715,2713,2686,2716,2712,2700,2680,2717,2683,2712,2699,2689,2715,2687,2686,2695,2695,2710,2690,2682,2683,2683
132,1320,right,2725,2702,2673,2718,2693,2696,2715,2722,2681,2719,2682,2696,2695,2703,2716,2677,2688,2696,2728,2685,2718,2686,2678,2715,2678,2674,2725,2720,2671,2691,2721,2673,3326,3252,3037,3333,3229,3211,3188,3131,3065,3305,3295,3015,3033,3174,3151,3289,2987,3056,3195,3096,3275,3214,3262,3012,3248,3076,3130,3149,3087,3142,3262,3239,2713,2680,2719,2703,2708,2690,2715,2690,2712,2713,2685,2695,2692,2680,2714,2688,2698,2696,2689,2687,2687,2688,2717,2686,2693,2711,2692,2700,2700,2715,2692,2684
133,1330,right,2724,2693,2672,2713,2711,2686,2678,2678,2676,2704,2711,2724,2682,2713,2729,2711,2718,2709,2686,2727,2671,2700,2728,2706,2715,2679,2685,2685,2682,2671,2712,2694,3189,3113,3084,3267,3003,3034,3286,3198,3089,3107,3317,3025,3213,3261,3130,3180,3147,3235,3281,3242,3158,3271,3092,3173,3242,3277,2979,3220,3148,3177,3081,3218,2700,2686,2704,2718,2682,2701,2709,2717,2709,2717,2717,2708,2696,2711,2682,2686,2681,2681,2680,2683,2704,2697,2687,2682,2701,2719,2692,2693,2709,2704,2703,2687
134,1340,right,2670,2725,2719,2711,2718,2701,2714,2675,2680,2673,2705,2691,2722,2671,2685,2727,2712,2701,2704,2725,2725,2693,2727,2698,2690,2719,2724,2695,2675,2706,2717,2724,2969,3079,3103,3269,3251,3200,3146,3043,3069,3122,3228,3109,3075,3193,3307,3083,3160,3193,3037,3047,3286,3246,3243,3091,3253,3081,3286,3214,3071,3310,3231,3191,2699,2706,2696,2707,2713,2715,2705,2718,2701,2715,2702,2704,2684,2687,2688,2705,2707,2713,2700,2718,2715,2686,2690,2689,2710,2696,2694,2696,2705,2682,2715,2707
135,1350,right,2726,2712,2694,2692,2675,2727,2717,2686,2678,2728,2723,2727,2697,2697,2716,2679,2702,2683,2683,2712,2721,2684,2690,2720,2683,2719,2726,2679,2694,2680,2675,2711,3161,3025,3133,3002,3045,3226,3058,3049,3211,3215,3032,3245,3279,3029,3326,3211,2988,3296,3230,3015,3265,3282,3075,3038,3215,3327,3156,3127,2994,3114,3033,3029,2706,2696,2709,2709,2718,2695,2681,2694,2689,2684,2693,2701,2689,2703,2683,2692,2690,2693,2708,2709,2700,2706,2683,2710,2684,2691,2687,2681,2698,2684,2708,2705
136,1360,right,2706,2719,2729,2692,2729,2716,2672,2726,2729,2671,2690,2671,2678,2675,2675,2708,2718,2695,2707,2712,2712,2677,2713,2671,2709,2683,2720,2714,2674,2702,2691,2690,3070,3007,3282,3268,3135,3186,3262,3114,3113,3185,3123,3282,3038,3255,3147,3113,3060,3097,3111,3157,3010,3052,3205,3132,3218,3310,3233,3261,3001,3088,3236,3210,2716,2693,2695,2688,2688,2680,2716,2697,2690,2680,2688,2719,2680,2696,2688,2712,2700,2680,2681,2687,2680,2701,2694,2703,2711,2707,2706,2709,2714,2688,2699,2680
137,1370,right,2692,2709,2715,2716,2695,2720,2703,2695,2689,2716,2671,2722,2692,2693,2711,2716,2680,2675,2683,2706,2677,2720,2707,2705,2682,2673,2702,2709,2695,2694,2679,2712,3103,3247,3089,3046,3111,3251,3228,3146,3066,3195,3322,3077,3143,3091,3053,3182,3275,3062,3185,3106,3165,2970,3006,3283,3065,3041,3160,3171,3107,3140,3152,3284,2717,2691,2696,2699,2698,2707,2711,2698,2698,2685,2700,2691,2693,2696,2706,2716,2706,2680,2682,2688,2696,2680,2694,2701,2697,2681,2684,2694,2689,2712,2701,2714
138,1380,right,2726,2687,2672,2720,2706,2697,2716,2721,2683,2722,2716,2683,2714,2691,2712,2713,2726,2719,2728,2697,2679,2671,2680,2685,2727,2673,2719,2686,2694,2671,2729,2718,3080,3081,3050,3216,3106,3219,3138,3116,3187,3148,3083,3246,2981,3125,3115,3272,3324,3276,3280,3045,3009,3246,3174,3171,3076,3169,3253,3141,3271,3007,3218,3163,2704,2698,2693,2711,2695,2707,2715,2687,2682,2682,2699,2680,2702,2691,2707,2712,2686,2689,2715,2708,2692,2715,2714,2711,2708,2692,2690,2709,2704,2689,2713,2712
139,1390,right,2702,2687,2729,2696,2703,2697,2672,2724,2686,2714,2678,2679,2694,2682,2678,2695,2698,2679,2698,2695,2676,2712,2673,2713,2675,2685,2673,2693,2688,2690,2701,2700,3138,3032,3253,3194,3005,3154,3228,3059,3140,3011,3174,3253,3120,3229,3235,3268,3182,3322,3265,3237,3320,3134,3086,3107,2988,3121,3073,3174,3142,3245,3197,3143,2688,2718,2713,2692,2701,2690,2687,2702,2690,2701,2719,2696,2687,2690,2706,2682,2710,2706,2712,2704,2716,2714,2692,2713,2709,2698,2707,2697,2718,2717,2706,2708
140,1400,right,2673,2709,2725,2717,2673,2721,2725,2702,2713,2707,2676,2713,2715,2670,2689,2685,2703,2716,2705,2717,2709,2693,2725,2720,2705,2690,2710,2712,2681,2700,2726,2688,3008,3047,3283,3226,3089,3273,3183,3150,3282,3143,3330,3164,3185,3081,3047,3040,3057,3033,3171,3272,3185,3272,3059,3036,3214,3219,2977,3293,3029,3130,3279,3202,2704,2685,2706,2701,2709,2706,2702,2697,2719,2681,2704,2687,2700,2708,2702,2689,2684,2683,2680,2703,2707,2688,2705,2684,2718,2703,2709,2681,2691,2695,2717,2688
141,1410,right,2702,2716,2682,2715,2695,2708,2722,2697,2679,2676,2698,2690,2675,2700,2671,2689,2724,2723,2678,2728,2720,2700,2717,2707,2728,2706,2728,2717,2713,2684,2683,2693,3070,3035,3007,3031,3147,3129,3143,3179,3091,3222,3188,3229,3000,3077,3164,3208,3306,3083,3187,3246,3204,3057,3220,3138,3168,3245,3066,3000,3284,3236,3301,3234,2700,2718,2687,2683,2699,2703,2717,2699,2695,2685,2684,2685,2684,2688,2701,2685,2692,2692,2715,2699,2694,2704,2699,2711,2683,2700,2706,2680,2698,2688,2688,2711
142,1420,right,2672,2710,2716,2692,2706,2699,2712,2713,2688,2729,2671,2709,2716,2717,2679,2719,2717,2683,2720,2671,2729,2690,2710,2673,2680,2716,2729,2697,2713,2676,2671,2729,3136,3299,3018,3092,3267,3018,3001,3236,3082,3088,3344,3148,3213,3299,3147,3072,3190,3090,3311,3033,3032,3291,3004,3074,3196,3257,3161,3002,3155,3195,3193,3124,2683,2712,2685,2702,2680,2709,2683,2682,2696,2694,2700,2702,2699,2701,2688,2708,2717,2685,2687,2704,2712,2698,2704,2687,2700,2715,2686,2719,2700,2689,2701,2719
143,1430,right,2712,2722,2720,2706,2704,2696,2689,2701,2670,2726,2718,2723,2678,2670,2714,2673,2710,2703,2676,2678,2722,2694,2721,2692,2693,2677,2685,2711,2713,2728,2676,2690,2967,3039,3157,3001,3233,3197,3111,3007,3214,3019,3322,3104,2959,3009,3126,3249,3166,3032,3086,3018,3122,3148,2977,3228,3163,3258,3140,3263,2992,3094,3221,3284,2692,2719,2685,2718,2718,2685,2682,2704,2692,2709,2692,2708,2701,2712,2702,2701,2681,2712,2694,2690,2681,2689,2719,2692,2681,2695,2695,2696,2680,2694,2682,2702
144,1440,right,2689,2672,2711,2712,2702,2711,2683,2710,2703,2729,2695,2673,2692,2698,2715,2718,2707,2680,2679,2728,2727,2705,2680,2718,2671,2717,2689,2673,2702,2678,2681,2676,3215,3157,2994,3123,3104,3048,3293,3109,3226,3051,3260,3274,3077,3071,3194,3215,3120,3215,3082,3282,3172,3229,3156,3154,3012,3028,3197,3066,3092,3266,3171,3050,2698,2709,2696,2717,2693,2686,2699,2685,2719,2708,2708,2713,2712,2708,2700,2719,2708,2714,2684,2694,2703,2713,2697,2693,2690,2719,2711,2707,2717,2718,2705,2698
145,1450,right,2713,2673,2677,2715,2727,2670,2723,2699,2678,2715,2729,2704,2704,2729,2712,2716,2683,2705,2728,2726,2693,2688,2670,2697,2703,2685,2677,2681,2710,2705,2715,2716,3074,3152,3041,3024,3102,3100,3031,3089,3005,3054,3016,3256,3260,3187,3179,3044,3108,3292,3109,3235,3144,3054,3074,3290,3150,3091,3133,3215,3030,3094,3086,3047,2697,2701,2690,2708,2697,2693,2696,2701,2708,2709,2716,2713,2685,2717,2692,2698,2701,2694,2702,2704,2683,2710,2715,2701,2680,2686,2699,2691,2686,2696,2703,2719
146,1460,right,2726,2720,2693,2724,2707,2670,2674,2706,2719,2673,2672,2721,2670,2688,2682,2724,2707,2673,2690,2677,2689,2722,2726,2720,2684,2694,2684,2692,2703,2671,2702,2720,3180,3209,3102,3109,3206,3125,3176,3338,3074,3024,3256,3096,3161,3089,3242,3099,3072,3308,3014,3187,3045,3021,3017,3017,3177,2976,3246,3213,3234,2985,3295,3236,2716,2696,2703,2695,2701,2695,2706,2696,2682,2683,2703,2683,2709,2682,2712,2718,2691,2719,2689,2698,2690,2716,2704,2710,2708,2708,2690,2710,2685,2717,2680,2718
147,1470,right,2708,2676,2684,2674,2680,2709,2712,2729,2671,2720,2679,2682,2677,2724,2703,2707,2721,2710,2689,2697,2709,2686,2719,2690,2698,2682,2695,2680,2700,2700,2709,2689,3081,3137,3238,3136,3270,3137,3145,3075,3224,3090,3188,3295,3062,3292,3135,3190,3190,2980,3073,3250,3198,3145,3214,3178,3260,3192,3280,3223,3043,3278,3139,3139,2684,2703,2693,2705,2698,2696,2690,2717,2680,2686,2718,2692,2717,2715,2709,2718,2716,2702,2684,2690,2707,2718,2690,2682,2697,2699,2707,2692,2707,2698,2693,2690
148,1480,right,2683,2719,2686,2699,2729,2711,2681,2682,2729,2720,2721,2723,2678,2702,2712,2693,2729,2701,2696,2695,2679,2714,2670,2712,2708,2717,2675,2717,2726,2674,2729,2700,3088,3248,3152,3106,3118,3112,3208,3037,3320,3308,3185,3192,3069,2987,3124,3059,3305,3043,3174,3146,3132,3153,3102,3149,3094,3324,3303,3038,3008,3221,3005,3188,2717,2691,2688,2695,2698,2706,2690,2711,2719,2696,2718,2719,2681,2703,2710,2715,2683,2718,2705,2699,2717,2700,2717,2703,2692,2707,2689,2696,2707,2711,2706,2706
149,1490,right,2703,2688,2670,2680,2708,2727,2710,2702,2708,2722,2688,2718,2687,2717,2685,2718,2686,2678,2695,2681,2686,2679,2711,2723,2688,2688,2710,2703,2683,2682,2689,2698,3062,3124,3208,3053,3156,3250,3158,3251,3082,3211,3144,3146,3044,3177,3148,3228,3137,3037,3212,3052,3048,3246,3068,2990,3096,3106,3153,3243,2996,3046,3270,3282,2698,2714,2693,2693,2695,2716,2682,2700,2694,2696,2686,2690,2711,2709,2697,2714,2715,2707,2699,2699,2700,2686,2701,2693,2705,2717,2680,2709,2705,2680,2704,2680
150,1500,right,2710,2724,2672,2698,2681,2713,2717,2683,2710,2727,2688,2689,2693,2711,2719,2726,2719,2700,2701,2686,2712,2725,2690,2674,2700,2686,2721,2679,2690,2721,2703,2684,3105,3008,3121,3186,3232,3056,3022,3263,3103,3238,3133,3063,3063,3041,3108,3049,3081,2965,3121,3071,3202,3235,3174,3300,2960,3130,3293,3256,3176,3291,3238,3071,2680,2716,2691,2712,2687,2701,2706,2702,2718,2710,2704,2698,2693,2689,2680,2711,2718,2688,2698,2683,2694,2693,2710,2691,2718,2704,2700,2704,2696,2688,2685,2709
151,1510,right,2728,2725,2705,2719,2685,2681,2694,2704,2688,2728,2724,2714,2680,2693,2698,2729,2726,2713,2714,2723,2690,2706,2717,2709,2717,2707,2690,2703,2713,2693,2679,2702,3124,3124,3084,3242,3249,3099,3030,3145,3148,3200,3013,3269,3282,3181,3268,3137,3338,3121,3057,3150,3014,3140,3083,3200,3035,3204,3192,3200,3230,3222,3305,3116,2697,2686,2683,2709,2710,2700,2707,2705,2687,2717,2683,2708,2695,2688,2682,2680,2703,2687,2708,2705,2683,2716,2697,2712,2682,2718,2689,2697,2684,2700,2698,2689
152,1520,right,2679,2687,2725,2682,2680,2685,2713,2695,2721,2719,2725,2687,2726,2690,2722,2704,2720,2725,2724,2671,2699,2713,2716,2717,2673,2671,2681,2670,2694,2713,2705,2701,3262,3043,3265,3123,3336,3234,3262,3319,3165,3242,3088,3031,3307,3051,3017,2988,3182,3255,3066,3195,3177,3011,3113,3043,3176,3237,3198,3234,3078,3297,2990,3148,2712,2689,2691,2711,2718,2712,2690,2693,2696,2707,2706,2718,2705,2689,2686,2713,2705,2681,2691,2718,2697,2699,2687,2692,2701,2710,2713,2688,2685,2691,2692,2688
153,1530,right,2726,2729,2683,2708,2698,2695,2671,2699,2729,2708,2719,2721,2712,2699,2710,2704,2692,2698,2725,2711,2720,2706,2707,2714,2728,2685,2698,2728,2676,2682,2720,2702,3306,3310,3082,3241,2982,3184,3251,3007,3074,3143,3124,3091,3175,3227,3135,3248,3117,3115,3062,3105,3139,3251,3151,3088,3169,3243,3171,3189,3264,3291,3245,3166,2687,2707,2681,2704,2685,2682,2685,2716,2688,2698,2692,2703,2708,2690,2709,2704,2717,2714,2711,2718,2702,2683,2718,2702,2709,2704,2684,2693,2691,2696,2702,2711
154,1540,right,2673,2711,2687,2706,2699,2687,2684,2689,2710,2698,2684,2688,2723,2672,2680,2694,2695,2696,2707,2713,2701,2698,2715,2703,2701,2684,2677,2717,2722,2690,2714,2718,3171,3226,3090,3189,3186,3066,3280,3101,2996,3124,3103,3110,3156,3024,3076,3026,3038,3149,3065,3026,3104,3101,3049,3112,3123,3177,3211,3017,3163,3205,3199,3174,2709,2689,2681,2697,2706,2694,2688,2705,2701,2690,2697,2708,2693,2688,2717,2718,2705,2719,2686,2681,2702,2716,2712,2703,2711,2704,2688,2683,2707,2712,2680,2686
155,1550,right,2674,2687,2726,2680,2719,2728,2722,2692,2704,2710,2697,2685,2688,2719,2709,2674,2701,2680,2697,2703,2693,2688,2718,2671,2728,2696,2710,2712,2687,2729,2716,2705,3211,3306,3169,3239,3057,3215,3026,3284,3157,3112,3067,3229,3093,3141,3231,3172,3263,3128,3146,3229,3245,3331,3118,3227,3105,3291,3175,3040,3050,2979,3211,3051,2693,2701,2716,2707,2699,2716,2682,2683,2705,2688,2697,2716,2705,2686,2712,2704,2718,2700,2715,2703,2687,2708,2719,2711,2681,2712,2693,2714,2715,2684,2715,2719
156,1560,right,2721,2687,2716,2697,2684,2680,2698,2690,2700,2678,2692,2705,2703,2718,2670,2697,2680,2698,2674,2718,2724,2726,2682,2704,2703,2676,2711,2685,2676,2693,2702,2720,3186,3000,3036,3007,3075,3181,3245,3245,3004,3146,3243,3128,3099,3292,3193,3240,3080,3098,3259,3289,3145,3017,3104,3324,3137,3053,2999,3294,3043,3110,3137,3240,2710,2683,2701,2696,2683,2691,2689,2691,2695,2710,2686,2710,2688,2707,2707,2715,2688,2719,2689,2715,2685,2704,2682,2697,2695,2682,2700,2708,2718,2686,2691,2692
157,1570,right,2677,2713,2724,2705,2707,2674,2688,2714,2722,2697,2689,2692,2679,2676,2715,2729,2714,2700,2697,2697,2689,2686,2688,2716,2680,2713,2702,2695,2694,2711,2715,2685,3204,3111,3283,3241,3057,3299,3168,3260,3104,3309,3234,3068,3102,3199,3027,2992,3045,3175,3054,3087,3095,3042,3060,3107,2980,3289,3111,3215,3149,3248,3092,3131,2718,2693,2693,2719,2702,2692,2701,2687,2696,2682,2715,2710,2707,2701,2693,2691,2689,2710,2698,2683,2710,2688,2705,2707,2681,2714,2714,2717,2681,2704,2686,2704
158,1580,right,2672,2675,2700,2697,2722,2679,2704,2706,2725,2715,2689,2709,2689,2695,2717,2718,2701,2676,2711,2713,2722,2695,2679,2712,2720,2674,2676,2672,2701,2701,2693,2729,3028,3049,3260,3214,3128,3261,3067,3117,3085,3023,3308,3228,3297,3050,3323,3190,3166,3100,3151,3282,3240,3287,3098,3090,3273,3132,3084,3056,3096,3200,3214,3249,2691,2710,2712,2692,2711,2711,2707,2703,2704,2711,2692,2684,2680,2703,2693,2712,2686,2699,2708,2687,2695,2682,2708,2714,2704,2714,2704,2710,2715,2687,2710,2701
159,1590,right,2682,2675,2673,2710,2692,2702,2681,2707,2676,2685,2697,2722,2700,2683,2690,2700,2729,2672,2727,2683,2696,2677,2722,2710,2703,2672,2694,2692,2700,2727,2700,2726,3201,3276,3200,3301,3020,2977,3089,3202,3173,3250,3046,3221,3032,3120,3077,3033,3226,3072,3262,3072,3304,3043,3252,3130,3134,3090,3040,3166,3248,3193,3105,3081,2713,2703,2704,2688,2686,2683,2691,2714,2681,2690,2688,2687,2711,2685,2689,2690,2713,2689,2686,2712,2713,2691,2699,2694,2713,2691,2713,2689,2706,2698,2708,2681
160,1600,right,2691,2696,2720,2684,2675,2708,2719,2710,2679,2713,2709,2692,2698,2711,2727,2680,2685,2722,2693,2703,2710,2674,2690,2722,2698,2670,2698,2721,2689,2726,2714,2696,3045,3247,3088,3337,3190,3187,3278,3184,3019,3185,3144,3139,3191,3288,3019,3198,3093,3049,3224,3049,3176,3337,3059,3031,3129,3087,3061,3165,3246,3191,3108,3018,2683,2680,2694,2717,2688,2713,2684,2717,2694,2719,2689,2680,2686,2699,2710,2713,2709,2692,2692,2695,2718,2710,2708,2717,2711,2695,2681,2712,2684,2698,2702,2694
161,1610,right,2674,2690,2680,2675,2723,2678,2697,2694,2680,2701,2679,2708,2690,2701,2674,2680,2687,2709,2723,2723,2714,2723,2674,2725,2686,2722,2716,2687,2699,2729,2691,2715,3234,3201,3076,3254,3073,2982,3331,3098,3231,3292,3180,3254,3134,2970,3243,3207,3247,3193,3315,2999,3024,3191,3032,3093,3140,3062,3146,3315,3053,3061,3241,3332,2711,2711,2707,2696,2708,2703,2704,2712,2708,2694,2712,2694,2689,2706,2687,2717,2683,2696,2698,2714,2707,2695,2689,2682,2699,2686,2719,2697,2715,2719,2709,2703
162,1620,right,2689,2677,2697,2697,2673,2728,2701,2679,2706,2722,2721,2708,2695,2724,2692,2697,2715,2721,2727,2693,2715,2728,2695,2721,2726,2695,2685,2686,2692,2670,2683,2682,3072,3112,3170,3065,3005,3336,3075,3018,3164,3009,3074,2995,3159,3001,3012,3065,3061,3110,3040,3091,3294,3105,3029,3122,3004,3037,3041,3065,3144,3105,3323,3241,2699,2693,2700,2714,2698,2685,2699,2690,2712,2718,2682,2690,2704,2686,2703,2717,2699,2689,2688,2697,2699,2682,2718,2699,2714,2692,2698,2689,2716,2716,2680,2690
163,1630,right,2713,2697,2703,2673,2721,2700,2692,2677,2726,2676,2728,2684,2709,2723,2714,2682,2708,2684,2707,2716,2720,2702,2723,2711,2686,2680,2721,2701,2670,2691,2695,2672,3153,3312,3045,3204,3287,3158,3203,3109,3199,3144,3103,3254,3160,3082,3053,3058,3242,3245,2964,3226,3080,2983,3202,3108,3121,3046,3252,3018,3219,3070,3085,3048,2685,2713,2682,2689,2704,2713,2715,2693,2690,2708,2691,2691,2682,2689,2682,2711,2703,2705,2690,2718,2680,2708,2702,2704,2716,2699,2687,2708,2694,2719,2689,2684
164,1640,right,2674,2726,2710,2672,2696,2704,2684,2701,2718,2671,2699,2698,2673,2713,2678,2723,2703,2724,2673,2704,2719,2701,2702,2679,2693,2679,2692,2711,2677,2711,2705,2707,3183,3248,3055,3179,3105,3051,3046,3121,3093,3108,3277,3041,3317,3249,3081,3272,3321,3104,3116,3086,3157,3084,3049,3188,3203,3064,3175,3158,3121,3223,3105,3001,2694,2703,2689,2689,2710,2696,2691,2693,2700,2684,2705,2713,2696,2718,2685,2707,2694,2680,2704,2717,2714,2682,2701,2698,2693,2692,2715,2694,2707,2705,2703,2709
165,1650,right,2719,2671,2710,2696,2701,2699,2681,2679,2688,2721,2708,2679,2680,2690,2702,2688,2682,2683,2725,2708,2724,2713,2682,2673,2682,2709,2673,2678,2691,2702,2709,2710,3298,3216,3090,3021,3065,3268,3063,2963,3163,3176,3243,3124,3292,3156,3175,3080,3071,3307,3246,3221,3140,3165,3105,3267,3010,3261,3011,3137,3237,3193,3033,3180,2682,2689,2699,2718,2690,2710,2695,2700,2688,2697,2710,2689,2681,2696,2707,2699,2681,2692,2688,2714,2710,2712,2694,2680,2704,2707,2704,2713,2713,2714,2680,2687
166,1660,right,2709,2709,2722,2682,2694,2707,2676,2695,2703,2682,2716,2707,2694,2711,2713,2723,2695,2710,2672,2728,2683,2681,2720,2683,2675,2702,2728,2690,2712,2696,2690,2723,3156,3003,3171,3177,3084,3183,3078,3041,3255,2978,3124,2984,3068,3223,3154,3023,3182,3231,3151,3032,3327,3040,3320,3130,3204,3293,2985,3078,3072,3312,3274,3185,2689,2699,2704,2697,2691,2718,2682,2687,2686,2694,2702,2695,2680,2682,2702,2712,2714,2688,2710,2681,2690,2685,2703,2710,2682,2684,2689,2713,2687,2680,2700,2716
167,1670,right,2688,2718,2699,2714,2715,2715,2679,2672,2676,2682,2701,2714,2690,2675,2689,2692,2722,2715,2726,2719,2679,2696,2696,2698,2718,2672,2722,2685,2729,2703,2672,2671,3092,3079,3142,2984,3189,3109,3031,3054,3020,3205,3300,3251,3056,3024,3087,3098,3338,3024,3064,3229,3235,2987,3185,3260,3201,3259,3220,3125,3029,3074,3203,3285,2709,2703,2718,2707,2682,2704,2698,2694,2719,2698,2684,2718,2713,2689,2718,2691,2719,2708,2718,2693,2685,2691,2680,2701,2685,2716,2707,2684,2714,2694,2681,2715
168,1680,right,2721,2686,2718,2700,2680,2677,2706,2704,2678,2726,2700,2713,2718,2670,2722,2696,2694,2687,2700,2706,2723,2688,2711,2726,2728,2684,2706,2728,2671,2707,2695,2683,3033,3183,3263,3262,3207,3220,3201,2986,2994,3107,3070,3140,3042,3170,3101,3256,3010,3112,3313,3086,3121,3195,3171,3206,3265,3243,3263,3113,3087,3079,3135,3213,2682,2700,2680,2719,2697,2683,2699,2695,2687,2703,2698,2686,2701,2688,2709,2718,2704,2686,2708,2692,2686,2707,2701,2716,2691,2701,2707,2718,2705,2699,2705,2684
169,1690,right,2721,2686,2711,2674,2689,2681,2680,2675,2718,2673,2708,2714,2697,2695,2676,2726,2700,2719,2681,2728,2708,2683,2709,2675,2702,2702,2697,2698,2684,2706,2693,2719,3066,3045,3241,3252,2950,3137,3319,3171,3093,3215,3173,3173,3115,3123,3185,3302,3255,3279,3193,3279,3251,3230,3240,3264,3078,3289,3088,3136,3040,3187,3063,3134,2688,2680,2696,2718,2695,2696,2694,2701,2685,2717,2700,2692,2693,2702,2718,2690,2714,2696,2713,2688,2680,2688,2682,2691,2695,2680,2702,2683,2712,2706,2706,2709
170,1700,right,2725,2703,2718,2675,2671,2699,2713,2708,2708,2721,2700,2703,2680,2709,2670,2672,2684,2687,2688,2700,2713,2710,2718,2681,2700,2723,2709,2729,2672,2698,2701,2691,3017,3107,3249,3252,3312,3170,3214,3144,3208,2983,3048,3290,3107,3110,3130,3129,3106,3240,3019,3081,3235,3165,3130,3105,3159,3247,3239,3213,3003,3211,3216,3270,2709,2718,2706,2718,2705,2710,2710,2701,2699,2693,2684,2716,2689,2711,2710,2690,2713,2712,2683,2716,2685,2706,2690,2684,2702,2702,2696,2693,2682,2719,2683,2691
171,1710,right,2722,2721,2709,2725,2684,2696,2685,2701,2678,2672,2725,2693,2680,2672,2704,2701,2696,2697,2674,2672,2715,2716,2697,2681,2693,2720,2694,2696,2706,2728,2706,2681,3084,3021,3081,3000,3158,3061,3083,3199,3075,3081,3242,3008,3214,3242,3035,3273,3210,3199,3211,3254,3293,3262,3300,3323,3166,3181,2971,3126,3167,3017,3179,3238,2714,2707,2685,2693,2707,2698,2716,2712,2695,2704,2705,2686,2703,2718,2685,2710,2687,2714,2719,2703,2691,2693,2703,2697,2690,2688,2714,2714,2708,2711,2708,2705
172,1720,right,2677,2725,2722,2678,2684,2688,2722,2704,2678,2721,2716,2681,2697,2722,2728,2721,2716,2706,2719,2672,2679,2688,2716,2684,2703,2724,2714,2677,2683,2674,2673,2712,3016,3055,2951,3214,3258,3034,3167,3247,3331,3160,3143,3285,3171,3079,3106,3215,3051,3142,3098,3267,3030,3037,3243,3244,3207,3177,3216,3305,3071,3201,3207,3150,2718,2719,2713,2696,2707,2718,2715,2688,2696,2704,2693,2718,2719,2701,2692,2704,2686,2695,2685,2682,2691,2704,2718,2691,2693,2707,2717,2681,2703,2680,2698,2695
173,1730,right,2688,2683,2703,2674,2680,2699,2716,2697,2711,2670,2684,2718,2688,2722,2706,2695,2678,2705,2706,2674,2714,2687,2729,2708,2704,2726,2709,2675,2670,2702,2708,2708,3279,3186,3335,3170,3064,3014,3151,3133,3155,3255,3231,2975,3129,3118,3172,3262,3051,3262,3089,3116,3262,3104,3186,3178,3315,3147,3132,3276,3255,3213,3188,3234,2719,2707,2700,2703,2701,2709,2702,2704,2718,2681,2683,2712,2707,2713,2701,2719,2683,2696,2710,2714,2705,2703,2703,2712,2713,2684,2684,2706,2704,2702,2698,2681
174,1740,right,2724,2675,2683,2703,2723,2672,2705,2674,2670,2724,2715,2680,2727,2717,2698,2681,2671,2714,2708,2727,2681,2708,2687,2675,2705,2673,2713,2723,2688,2679,2688,2715,3137,3104,3051,3102,3297,3253,3218,3171,3046,3114,3226,3179,3244,3256,3238,3259,3044,3183,3154,3059,3199,3059,3033,3251,3022,3278,3106,3307,3101,3317,2995,3055,2705,2704,2692,2689,2684,2692,2698,2707,2680,2683,2692,2713,2693,2699,2691,2706,2711,2689,2693,2693,2701,2691,2705,2686,2708,2702,2710,2706,2699,2705,2708,2703
175,1750,right,2692,2715,2685,2675,2705,2716,2693,2715,2729,2723,2678,2694,2725,2716,2710,2720,2691,2698,2679,2713,2710,2702,2676,2697,2728,2701,2685,2707,2725,2694,2715,2714,3041,3297,3048,3061,3054,2987,3066,3090,3213,3003,3047,3091,3284,3171,3092,3054,3178,3080,3178,3121,3171,3153,3169,3207,3278,3159,3046,3011,3063,3330,3295,3044,2697,2712,2704,2684,2704,2710,2695,2702,2711,2693,2692,2689,2717,2688,2704,2711,2710,2689,2718,2701,2682,2687,2684,2680,2707,2710,2700,2715,2713,2714,2684,2701
176,1760,right,2728,2715,2701,2719,2684,2684,2701,2706,2674,2711,2707,2677,2703,2688,2690,2689,2720,2688,2710,2690,2703,2715,2708,2725,2704,2678,2713,2677,2700,2670,2725,2675,3152,3120,3243,3235,3212,3088,3226,3330,3233,3257,3031,3102,3149,3013,3051,3064,3005,3208,3189,3074,3275,3210,3122,3107,3120,3127,3049,3017,3150,3202,3202,3147,2697,2684,2694,2705,2689,2702,2712,2683,2703,2700,2714,2694,2717,2696,2681,2701,2708,2698,2692,2682,2707,2696,2690,2697,2704,2697,2690,2709,2718,2711,2681,2719
177,1770,right,2675,2715,2724,2695,2714,2677,2693,2678,2717,2684,2702,2693,2696,2687,2713,2685,2721,2718,2728,2716,2698,2689,2718,2720,2713,2685,2673,2705,2703,2727,2704,2708,2998,2993,3235,3035,3101,3084,3201,3247,3055,3248,2977,3135,3120,3242,3160,3054,3263,3304,3103,3258,3246,3187,3324,2966,3194,3293,3304,3110,3028,3143,3108,3035,2717,2698,2683,2696,2713,2697,2700,2710,2711,2694,2703,2691,2681,2712,2682,2697,2707,2692,2698,2717,2712,2702,2690,2708,2684,2695,2708,2686,2688,2711,2711,2700
178,1780,right,2711,2707,2690,2715,2683,2719,2717,2729,2709,2715,2727,2687,2728,2673,2700,2679,2715,2682,2694,2698,2675,2711,2728,2704,2692,2679,2708,2683,2686,2704,2728,2719,3183,3277,3155,3074,3060,3146,3223,3098,3218,3083,3053,3164,3177,3150,3058,3113,3237,3149,3140,3044,3025,3175,3017,3211,3273,3111,3267,3076,3020,3240,3202,3139,2708,2692,2691,2701,2695,2699,2712,2700,2694,2700,2710,2699,2714,2684,2683,2687,2716,2692,2696,2716,2716,2691,2709,2693,2705,2700,2700,2719,2712,2681,2696,2704
179,1790,right,2689,2699,2713,2720,2685,2699,2707,2670,2709,2717,2722,2687,2712,2691,2703,2679,2683,2679,2693,2672,2710,2723,2712,2713,2729,2708,2696,2678,2708,2718,2711,2715,3069,3196,3041,3284,3148,3135,3224,3231,3333,3227,3104,3055,3091,3139,3100,3252,3108,3287,3219,3342,3305,3236,3063,3160,3090,3182,3000,3136,3172,3201,3045,3011,2700,2685,2697,2687,2716,2697,2709,2709,2701,2716,2701,2706,2693,2684,2697,2683,2704,2691,2715,2713,2683,2681,2680,2710,2708,2690,2711,2703,2699,2715,2695,2709
180,1800,right,2671,2695,2688,2681,2672,2686,2709,2685,2681,2718,2693,2722,2681,2712,2679,2717,2693,2723,2726,2706,2708,2696,2710,2686,2692,2705,2711,2719,2686,2724,2677,2716,3158,3037,2986,3250,3196,3173,3161,3271,3186,3125,3071,3004,3311,3032,3065,2975,3310,3124,3060,3228,3246,3113,3170,3103,3224,3172,3287,3245,3018,3194,3316,3170,2705,2703,2681,2692,2707,2698,2719,2692,2682,2707,2680,2705,2684,2680,2699,2685,2697,2685,2710,2688,2682,2717,2693,2697,2708,2682,2718,2702,2691,2703,2718,2700
181,1810,right,2680,2726,2719,2684,2681,2727,2698,2711,2706,2691,2729,2713,2682,2700,2711,2718,2706,2699,2689,2703,2678,2695,2670,2709,2728,2706,2695,2726,2724,2703,2678,2713,3104,3187,3167,3085,3046,3084,3030,3281,3250,3174,3286,3107,3255,3081,3057,3165,3252,3257,3042,3106,3176,3182,3145,3096,3058,3281,3296,3057,3052,3168,3194,3049,2684,2688,2713,2688,2692,2685,2711,2699,2710,2707,2695,2717,2695,2681,2712,2710,2687,2713,2691,2704,2688,2710,2688,2700,2698,2695,2717,2689,2697,2684,2714,2695
182,1820,right,2674,2706,2716,2720,2710,2706,2701,2694,2725,2690,2722,2714,2679,2685,2684,2721,2717,2714,2723,2697,2719,2712,2671,2675,2704,2674,2727,2690,2692,2686,2687,2673,3133,3076,3190,3075,3074,3110,3075,3264,3178,3199,3038,3300,3299,3245,3081,3264,3252,3003,3086,3163,3258,3033,2977,3092,3259,2983,3107,3291,3279,3093,3155,3010,2699,2704,2703,2716,2701,2696,2691,2680,2695,2710,2690,2702,2718,2714,2715,2718,2701,2714,2703,2686,2694,2717,2704,2719,2684,2704,2693,2694,2699,2688,2704,2687
183,1830,right,2674,2674,2698,2719,2701,2676,2699,2690,2698,2680,2727,2695,2724,2675,2676,2718,2690,2706,2702,2705,2726,2688,2685,2724,2729,2714,2711,2721,2728,2690,2710,2713,3165,3181,3261,3239,3116,3080,3303,3201,3151,3232,3224,3140,3097,3163,3180,3025,3161,3029,3282,3202,3318,3309,3004,3077,3258,3255,3146,3091,3181,3062,3064,3137,2718,2715,2712,2714,2687,2706,2680,2683,2705,2706,2712,2690,2706,2709,2705,2702,2714,2687,2689,2705,2700,2709,2684,2690,2700,2719,2704,2712,2701,2686,2701,2709
184,1840,right,2705,2673,2696,2716,2678,2701,2701,2688,2678,2723,2682,2701,2713,2719,2684,2727,2727,2723,2714,2692,2699,2691,2711,2678,2720,2702,2720,2684,2691,2678,2726,2702,3198,3184,3207,3267,3139,3203,3074,3053,3064,3171,3230,3102,3133,3164,3041,3179,3179,3210,3262,3127,3269,3191,3320,3178,3313,2994,3249,3046,3109,3111,3232,3149,2698,2713,2710,2688,2685,2681,2701,2712,2691,2710,2707,2719,2711,2716,2718,2707,2714,2713,2697,2686,2696,2715,2698,2708,2717,2690,2707,2695,2713,2712,2710,2680
185,1850,right,2677,2691,2726,2693,2705,2707,2715,2717,2690,2690,2724,2684,2701,2684,2690,2677,2718,2696,2673,2727,2688,2695,2681,2715,2707,2692,2706,2692,2681,2670,2675,2674,3173,3254,3054,3023,3227,3187,3226,3176,3190,3294,3193,3172,3095,3274,3073,3289,3043,3288,3142,3111,3128,3035,3303,3245,3203,3089,3040,3158,3202,3027,3112,3266,2695,2686,2706,2718,2683,2705,2680,2705,2682,2703,2688,2694,2683,2687,2695,2710,2684,2714,2683,2715,2715,2717,2717,2686,2715,2706,2719,2688,2716,2709,2714,2694
186,1860,right,2716,2705,2671,2698,2707,2701,2728,2683,2726,2714,2681,2695,2706,2671,2697,2725,2707,2701,2695,2694,2691,2691,2686,2709,2729,2677,2701,2697,2695,2673,2686,2707,3251,3123,3150,3272,3030,3023,3133,3347,3070,2984,3294,3247,3168,2958,3067,3228,3173,3255,3104,3013,3049,3150,3258,3224,3224,3133,3280,3033,3243,3150,3241,3124,2719,2717,2702,2715,2719,2696,2715,2710,2703,2703,2707,2696,2697,2705,2694,2704,2703,2683,2684,2689,2699,2688,2696,2716,2710,2712,2704,2713,2712,2690,2683,2715
187,1870,right,2686,2708,2720,2720,2693,2677,2671,2720,2694,2720,2708,2728,2721,2675,2680,2697,2693,2698,2710,2723,2712,2711,2695,2679,2700,2711,2722,2688,2674,2709,2721,2672,3036,3317,3210,3047,3076,3217,3263,3102,3000,3160,3127,3027,3024,3076,3213,2993,3175,3213,3174,3048,2984,3086,3192,3169,3119,3122,3117,3194,3172,3029,3259,3023,2696,2707,2683,2693,2708,2682,2691,2709,2683,2685,2685,2713,2695,2717,2699,2696,2703,2696,2696,2718,2707,2681,2711,2691,2701,2717,2708,2692,2704,2690,2690,2680
188,1880,right,2707,2676,2715,2702,2682,2725,2694,2727,2676,2691,2713,2711,2702,2729,2679,2701,2709,2675,2683,2701,2712,2719,2714,2723,2723,2711,2722,2672,2715,2682,2718,2729,3193,3063,3097,3060,3231,3202,3269,3176,3281,3282,3237,3288,3133,3135,3235,3236,3299,3077,3059,3095,2980,3015,3230,3125,3216,3299,3038,3169,3211,3062,3098,3127,2714,2688,2715,2716,2703,2692,2681,2685,2683,2709,2688,2709,2719,2717,2688,2714,2692,2702,2699,2704,2688,2712,2699,2715,2706,2706,2683,2683,2687,2710,2701,2689
189,1890,right,2690,2715,2692,2729,2681,2689,2680,2725,2695,2707,2678,2677,2709,2722,2726,2714,2687,2704,2683,2702,2703,2702,2701,2696,2678,2682,2716,2725,2700,2688,2728,2707,3304,3097,3147,3258,3130,3102,3233,3180,3133,3012,3041,3135,3312,3137,3326,3220,3212,3232,3255,3086,3045,3291,3100,3077,3066,3166,3192,3261,3005,3120,3230,3217,2705,2714,2684,2682,2687,2692,2706,2685,2700,2691,2719,2713,2700,2715,2687,2691,2696,2680,2716,2693,2713,2716,2703,2712,2692,2691,2705,2713,2682,2719,2680,2701
190,1900,right,2705,2674,2702,2706,2674,2701,2725,2707,2702,2689,2704,2718,2711,2714,2704,2729,2709,2727,2714,2676,2675,2692,2682,2694,2709,2681,2723,2696,2688,2686,2672,2685,2989,3100,3087,3241,3124,3260,3059,3081,3213,3194,3081,3246,3059,3215,3126,3134,3145,3174,3282,3267,3236,3188,3064,3201,3031,3148,3202,3137,3041,3132,3078,3018,2681,2696,2716,2713,2718,2713,2703,2708,2700,2687,2716,2696,2707,2690,2703,2685,2716,2706,2703,2692,2696,2695,2692,2686,2685,2702,2702,2710,2700,2696,2687,2693
191,1910,right,2729,2710,2718,2719,2696,2690,2729,2711,2715,2680,2683,2687,2698,2703,2715,2715,2705,2699,2675,2707,2680,2688,2726,2703,2678,2696,2696,2690,2687,2707,2728,2729,3244,3022,3131,3066,3048,3112,3152,3262,3216,3115,3019,3234,3185,3288,3231,3187,3309,3058,3209,3144,3057,3306,3067,3047,3128,3186,3026,3249,3059,3149,3117,3067,2683,2689,2695,2698,2702,2699,2688,2682,2717,2712,2713,2683,2681,2711,2689,2717,2707,2706,2719,2707,2680,2681,2697,2714,2706,2687,2704,2688,2719,2702,2704,2683
192,1920,right,2723,2671,2682,2720,2688,2714,2677,2725,2682,2704,2689,2696,2719,2682,2678,2679,2689,2685,2671,2716,2727,2698,2716,2705,2721,2718,2676,2727,2681,2712,2688,2675,3206,3089,3187,3165,3052,3184,3127,3249,3168,3001,3081,3112,3029,3033,3261,3042,3177,3083,2971,3225,3266,3025,3270,3035,3123,3198,3220,3144,3062,3246,3248,3229,2706,2716,2688,2699,2717,2681,2699,2711,2710,2704,2695,2694,2685,2706,2710,2703,2709,2680,2707,2685,2683,2680,2690,2682,2715,2705,2694,2707,2682,2682,2685,2715
193,1930,right,2722,2680,2688,2672,2680,2689,2729,2690,2688,2714,2720,2693,2684,2697,2709,2675,2671,2719,2710,2681,2692,2686,2674,2693,2683,2687,2695,2707,2680,2689,2728,2701,3117,3081,3063,3195,3137,3286,3179,3237,3107,3063,3089,3210,3064,2995,3081,3293,3275,3335,3343,3028,3081,3018,3225,2987,3159,3256,3074,2996,2994,3037,3080,3137,2719,2715,2703,2680,2693,2697,2712,2697,2688,2709,2714,2681,2716,2697,2699,2691,2691,2708,2719,2697,2707,2719,2686,2688,2719,2683,2690,2688,2694,2711,2706,2707
194,1940,right,2710,2680,2720,2678,2696,2695,2682,2701,2691,2720,2727,2681,2670,2696,2679,2706,2702,2724,2709,2694,2725,2719,2711,2686,2708,2711,2680,2713,2690,2726,2707,2722,3214,3084,3218,3067,3237,3029,3069,3169,3241,3232,3150,3325,3209,3144,3283,3240,3057,3142,3103,3007,3027,3143,3209,3254,3129,3047,3064,3156,3269,3231,3196,3094,2714,2716,2710,2683,2681,2717,2683,2715,2689,2691,2702,2713,2688,2709,2700,2681,2711,2694,2703,2705,2708,2719,2705,2715,2691,2704,2690,2702,2718,2699,2684,2717
195,1950,right,2718,2681,2695,2683,2727,2711,2728,2695,2694,2680,2680,2681,2676,2720,2695,2688,2714,2686,2682,2712,2682,2679,2719,2671,2684,2685,2711,2727,2681,2682,2691,2707,3310,3003,3155,3179,3148,3052,3215,3072,3052,3082,3071,3255,3096,3022,3273,3139,3275,3293,3186,3061,3231,3006,3205,3213,3118,3142,3223,3161,3245,3255,3092,3331,2703,2710,2699,2715,2715,2713,2698,2702,2707,2707,2696,2689,2698,2714,2710,2680,2711,2688,2691,2692,2691,2718,2699,2693,2707,2693,2689,2709,2705,2709,2697,2686
196,1960,right,2715,2724,2687,2706,2725,2712,2702,2714,2718,2727,2700,2685,2685,2696,2692,2716,2728,2672,2670,2689,2672,2699,2726,2700,2692,2716,2719,2709,2721,2695,2713,2695,3232,3242,3226,3343,3009,3186,3032,3145,3165,3069,3283,3104,3174,3102,3129,3170,3030,3095,3156,3127,3127,3203,3149,3027,3122,3111,3128,3060,3036,3216,3266,2985,2700,2690,2715,2712,2684,2708,2697,2699,2708,2701,2683,2685,2711,2690,2703,2695,2682,2709,2719,2707,2685,2690,2689,2708,2691,2683,2699,2706,2683,2701,2683,2715
197,1970,right,2682,2691,2697,2725,2698,2711,2673,2708,2720,2671,2723,2714,2727,2695,2720,2678,2724,2692,2687,2704,2697,2672,2695,2723,2717,2691,2709,2700,2683,2708,2677,2718,3177,3151,3174,2986,3230,3081,3111,3017,3006,3248,3099,3231,3294,3314,3118,3060,3057,3082,2983,3262,3275,3125,3202,3174,3279,3250,3197,3223,3266,3115,2999,3068,2704,2693,2704,2717,2705,2680,2691,2700,2688,2695,2704,2692,2701,2697,2687,2699,2696,2686,2711,2684,2702,2706,2691,2714,2718,2713,2700,2703,2708,2690,2704,2697
198,1980,right,2677,2714,2697,2688,2728,2699,2686,2717,2721,2722,2695,2721,2698,2682,2693,2717,2727,2710,2691,2709,2705,2720,2719,2695,2691,2720,2690,2703,2718,2684,2719,2723,3193,3127,3175,3106,3248,3107,3199,3210,3159,3006,2991,3226,3029,3095,3147,3083,3259,3152,3187,3318,3243,3156,3007,3189,3210,3055,3046,3012,2969,3218,3031,3058,2687,2709,2699,2688,2718,2714,2691,2686,2698,2700,2700,2693,2696,2699,2682,2705,2705,2692,2699,2691,2717,2706,2683,2699,2702,2691,2690,2706,2696,2702,2684,2708
199,1990,right,2704,2685,2685,2712,2687,2702,2704,2714,2712,2672,2693,2681,2684,2680,2672,2683,2725,2715,2673,2718,2717,2700,2719,2711,2670,2688,2691,2718,2697,2722,2726,2706,3243,3216,3142,3093,3155,3302,3275,3068,3222,3033,3134,3265,3121,3135,3188,3226,3025,3227,3050,3132,3026,3187,3261,3257,3004,3251,3196,3120,3100,3120,3100,3027,2698,2704,2702,2686,2697,2681,2714,2682,2697,2701,2690,2693,2718,2690,2695,2688,2681,2694,2708,2693,2718,2685,2712,2683,2713,2707,2692,2691,2704,2703,2701,2683
200,2000,right,2704,2688,2718,2721,2711,2720,2711,2704,2717,2673,2706,2725,2686,2719,2710,2725,2710,2719,2713,2724,2693,2684,2678,2729,2728,2678,2692,2685,2680,2671,2714,2703,3105,3169,3213,3179,3176,3152,3206,3134,3171,3130,3050,3134,3166,3286,3228,3076,3154,3270,2989,3155,3076,3003,3132,3229,3212,3188,3158,3236,3136,3196,3120,3196,2713,2693,2706,2710,2719,2682,2703,2691,2685,2690,2718,2709,2683,2704,2716,2693,2686,2697,2718,2688,2684,2705,2687,2704,2703,2683,2705,2710,2711,2713,2688,2702
201,2010,right,2674,2696,2712,2685,2685,2673,2678,2688,2676,2711,2690,2706,2728,2700,2672,2701,2715,2723,2673,2708,2677,2681,2700,2699,2688,2704,2675,2698,2719,2675,2727,2706,3045,3136,3117,3130,3041,3293,3130,3199,3111,3000,3013,2993,3221,3273,3289,3020,3177,3076,3086,3236,3300,3111,3216,3246,3235,3081,3126,3069,3179,3141,3064,3317,2709,2707,2689,2715,2715,2701,2707,2692,2699,2715,2714,2711,2695,2716,2689,2686,2689,2682,2707,2708,2717,2682,2683,2709,2684,2716,2712,2681,2689,2680,2687,2688
202,2020,right,2679,2697,2709,2686,2721,2728,2681,2700,2700,2698,2679,2693,2679,2698,2678,2696,2708,2690,2673,2714,2686,2708,2718,2690,2726,2708,2682,2722,2709,2672,2675,2687,2970,3007,3044,3207,3123,3075,3142,3187,3104,3246,3231,3099,3133,3245,3103,3062,3206,3135,3159,3134,3269,3010,3062,3034,3273,3304,3246,3111,3116,3278,3194,3037,2714,2708,2696,2715,2718,2683,2712,2709,2694,2714,2706,2686,2711,2680,2692,2687,2706,2694,2714,2683,2717,2696,2718,2692,2704,2719,2690,2690,2696,2715,2717,2711
203,2030,right,2729,2722,2712,2685,2721,2699,2677,2726,2687,2704,2725,2723,2711,2716,2720,2708,2672,2726,2676,2698,2727,2686,2691,2703,2701,2703,2707,2673,2700,2705,2708,2679,3162,3081,3102,3262,3144,3253,3204,3169,2997,3286,3264,3012,3154,3142,3231,3094,3055,3317,3056,3293,3231,3018,3195,3242,3165,3208,3235,3109,3216,3183,3084,3295,2695,2719,2709,2711,2713,2700,2691,2700,2683,2701,2705,2681,2691,2718,2707,2705,2680,2716,2692,2684,2706,2699,2692,2702,2718,2699,2695,2681,2687,2701,2697,2703
204,2040,right,2704,2691,2687,2729,2689,2721,2684,2721,2674,2716,2672,2695,2698,2679,2723,2687,2697,2707,2713,2670,2709,2724,2681,2723,2693,2701,2707,2679,2713,2704,2727,2698,3232,3182,3265,3092,3185,3159,3199,3113,3177,3299,3112,3141,3065,3057,3270,3251,3009,3240,3231,3125,3211,3299,3281,2992,3099,3213,3232,3186,3126,3047,3167,3088,2704,2707,2715,2699,2703,2680,2707,2689,2700,2707,2708,2698,2689,2687,2709,2718,2707,2689,2695,2681,2692,2701,2690,2689,2697,2688,2714,2693,2705,2710,2707,2685
205,2050,right,2729,2706,2719,2680,2715,2720,2706,2675,2720,2696,2724,2703,2699,2713,2679,2675,2717,2703,2719,2716,2695,2693,2689,2673,2699,2716,2726,2706,2713,2691,2674,2722,3192,3115,3024,3071,3148,3073,3324,3218,3183,3186,3038,3000,3050,3080,3149,3078,3122,3219,3085,3010,3166,3106,3148,3199,3254,3032,3227,3100,3312,3147,3255,3128,2714,2685,2704,2684,2690,2698,2700,2713,2698,2705,2694,2705,2694,2710,2706,2704,2682,2697,2708,2700,2708,2715,2702,2711,2712,2718,2713,2706,2716,2716,2714,2702
206,2060,right,2673,2706,2726,2677,2717,2726,2703,2673,2671,2715,2729,2727,2670,2719,2696,2679,2718,2696,2711,2705,2690,2721,2729,2703,2672,2672,2728,2715,2683,2681,2694,2676,3164,3100,3278,3223,3182,3259,3228,3044,3089,3002,3309,3231,3205,3119,3081,2970,3142,3076,3182,3028,3262,3250,3109,3139,3259,3154,3232,3128,3102,2997,3255,3193,2681,2696,2703,2693,2697,2711,2716,2696,2689,2680,2706,2705,2706,2694,2699,2709,2715,2686,2695,2701,2707,2717,2709,2683,2718,2695,2699,2693,2684,2709,2697,2692
207,2070,right,2717,2699,2722,2701,2717,2698,2708,2691,2705,2693,2726,2683,2704,2684,2698,2670,2728,2690,2726,2683,2701,2670,2671,2711,2725,2686,2713,2709,2682,2687,2709,2706,3034,3132,3262,3127,3190,3150,3264,3029,3114,3109,3210,3072,3201,2994,3136,3215,3150,3064,3237,3273,3109,3183,3230,3327,3326,3184,3054,3225,2985,3032,3202,3220,2698,2702,2698,2701,2703,2714,2717,2690,2717,2690,2699,2682,2709,2680,2693,2690,2694,2700,2692,2680,2695,2686,2704,2680,2686,2715,2696,2694,2719,2717,2684,2706
208,2080,right,2725,2694,2671,2726,2682,2702,2675,2682,2682,2714,2687,2687,2722,2701,2711,2706,2688,2713,2697,2677,2688,2698,2722,2685,2682,2677,2707,2720,2691,2682,2703,2672,3152,3002,3074,3113,3117,3057,3163,3237,3257,3045,3170,3283,3209,3114,3249,3041,3242,3046,3192,3210,3171,3224,3197,3035,3223,3109,3013,3015,3084,3259,3269,3202,2695,2694,2694,2681,2709,2707,2704,2717,2699,2697,2710,2706,2706,2688,2687,2682,2689,2695,2714,2687,2686,2701,2705,2687,2702,2718,2702,2704,2682,2714,2689,2685
209,2090,right,2673,2721,2708,2678,2729,2685,2684,2728,2678,2718,2675,2726,2676,2718,2703,2702,2692,2681,2692,2723,2700,2713,2709,2692,2684,2706,2677,2727,2709,2724,2700,2718,3083,3194,3201,3116,3192,3179,3140,3247,3145,3260,3178,3225,3256,3273,3297,3061,3196,3102,3198,3127,3171,3252,3045,3273,3240,3032,3019,3046,3035,3258,3155,3073,2697,2688,2719,2709,2713,2718,2716,2697,2686,2680,2712,2697,2694,2718,2712,2695,2686,2688,2697,2685,2715,2713,2695,2694,2697,2711,2694,2696,2708,2709,2701,2690
210,2100,right,2708,2681,2715,2709,2689,2723,2674,2716,2727,2693,2708,2710,2726,2674,2707,2675,2713,2706,2684,2693,2697,2676,2702,2678,2702,2727,2729,2710,2681,2719,2707,2710,3011,3079,3100,3238,3295,3126,3128,3234,3263,2982,3161,3032,3320,3059,3233,3130,3237,3084,3123,3240,3231,3184,3271,3209,3100,3094,3072,2998,3253,3219,3206,3119,2703,2686,2700,2697,2696,2719,2718,2686,2686,2712,2712,2711,2690,2686,2693,2683,2682,2705,2690,2694,2716,2697,2712,2684,2715,2681,2683,2702,2683,2702,2704,2686
211,2110,right,2695,2711,2698,2699,2698,2711,2700,2714,2670,2703,2705,2721,2696,2688,2674,2674,2706,2672,2691,2698,2698,2711,2671,2727,2674,2691,2728,2692,2677,2698,2714,2720,3097,3195,3143,3256,3208,3077,3161,3122,3143,3118,3040,3162,2977,3148,3003,3161,3249,3100,3238,3003,3073,3281,3228,3082,3227,3336,3170,3072,3188,3044,3131,3083,2696,2702,2710,2681,2718,2718,2683,2700,2700,2717,2683,2709,2713,2683,2691,2697,2718,2704,2703,2684,2689,2682,2717,2705,2692,2680,2710,2695,2718,2710,2696,2717
212,2120,right,2694,2675,2720,2720,2691,2685,2682,2729,2670,2717,2718,2677,2671,2727,2706,2722,2718,2704,2673,2695,2705,2694,2710,2688,2688,2681,2670,2687,2674,2672,2690,2709,3033,3185,3065,3053,3116,3266,3284,3070,3013,3055,3011,3061,3250,3121,3233,3054,3027,3080,3155,3030,3127,3200,3170,3163,3112,3256,3300,3023,3039,3163,3182,3313,2684,2698,2699,2703,2686,2690,2686,2706,2702,2702,2681,2682,2682,2714,2689,2697,2695,2687,2691,2709,2701,2706,2683,2711,2690,2719,2698,2696,2702,2697,2703,2689
213,2130,right,2708,2688,2700,2689,2682,2682,2673,2693,2675,2680,2689,2694,2717,2728,2723,2717,2696,2704,2702,2686,2675,2692,2714,2702,2680,2726,2680,2687,2683,2722,2720,2677,3270,3235,2961,3178,3175,3185,3259,3208,3214,3036,3135,3156,3055,3175,3106,3162,3167,3283,3065,3138,3063,3132,3082,3272,3171,3276,3135,3216,3296,3073,3180,3108,2702,2697,2693,2702,2695,2688,2704,2698,2690,2700,2697,2691,2695,2681,2702,2690,2709,2684,2687,2709,2683,2698,2719,2699,2683,2712,2688,2705,2690,2719,2699,2717
214,2140,right,2729,2677,2727,2723,2683,2674,2694,2723,2727,2688,2688,2694,2695,2720,2717,2698,2674,2679,2679,2686,2707,2701,2728,2677,2685,2719,2696,2713,2728,2678,2692,2715,3146,3264,3094,3177,2998,3245,3237,3268,3173,3003,3081,3143,3010,3168,3198,3289,3110,3280,3310,3106,3103,3126,3079,3057,3022,3216,3097,3072,3076,3114,3282,3293,2715,2685,2697,2716,2689,2680,2701,2699,2691,2691,2692,2682,2687,2697,2695,2683,2719,2719,2715,2687,2700,2704,2696,2682,2718,2717,2706,2707,2711,2719,2681,2682
215,2150,right,2725,2682,2699,2714,2676,2725,2717,2702,2722,2703,2716,2701,2685,2723,2720,2683,2699,2717,2722,2707,2673,2714,2690,2694,2713,2682,2717,2676,2677,2703,2681,2700,2991,3161,3246,3112,3238,3162,3159,3055,2960,3235,3259,3032,3170,3270,3108,3299,3071,3088,3274,3260,3206,3236,3338,3170,3085,3195,3268,3044,3264,3208,3163,3330,2705,2696,2715,2718,2697,2714,2697,2706,2682,2715,2683,2684,2697,2697,2691,2712,2698,2705,2703,2694,2707,2691,2709,2685,2686,2682,2687,2694,2691,2695,2692,2698
216,2160,right,2716,2691,2723,2726,2688,2680,2683,2715,2719,2715,2691,2729,2706,2720,2679,2726,2675,2672,2723,2692,2695,2675,2701,2684,2723,2727,2723,2694,2676,2711,2671,2725,3092,3140,3264,3206,3028,3124,3046,3081,3225,3045,3165,3067,3048,3253,3094,3271,3302,3128,3321,3114,3206,2976,3018,3087,3041,3083,3001,3294,3111,3205,3095,3326,2719,2711,2687,2714,2687,2710,2719,2687,2712,2697,2687,2687,2693,2682,2686,2704,2684,2703,2689,2707,2700,2689,2699,2698,2689,2719,2707,2705,2690,2690,2711,2685
217,2170,right,2684,2705,2701,2704,2718,2704,2682,2700,2702,2712,2707,2694,2729,2727,2670,2686,2722,2704,2704,2718,2678,2676,2697,2680,2723,2689,2728,2714,2728,2725,2681,2692,3221,3034,3111,3277,3158,3095,3191,3274,3153,3104,3141,3126,3179,3038,3267,3281,3177,3060,3149,3259,3046,3064,3089,3142,3290,3156,3279,3078,3261,3247,3157,3136,2712,2707,2716,2684,2691,2715,2690,2719,2697,2697,2682,2703,2684,2707,2687,2680,2691,2698,2711,2688,2697,2697,2680,2715,2697,2715,2714,2711,2700,2687,2717,2687
218,2180,right,2680,2670,2710,2684,2674,2709,2704,2689,2727,2692,2688,2719,2691,2728,2709,2676,2708,2696,2687,2701,2713,2673,2706,2725,2694,2702,2727,2699,2727,2687,2686,2704,3180,3100,3093,3058,3133,3056,3038,3102,3029,3332,3108,3069,3034,3202,3079,3127,3264,3165,3175,3170,3186,3167,3071,3219,2989,3179,3229,3148,3100,3183,3016,3084,2697,2700,2711,2690,2697,2702,2702,2715,2695,2692,2692,2703,2688,2709,2701,2708,2705,2696,2710,2713,2681,2684,2685,2690,2683,2686,2704,2711,2695,2711,2707,2709
219,2190,right,2672,2728,2701,2725,2676,2683,2705,2696,2670,2673,2692,2684,2706,2714,2721,2695,2689,2719,2683,2674,2724,2707,2720,2701,2692,2684,2707,2729,2678,2707,2685,2712,3087,3192,3068,3137,3324,3083,3271,3244,3254,3228,3102,3005,3146,3052,2985,3056,3144,3283,3094,3219,3003,3120,3071,3144,2985,3084,3142,3235,3052,3124,3099,3186,2692,2712,2694,2694,2688,2689,2697,2700,2717,2718,2685,2687,2707,2708,2681,2683,2706,2713,2698,2716,2702,2715,2716,2702,2685,2683,2695,2684,2690,2710,2694,2713
220,2200,right,2727,2683,2696,2686,2675,2727,2723,2724,2674,2703,2706,2699,2682,2724,2677,2701,2709,2710,2689,2675,2681,2693,2674,2722,2700,2715,2719,2717,2724,2679,2709,2703,3083,3160,3206,3140,3198,2977,3100,3188,3026,3210,2987,3130,3162,3200,3077,3245,3056,3207,3161,3090,3124,3236,3023,3258,3105,3275,3155,3258,3131,3154,3258,3094,2711,2682,2711,2683,2683,2700,2719,2696,2716,2691,2697,2715,2691,2715,2682,2686,2686,2707,2694,2683,2705,2710,2680,2705,2696,2700,2684,2701,2682,2704,2705,2681
221,2210,right,2704,2677,2722,2670,2720,2720,2723,2675,2691,2692,2724,2684,2724,2698,2687,2710,2678,2688,2721,2708,2689,2717,2723,2693,2705,2699,2718,2706,2682,2696,2706,2683,3158,3277,3029,3245,3182,3172,3096,3243,3287,3052,3051,3161,3303,3299,3286,3055,3218,2984,3240,3242,3050,3221,3050,3278,3176,3268,3150,3154,3270,3285,3122,3237,2688,2717,2710,2716,2717,2695,2703,2710,2705,2708,2696,2698,2682,2705,2702,2688,2688,2696,2708,2683,2695,2716,2688,2694,2717,2709,2686,2708,2711,2719,2709,2702
222,2220,right,2704,2682,2684,2684,2674,2670,2714,2719,2695,2692,2679,2693,2729,2710,2708,2685,2722,2720,2721,2702,2702,2700,2687,2698,2690,2708,2703,2674,2675,2700,2700,2696,3071,3254,3231,3068,3296,3274,3334,3274,3321,3075,3143,3214,3249,3059,3109,3015,2953,3234,3213,3209,3080,3141,3260,3247,3263,3039,3011,3100,3069,3093,3180,3161,2686,2715,2719,2688,2696,2709,2681,2704,2683,2704,2684,2699,2698,2707,2709,2686,2697,2698,2712,2708,2695,2711,2687,2692,2682,2717,2682,2697,2702,2705,2686,2691
223,2230,right,2708,2720,2686,2729,2726,2720,2704,2683,2718,2703,2696,2715,2707,2696,2723,2727,2702,2717,2692,2729,2674,2674,2694,2688,2706,2671,2726,2725,2713,2687,2679,2695,3156,3129,3043,3177,3209,3162,3079,3108,3018,3107,3134,3221,3211,3319,3192,3087,3078,3242,3303,3088,3051,3182,3026,3255,3009,3056,2981,3192,3212,3071,3261,3237,2702,2693,2685,2706,2706,2695,2714,2689,2712,2698,2696,2701,2710,2689,2713,2696,2680,2711,2680,2683,2704,2709,2712,2711,2692,2680,2701,2688,2705,2714,2685,2683
224,2240,right,2671,2701,2705,2693,2722,2707,2673,2692,2696,2718,2729,2723,2670,2702,2677,2709,2673,2727,2695,2675,2680,2671,2678,2719,2676,2713,2723,2714,2721,2727,2687,2699,3193,3083,3154,3103,3114,3251,3069,3284,3207,3149,3219,3177,2988,3114,3260,3145,3072,3293,3025,3038,3197,3278,3255,3101,3182,3253,3104,3041,3250,3048,3129,3270,2696,2700,2719,2693,2709,2712,2683,2683,2706,2686,2697,2688,2702,2682,2700,2688,2705,2684,2716,2685,2688,2704,2702,2680,2706,2714,2683,2712,2713,2700,2690,2686
225,2250,right,2704,2716,2678,2722,2677,2701,2692,2713,2687,2674,2693,2688,2688,2717,2699,2715,2720,2678,2696,2703,2697,2728,2672,2673,2685,2703,2706,2698,2688,2702,2709,2686,3276,3257,3235,3270,3264,3163,3284,3096,3052,3148,3266,3056,3060,2955,3120,3052,3265,2986,3026,3028,3139,3219,3140,3329,3006,3183,3110,3052,3131,3074,3012,3203,2717,2699,2688,2711,2708,2717,2683,2681,2693,2698,2689,2708,2714,2697,2708,2707,2689,2708,2708,2716,2690,2685,2691,2686,2684,2701,2687,2713,2681,2697,2707,2710
226,2260,right,2719,2702,2672,2704,2690,2687,2691,2673,2681,2719,2678,2705,2680,2726,2700,2724,2705,2708,2677,2680,2729,2720,2709,2722,2691,2713,2728,2715,2689,2672,2679,2684,3153,3158,3094,3325,3052,3039,3126,3287,3297,3027,3054,3038,3178,3137,3121,3241,3079,3168,3219,3264,3237,3210,3115,3232,3052,3089,3246,3016,3032,3025,3326,3098,2705,2696,2704,2716,2710,2698,2697,2703,2688,2704,2719,2709,2690,2696,2694,2704,2715,2691,2680,2703,2712,2709,2718,2719,2688,2685,2690,2687,2718,2698,2688,2713
227,2270,right,2703,2724,2720,2704,2677,2671,2704,2691,2686,2697,2680,2711,2706,2690,2687,2705,2678,2716,2679,2676,2677,2671,2701,2707,2704,2690,2729,2727,2701,2697,2681,2677,3141,3105,2995,3035,3261,3107,3053,3075,3250,3267,3027,3208,3304,3200,3277,3162,3232,3059,3161,3064,3165,3162,3093,3151,3230,3078,3123,3281,3147,3033,3062,3058,2706,2715,2682,2689,2680,2694,2693,2692,2683,2685,2697,2697,2699,2700,2695,2716,2689,2717,2701,2705,2688,2714,2714,2694,2689,2684,2717,2683,2708,2717,2719,2715
228,2280,right,2708,2720,2711,2702,2696,2692,2686,2707,2722,2686,2723,2712,2719,2712,2715,2687,2683,2709,2728,2707,2711,2684,2673,2671,2688,2686,2720,2670,2709,2700,2691,2695,3064,3177,3153,3225,3094,3029,3178,3200,3112,3099,3055,3081,3230,3073,3345,3116,3207,3226,3184,3157,2989,3078,3276,3116,3215,3068,3234,3139,3015,3249,3009,3105,2683,2715,2704,2696,2713,2690,2691,2684,2715,2712,2696,2687,2704,2692,2695,2712,2706,2689,2696,2681,2699,2715,2705,2700,2688,2695,2683,2683,2695,2700,2705,2683
229,2290,right,2726,2721,2686,2714,2713,2704,2704,2679,2688,2716,2703,2682,2693,2677,2683,2689,2691,2680,2676,2723,2711,2672,2729,2724,2673,2684,2698,2720,2721,2682,2725,2717,3178,2984,3016,3271,2963,3193,3207,3190,3136,3236,3141,3107,3265,3076,3208,3201,3131,3007,3076,3179,3141,3121,3054,3294,3333,3093,3252,3296,3042,3200,3181,3208,2695,2708,2715,2710,2683,2717,2711,2712,2708,2707,2680,2691,2705,2708,2699,2681,2696,2712,2718,2681,2708,2682,2707,2696,2691,2687,2692,2698,2712,2704,2704,2694
230,2300,right,2713,2694,2716,2686,2693,2715,2729,2681,2705,2719,2672,2713,2677,2723,2712,2706,2709,2680,2691,2720,2691,2674,2727,2718,2723,2681,2715,2721,2709,2714,2722,2700,3169,3237,3109,3276,3302,3278,3043,3174,3160,3097,3225,3306,3035,3236,3130,3198,3250,3119,3167,3047,3101,3038,3060,3149,3252,3216,3013,3090,3244,3137,3157,3166,2719,2700,2713,2690,2714,2703,2712,2684,2706,2709,2707,2704,2704,2713,2718,2691,2708,2687,2683,2691,2706,2705,2705,2684,2694,2695,2705,2697,2710,2691,2702,2697
231,2310,right,2699,2711,2711,2683,2710,2691,2729,2717,2692,2713,2684,2704,2681,2677,2723,2726,2718,2681,2683,2680,2705,2702,2672,2701,2701,2703,2721,2710,2708,2699,2708,2686,3310,3069,3111,3204,3212,3320,2987,3108,3251,3253,3229,3124,3131,3162,3172,3064,3183,3021,3188,3251,3140,3223,3217,3110,3138,3236,3265,3238,2994,3295,3267,3151,2709,2711,2711,2704,2717,2691,2684,2691,2692,2680,2702,2697,2707,2691,2686,2682,2700,2683,2687,2716,2700,2688,2703,2716,2703,2715,2685,2694,2719,2685,2694,2719
232,2320,right,2676,2704,2710,2719,2690,2712,2702,2693,2715,2681,2700,2710,2722,2726,2672,2706,2705,2713,2726,2679,2693,2692,2724,2720,2672,2729,2671,2694,2718,2706,2684,2721,3214,3155,3038,3312,3224,3235,3133,3144,3165,3147,3196,3139,3252,2969,3081,3250,3231,3107,3199,3173,3149,3053,3297,3162,3169,3183,3230,3103,3032,3085,3225,3153,2710,2700,2712,2705,2699,2714,2703,2711,2701,2689,2717,2686,2682,2706,2708,2690,2702,2707,2683,2705,2692,2711,2705,2701,2689,2717,2687,2692,2705,2717,2709,2691
233,2330,right,2729,2692,2706,2728,2712,2721,2691,2713,2699,2725,2708,2714,2685,2686,2673,2715,2714,2723,2690,2687,2696,2671,2729,2680,2711,2692,2693,2673,2712,2720,2685,2674,3053,3196,3185,3073,3275,2982,3214,3090,3047,3153,3070,3150,3126,3191,3260,3096,3040,3321,3298,2966,3158,3118,3140,3209,3184,3037,2969,3156,2991,3111,3052,3192,2685,2712,2691,2716,2686,2715,2717,2699,2682,2690,2718,2706,2700,2693,2702,2696,2707,2707,2718,2699,2698,2703,2715,2705,2696,2714,2700,2687,2704,2700,2718,2692
234,2340,right,2713,2677,2694,2689,2679,2717,2714,2709,2712,2696,2701,2685,2706,2709,2691,2729,2686,2671,2718,2674,2715,2709,2721,2686,2712,2725,2720,2722,2722,2705,2692,2697,3161,3175,3104,3199,3075,3040,3027,3277,3219,3178,3137,3077,3212,3215,3068,3185,3271,3107,3295,3244,3142,3227,3143,3080,3181,3048,3130,3305,2998,3082,3004,2982,2704,2682,2690,2709,2683,2719,2712,2681,2693,2704,2716,2700,2714,2711,2702,2707,2709,2688,2709,2689,2714,2688,2702,2718,2684,2696,2706,2700,2710,2697,2700,2680
235,2350,right,2724,2706,2681,2720,2685,2686,2710,2696,2680,2724,2692,2712,2719,2685,2693,2700,2673,2711,2706,2671,2699,2700,2674,2703,2695,2721,2684,2687,2702,2702,2711,2726,3284,3102,3257,3277,3054,3071,3129,3106,2974,3025,3180,3164,3227,3126,3244,3085,3320,3022,3157,3167,3095,3174,3020,3293,3181,3254,3110,3231,3078,3256,3019,3097,2702,2708,2693,2715,2691,2688,2699,2697,2711,2683,2717,2718,2684,2693,2703,2682,2688,2686,2680,2703,2691,2717,2718,2712,2718,2707,2696,2680,2719,2717,2717,2700
236,2360,right,2701,2683,2697,2711,2673,2721,2693,2697,2690,2680,2705,2697,2678,2672,2676,2725,2728,2675,2711,2706,2694,2683,2705,2677,2705,2728,2707,2690,2717,2699,2722,2705,3298,3280,3117,3160,3127,3124,3220,3033,3248,3292,3058,3098,3214,3108,3122,3250,3036,3003,2984,3075,3114,3066,3292,3153,3164,3156,3112,3068,3179,3132,3058,3256,2718,2694,2704,2696,2707,2699,2689,2701,2682,2694,2706,2700,2702,2686,2717,2684,2716,2691,2681,2684,2718,2689,2698,2708,2689,2718,2718,2705,2705,2715,2705,2690
237,2370,right,2705,2677,2711,2729,2679,2706,2703,2700,2676,2679,2728,2681,2670,2701,2722,2687,2726,2675,2725,2727,2677,2726,2700,2703,2679,2682,2680,2681,2720,2726,2676,2681,3162,3016,3184,3150,3045,3273,3017,3109,3026,3040,3124,3198,3214,3026,3293,3071,3033,3028,3261,3322,3280,3214,3235,3201,3028,3305,3169,3101,3101,3053,3166,3015,2714,2709,2712,2711,2711,2712,2680,2689,2680,2681,2681,2697,2709,2682,2716,2708,2691,2693,2707,2691,2715,2687,2692,2685,2690,2682,2706,2718,2717,2693,2699,2712
238,2380,right,2720,2676,2682,2706,2685,2716,2710,2728,2697,2698,2670,2698,2681,2705,2675,2711,2715,2676,2712,2687,2720,2674,2682,2718,2719,2684,2699,2699,2728,2716,2670,2715,3082,3256,3086,3209,3209,3117,3284,3221,3149,3006,3220,3288,3185,3018,3200,3175,3197,3203,3092,3080,3219,2983,3128,3046,3113,3109,3216,3274,3203,3200,3270,3062,2705,2681,2701,2710,2703,2694,2691,2687,2709,2714,2706,2697,2683,2715,2705,2704,2687,2693,2719,2682,2685,2688,2683,2718,2690,2691,2715,2684,2708,2688,2717,2714
239,2390,right,2674,2698,2689,2687,2695,2682,2692,2723,2723,2687,2718,2707,2675,2674,2693,2697,2681,2686,2676,2694,2702,2714,2690,2729,2706,2672,2711,2677,2722,2681,2672,2670,3051,3193,3029,3091,3275,3248,3286,3116,3264,3114,3114,3058,3207,2982,3216,3018,3214,3069,3150,3258,3212,3075,3245,3228,3050,3225,3035,3199,3016,3292,3234,3228,2689,2696,2685,2711,2687,2708,2703,2708,2714,2708,2700,2693,2709,2702,2705,2689,2707,2704,2709,2710,2683,2711,2708,2712,2695,2686,2700,2707,2690,2689,2689,2714
240,2400,neutral,2708,2693,2709,2708,2708,2695,2708,2700,2703,2703,2696,2703,2698,2704,2706,2699,2698,2707,2694,2697,2696,2695,2702,2708,2704,2696,2697,2699,2691,2696,2690,2708,2697,2701,2696,2708,2696,2701,2707,2691,2703,2694,2694,2696,2700,2695,2704,2701,2696,2696,2695,2709,2694,2703,2704,2705,2699,2703,2709,2708,2700,2704,2700,2702,2693,2697,2706,2696,2696,2704,2695,2693,2700,2705,2700,2698,2709,2702,2699,2702,2707,2707,2691,2696,2702,2696,2690,2697,2701,2696,2708,2702,2707,2696,2691,2694
241,2410,neutral,2705,2697,2702,2706,2705,2693,2700,2691,2694,2700,2696,2700,2703,2697,2697,2707,2697,2690,2702,2697,2707,2705,2699,2691,2699,2709,2696,2704,2707,2692,2707,2694,2701,2709,2701,2690,2694,2697,2705,2694,2707,2705,2693,2697,2701,2695,2699,2698,2695,2692,2708,2696,2699,2691,2695,2691,2700,2690,2698,2698,2707,2709,2703,2700,2700,2692,2704,2693,2700,2706,2696,2707,2694,2709,2692,2699,2692,2705,2707,2691,2702,2695,2697,2700,2709,2694,2706,2700,2699,2691,2694,2690,2708,2708,2693,2704
242,2420,neutral,2690,2706,2701,2706,2698,2698,2692,2692,2692,2706,2697,2703,2690,2697,2693,2702,2707,2700,2698,2701,2701,2705,2707,2692,2708,2695,2695,2691,2697,2693,2704,2704,2706,2693,2708,2706,2698,2706,2690,2695,2695,2708,2697,2700,2699,2698,2697,2692,2695,2695,2704,2704,2691,2701,2709,2692,2690,2702,2695,2693,2696,2692,2693,2703,2706,2702,2708,2695,2706,2694,2693,2705,2702,2695,2694,2701,2696,2701,2706,2697,2690,2702,2706,2695,2694,2701,2697,2691,2695,2692,2691,2694,2691,2698,2708,2700
243,2430,neutral,2709,2700,2691,2694,2690,2703,2695,2693,2693,2699,2706,2708,2698,2696,2700,2704,2698,2703,2692,2700,2707,2704,2705,2709,2698,2708,2703,2692,2706,2707,2697,2697,2692,2698,2690,2694,2690,2700,2704,2705,2701,2695,2695,2705,2697,2696,2691,2708,2699,2706,2703,2704,2703,2698,2709,2695,2696,2694,2699,2698,2700,2699,2703,2704,2694,2704,2709,2709,2692,2691,2695,2702,2691,2698,2704,2695,2690,2699,2701,2697,2708,2706,2691,2693,2707,2697,2696,2706,2691,2691,2691,2708,2702,2700,2700,2691
244,2440,neutral,2696,2694,2690,2702,2697,2696,2700,2703,2703,2690,2706,2694,2702,2696,2700,2696,2695,2698,2704,2698,2697,2709,2697,2692,2694,2693,2701,2700,2692,2704,2700,2699,2690,2709,2695,2706,2708,2696,2707,2706,2707,2707,2695,2692,2698,2708,2705,2692,2709,2700,2707,2693,2692,2701,2699,2698,2703,2699,2697,2706,2697,2693,2698,2691,2690,2702,2692,2705,2690,2700,2695,2705,2703,2698,2697,2704,2707,2705,2698,2697,2694,2697,2703,2698,2700,2691,2696,2697,2698,2698,2700,2699,2707,2690,2691,2704
245,2450,neutral,2704,2707,2698,2705,2696,2704,2690,2690,2707,2705,2709,2690,2702,2707,2695,2697,2699,2699,2709,2697,2708,2708,2696,2699,2692,2697,2704,2698,2698,2701,2699,2703,2700,2702,2702,2696,2701,2694,2706,2704,2698,2702,2696,2699,2690,2692,2703,2700,2699,2690,2691,2706,2702,2698,2708,2700,2694,2700,2698,2696,2709,2694,2696,2698,2702,2705,2701,2705,2697,2699,2702,2706,2690,2706,2699,2706,2702,2708,2707,2693,2697,2709,2690,2704,2703,2691,2696,2707,2705,2690,2704,2694,2693,2706,2697,2694
246,2460,neutral,2695,2705,2701,2701,2696,2692,2699,2697,2693,2703,2704,2693,2699,2695,2700,2700,2698,2699,2707,2692,2697,2697,2704,2701,2693,2692,2698,2693,2701,2702,2695,2703,2707,2705,2707,2692,2700,2699,2700,2694,2699,2692,2694,2705,2706,2705,2696,2698,2696,2703,2699,2697,2708,2691,2704,2692,2702,2697,2697,2690,2709,2705,2695,2709,2708,2704,2696,2695,2702,2690,2700,2708,2699,2705,2703,2701,2699,2691,2694,2706,2695,2690,2695,2690,2706,2708,2704,2700,2691,2705,2693,2693,2696,2696,2700,2697
247,2470,neutral,2703,2703,2695,2701,2696,2696,2709,2700,2708,2693,2697,2707,2706,2694,2698,2693,2702,2697,2705,2705,2693,2690,2697,2703,2701,2701,2709,2708,2698,2690,2694,2707,2708,2695,2707,2700,2705,2694,2693,2705,2692,2703,2695,2699,2708,2704,2696,2694,2707,2699,2696,2706,2708,2706,2690,2698,2700,2694,2695,2697,2692,2694,2702,2705,2695,2706,2690,2701,2697,2700,2692,2702,2706,2705,2698,2709,2693,2699,2692,2698,2693,2697,2708,2696,2690,2694,2697,2707,2694,2702,2693,2691,2694,2691,2690,2708
248,2480,neutral,2707,2690,2702,2704,2690,2706,2705,2699,2705,2699,2706,2692,2706,2698,2693,2692,2698,2695,2696,2703,2700,2699,2698,2707,2701,2705,2705,2709,2691,2698,2696,2708,2696,2708,2707,2695,2702,2693,2700,2707,2709,2696,2695,2693,2700,2701,2701,2693,2694,2698,2700,2701,2702,2695,2696,2698,2705,2690,2695,2699,2693,2703,2702,2696,2694,2702,2701,2699,2693,2700,2708,2702,2695,2706,2698,2690,2690,2707,2700,2693,2692,2694,2707,2703,2697,2703,2697,2695,2704,2695,2692,2706,2698,2706,2701,2690
249,2490,neutral,2703,2690,2690,2701,2705,2700,2698,2706,2694,2705,2691,2701,2693,2709,2704,2699,2694,2709,2706,2703,2708,2705,2694,2697,2695,2695,2707,2699,2709,2691,2691,2693,2709,2702,2703,2692,2698,2690,2695,2708,2694,2695,2709,2708,2700,2695,2693,2700,2705,2709,2694,2696,2709,2693,2705,2708,2694,2708,2702,2700,2698,2700,2698,2707,2696,2703,2705,2709,2692,2705,2708,2692,2700,2695,2690,2699,2699,2693,2709,2706,2702,2696,2694,2691,2690,2692,2704,2697,2704,2699,2694,2703,2708,2705,2700,2703
250,2500,neutral,2705,2705,2705,2703,2696,2707,2702,2707,2691,2706,2705,2690,2700,2708,2702,2698,2706,2695,2697,2705,2696,2698,2697,2695,2691,2691,2695,2693,2707,2691,2703,2690,2695,2700,2699,2692,2693,2706,2698,2709,2690,2698,2699,2702,2707,2707,2702,2695,2697,2702,2708,2705,2702,2703,2709,2699,2691,2701,2708,2703,2700,2708,2706,2696,2706,2708,2697,2709,2702,2696,2705,2704,2708,2698,2692,2703,2697,2705,2706,2703,2695,2699,2690,2699,2704,2696,2709,2697,2699,2702,2690,2690,2692,2708,2698,2702
251,2510,neutral,2702,2704,2691,2695,2699,2702,2698,2707,2709,2703,2709,2699,2705,2707,2696,2705,2696,2694,2705,2691,2696,2692,2702,2703,2690,2704,2691,2703,2697,2692,2692,2705,2707,2695,2708,2692,2705,2709,2694,2700,2693,2700,2702,2708,2709,2704,2701,2703,2704,2695,2694,2695,2695,2698,2695,2696,2704,2700,2708,2703,2705,2694,2696,2694,2692,2707,2698,2702,2709,2698,2709,2693,2699,2708,2709,2706,2694,2699,2709,2701,2698,2700,2707,2691,2698,2694,2693,2699,2691,2709,2701,2694,2693,2690,2699,2697
252,2520,neutral,2706,2698,2703,2693,2694,2690,2697,2708,2690,2694,2701,2691,2697,2697,2697,2692,2699,2698,2703,2692,2694,2698,2702,2692,2691,2703,2691,2694,2693,2690,2697,2702,2694,2693,2694,2708,2698,2706,2706,2690,2701,2702,2695,2708,2690,2704,2708,2703,2693,2701,2705,2693,2705,2695,2694,2701,2698,2697,2702,2707,2699,2696,2695,2707,2699,2697,2692,2704,2698,2698,2692,2691,2702,2703,2707,2699,2693,2707,2693,2705,2692,2691,2690,2691,2703,2708,2708,2701,2699,2700,2706,2700,2705,2699,2699,2692
253,2530,neutral,2702,2705,2693,2697,2701,2691,2695,2705,2705,2694,2691,2709,2696,2706,2693,2700,2701,2704,2707,2693,2703,2705,2708,2692,2700,2692,2693,2705,2701,2704,2695,2692,2707,2705,2709,2696,2705,2695,2707,2690,2696,2705,2690,2698,2708,2701,2706,2701,2709,2693,2703,2705,2700,2707,2706,2704,2700,2694,2705,2707,2707,2699,2692,2694,2706,2707,2707,2696,2699,2704,2702,2692,2691,2692,2698,2694,2702,2706,2704,2701,2698,2699,2702,2703,2707,2690,2705,2692,2697,2708,2708,2703,2691,2705,2703,2701
254,2540,neutral,2699,2709,2697,2707,2704,2705,2698,2696,2698,2702,2705,2708,2705,2706,2703,2708,2709,2708,2695,2708,2708,2692,2702,2696,2691,2691,2707,2706,2697,2699,2707,2699,2694,2698,2696,2699,2706,2695,2707,2701,2705,2705,2706,2709,2704,2693,2698,2692,2693,2709,2707,2705,2707,2703,2691,2701,2705,2707,2697,2692,2692,2695,2706,2690,2691,2697,2693,2698,2701,2705,2698,2709,2709,2696,2692,2695,2693,2698,2703,2697,2700,2707,2703,2704,2693,2699,2694,2695,2707,2706,2704,2694,2707,2701,2692,2707
255,2550,neutral,2703,2702,2709,2708,2692,2699,2690,2705,2700,2708,2703,2698,2700,2691,2705,2704,2697,2697,2698,2702,2696,2698,2695,2702,2708,2701,2701,2690,2694,2692,2700,2693,2707,2694,2697,2697,2708,2693,2690,2697,2707,2696,2695,2696,2708,2704,2697,2696,2708,2691,2701,2694,2698,2694,2695,2696,2706,2708,2694,2702,2703,2693,2701,2703,2690,2707,2692,2706,2709,2701,2702,2707,2697,2704,2695,2692,2704,2706,2696,2694,2701,2708,2694,2694,2704,2697,2690,2690,2702,2691,2700,2705,2701,2700,2704,2699
256,2560,neutral,2699,2692,2699,2696,2708,2692,2691,2693,2699,2703,2705,2697,2690,2696,2696,2690,2707,2695,2706,2701,2709,2697,2698,2709,2692,2696,2704,2706,2691,2707,2704,2694,2697,2707,2707,2697,2702,2700,2706,2692,2697,2690,2694,2699,2701,2708,2707,2692,2697,2702,2692,2709,2705,2699,2705,2704,2703,2706,2707,2696,2692,2693,2698,2694,2707,2701,2709,2691,2709,2694,2694,2691,2698,2708,2708,2700,2692,2693,2693,2708,2709,2702,2691,2709,2693,2708,2707,2690,2697,2700,2700,2709,2707,2706,2701,2707
257,2570,neutral,2707,2701,2696,2690,2693,2691,2709,2695,2705,2709,2698,2697,2701,2709,2690,2692,2699,2697,2702,2700,2691,2703,2702,2699,2698,2705,2692,2704,2705,2706,2708,2695,2702,2706,2698,2706,2691,2691,2697,2706,2705,2703,2694,2699,2693,2697,2703,2700,2696,2699,2695,2701,2704,2693,2697,2700,2701,2696,2702,2704,2695,2709,2703,2700,2709,2697,2690,2698,2702,2696,2701,2696,2709,2694,2703,2691,2691,2706,2690,2699,2709,2708,2705,2700,2691,2699,2695,2703,2697,2692,2708,2690,2697,2699,2705,2701
258,2580,neutral,2693,2708,2692,2708,2696,2705,2709,2699,2699,2699,2708,2700,2693,2698,2692,2694,2697,2698,2695,2692,2695,2698,2706,2705,2707,2694,2696,2701,2693,2704,2690,2709,2696,2701,2690,2707,2705,2709,2692,2707,2702,2695,2704,2707,2691,2695,2690,2705,2709,2692,2699,2700,2707,2693,2690,2704,2700,2701,2701,2693,2709,2692,2697,2697,2708,2707,2694,2707,2707,2691,2709,2700,2702,2693,2690,2693,2694,2703,2698,2694,2695,2697,2696,2707,2702,2707,2703,2696,2704,2704,2693,2691,2705,2708,2709,2693
259,2590,neutral,2709,2696,2696,2696,2692,2705,2690,2704,2691,2709,2701,2709,2708,2705,2703,2702,2703,2703,2690,2701,2698,2703,2695,2708,2693,2700,2709,2703,2709,2693,2695,2692,2702,2700,2691,2696,2692,2703,2691,2691,2708,2707,2695,2699,2705,2699,2695,2703,2704,2700,2690,2702,2695,2706,2706,2697,2694,2700,2700,2706,2705,2691,2692,2701,2692,2691,2705,2699,2707,2703,2704,2697,2695,2701,2692,2706,2690,2700,2693,2700,2696,2693,2695,2694,2702,2709,2695,2692,2704,2704,2696,2700,2698,2709,2691,2706
260,2600,neutral,2699,2693,2695,2700,2692,2698,2702,2701,2697,2705,2695,2696,2696,2699,2691,2694,2706,2696,2706,2690,2696,2704,2699,2697,2708,2699,2709,2695,2703,2693,2694,2707,2707,2692,2701,2709,2697,2693,2707,2702,2691,2693,2704,2700,2693,2693,2697,2702,2702,2696,2700,2690,2705,2707,2709,2690,2695,2709,2703,2704,2698,2709,2709,2694,2709,2704,2697,2694,2690,2692,2703,2700,2690,2700,2695,2702,2705,2702,2705,2693,2708,2702,2696,2695,2694,2703,2708,2707,2694,2698,2697,2706,2696,2706,2694,2693
261,2610,neutral,2696,2697,2703,2704,2704,2699,2707,2703,2696,2692,2699,2705,2708,2691,2707,2709,2691,2700,2702,2709,2697,2703,2690,2691,2703,2697,2709,2693,2692,2694,2697,2702,2691,2704,2701,2693,2705,2691,2707,2692,2690,2697,2693,2706,2698,2707,2706,2690,2701,2700,2700,2696,2705,2692,2701,2695,2708,2707,2707,2697,2697,2708,2702,2698,2702,2699,2695,2700,2696,2692,2690,2693,2707,2694,2696,2696,2699,2696,2697,2690,2693,2709,2690,2699,2706,2697,2697,2694,2698,2709,2695,2708,2697,2698,2705,2696
262,2620,neutral,2708,2702,2700,2707,2699,2704,2704,2696,2697,2697,2701,2700,2707,2691,2702,2701,2691,2699,2707,2708,2691,2701,2701,2703,2706,2693,2701,2693,2709,2705,2699,2704,2698,2694,2690,2703,2696,2695,2707,2709,2692,2690,2695,2700,2708,2699,2702,2704,2707,2695,2704,2696,2695,2699,2703,2704,2703,2698,2700,2697,2697,2692,2708,2700,2690,2694,2690,2703,2699,2696,2698,2690,2709,2694,2693,2699,2705,2700,2706,2701,2707,2708,2707,2709,2708,2705,2696,2700,2706,2707,2709,2690,2697,2703,2692,2695
263,2630,neutral,2700,2700,2690,2701,2705,2698,2702,2708,2692,2707,2699,2709,2700,2694,2698,2704,2707,2709,2693,2702,2701,2700,2690,2706,2690,2698,2700,2707,2709,2690,2698,2698,2704,2692,2690,2692,2704,2694,2701,2697,2697,2702,2705,2696,2697,2706,2709,2700,2700,2701,2694,2705,2701,2691,2705,2707,2708,2701,2695,2693,2698,2702,2695,2696,2709,2703,2695,2693,2695,2690,2698,2700,2703,2699,2708,2704,2700,2694,2691,2703,2703,2704,2705,2695,2700,2702,2703,2692,2694,2702,2697,2709,2698,2691,2698,2702
264,2640,neutral,2692,2708,2703,2701,2692,2698,2702,2709,2698,2707,2703,2708,2702,2700,2709,2708,2706,2700,2698,2697,2699,2704,2702,2704,2697,2709,2694,2703,2698,2700,2702,2706,2706,2690,2694,2691,2692,2701,2697,2693,2699,2702,2697,2698,2702,2707,2703,2690,2690,2702,2705,2709,2703,2705,2696,2696,2703,2708,2692,2696,2702,2709,2704,2702,2693,2693,2697,2701,2702,2692,2691,2698,2694,2699,2693,2709,2691,2698,2699,2698,2691,2700,2709,2702,2705,2695,2704,2706,2694,2709,2701,2705,2693,2707,2708,2690
265,2650,neutral,2698,2690,2702,2708,2704,2708,2699,2690,2698,2704,2707,2690,2708,2694,2698,2698,2697,2695,2693,2693,2694,2709,2690,2704,2702,2696,2696,2709,2700,2695,2700,2704,2695,2706,2705,2707,2693,2704,2706,2698,2705,2708,2701,2708,2700,2690,2691,2698,2695,2692,2701,2698,2695,2702,2699,2708,2698,2697,2706,2702,2704,2708,2705,2701,2704,2697,2693,2692,2707,2703,2694,2695,2706,2699,2699,2701,2694,2692,2702,2701,2703,2709,2690,2706,2699,2694,2691,2697,2706,2703,2692,2708,2700,2697,2697,2705
266,2660,neutral,2705,2702,2690,2708,2704,2691,2698,2706,2707,2693,2707,2697,2705,2691,2709,2696,2693,2701,2706,2706,2706,2699,2707,2699,2693,2703,2703,2695,2705,2708,2702,2697,2692,2697,2703,2701,2692,2702,2694,2690,2706,2702,2708,2702,2706,2702,2706,2693,2703,2702,2690,2709,2691,2707,2699,2695,2707,2693,2690,2691,2691,2690,2691,2690,2707,2693,2691,2705,2695,2705,2692,2690,2706,2709,2709,2706,2691,2704,2709,2708,2708,2696,2696,2701,2709,2705,2703,2704,2707,2690,2695,2693,2698,2691,2707,2690
267,2670,neutral,2690,2690,2690,2706,2699,2693,2704,2694,2697,2692,2699,2699,2692,2707,2699,2691,2694,2707,2704,2709,2709,2706,2696,2694,2699,2692,2708,2707,2706,2690,2709,2692,2707,2708,2692,2705,2691,2704,2699,2692,2704,2694,2690,2692,2695,2700,2695,2705,2709,2705,2706,2699,2707,2708,2693,2698,2691,2708,2699,2702,2706,2694,2707,2699,2690,2692,2708,2708,2700,2704,2705,2709,2690,2699,2701,2697,2702,2697,2705,2702,2706,2708,2698,2709,2699,2705,2692,2700,2690,2705,2696,2702,2694,2707,2704,2701
268,2680,neutral,2705,2707,2697,2692,2698,2700,2695,2697,2705,2700,2709,2695,2707,2704,2702,2696,2693,2700,2707,2697,2700,2703,2691,2691,2693,2690,2690,2693,2691,2709,2701,2691,2694,2695,2707,2690,2692,2693,2698,2701,2692,2703,2705,2703,2698,2698,2707,2703,2704,2695,2704,2695,2698,2709,2698,2692,2693,2703,2696,2696,2707,2691,2704,2707,2708,2696,2692,2695,2691,2701,2691,2700,2692,2703,2695,2704,2692,2693,2703,2698,2701,2702,2701,2705,2696,2703,2693,2704,2708,2695,2702,2695,2706,2691,2697,2693
269,2690,neutral,2692,2705,2694,2699,2690,2703,2698,2706,2706,2709,2690,2695,2700,2704,2705,2705,2706,2704,2690,2697,2702,2691,2697,2700,2700,2701,2704,2706,2697,2699,2708,2693,2709,2706,2699,2696,2704,2697,2695,2701,2692,2699,2705,2691,2690,2694,2706,2708,2695,2708,2699,2703,2706,2692,2709,2696,2702,2691,2709,2694,2707,2691,2709,2707,2706,2690,2694,2707,2700,2694,2703,2695,2694,2708,2694,2707,2702,2692,2700,2700,2690,2693,2703,2709,2694,2709,2699,2704,2699,2702,2690,2695,2704,2693,2692,2708
270,2700,neutral,2702,2706,2706,2697,2704,2697,2700,2705,2694,2692,2692,2709,2698,2705,2693,2708,2697,2692,2698,2693,2700,2705,2696,2695,2695,2707,2699,2700,2698,2695,2695,2693,2699,2697,2700,2701,2706,2699,2697,2701,2701,2699,2705,2695,2708,2700,2692,2709,2698,2698,2703,2697,2699,2704,2705,2692,2702,2703,2709,2701,2706,2707,2706,2695,2709,2704,2691,2705,2703,2690,2692,2698,2694,2696,2691,2702,2702,2695,2709,2699,2707,2703,2696,2698,2705,2700,2706,2698,2706,2691,2694,2695,2698,2691,2691,2702
271,2710,neutral,2696,2705,2692,2691,2692,2698,2693,2702,2690,2701,2708,2699,2704,2708,2706,2709,2701,2690,2694,2700,2700,2697,2691,2695,2698,2692,2706,2690,2709,2707,2707,2697,2701,2696,2694,2696,2706,2703,2693,2704,2705,2704,2709,2704,2692,2709,2695,2691,2690,2695,2704,2692,2697,2696,2695,2691,2709,2695,2704,2709,2701,2705,2703,2704,2706,2708,2696,2706,2708,2694,2708,2698,2695,2693,2693,2698,2701,2702,2690,2697,2694,2702,2694,2693,2705,2700,2702,2698,2708,2702,2705,2708,2691,2708,2693,2702
272,2720,neutral,2694,2709,2696,2705,2708,2704,2700,2709,2709,2709,2696,2692,2700,2697,2702,2698,2692,2707,2700,2707,2690,2703,2696,2706,2691,2693,2690,2707,2693,2693,2698,2699,2694,2703,2702,2699,2700,2708,2693,2703,2707,2692,2702,2699,2709,2691,2704,2695,2708,2702,2699,2704,2707,2707,2693,2701,2691,2706,2708,2704,2690,2701,2696,2707,2695,2702,2696,2700,2692,2695,2707,2704,2707,2697,2692,2696,2704,2706,2709,2708,2706,2692,2696,2699,2706,2705,2704,2700,2705,2701,2692,2696,2690,2697,2690,2693
273,2730,neutral,2705,2708,2691,2691,2691,2693,2704,2693,2690,2702,2704,2698,2707,2707,2692,2697,2701,2691,2704,2706,2697,2706,2698,2694,2704,2703,2690,2694,2691,2698,2695,2697,2705,2695,2698,2696,2694,2692,2703,2690,2696,2690,2701,2692,2699,2698,2707,2704,2698,2696,2693,2706,2701,2696,2693,2702,2694,2698,2692,2690,2692,2702,2705,2691,2704,2708,2709,2700,2709,2698,2692,2695,2690,2692,2691,2703,2695,2702,2698,2695,2707,2697,2706,2690,2696,2703,2706,2702,2704,2709,2691,2691,2698,2703,2690,2690
274,2740,neutral,2696,2702,2703,2709,2703,2699,2695,2690,2694,2702,2702,2701,2709,2701,2691,2708,2703,2695,2708,2708,2693,2698,2691,2703,2705,2705,2709,2697,2702,2703,2700,2693,2695,2704,2691,2701,2699,2709,2696,2702,2692,2699,2690,2693,2691,2703,2708,2699,2702,2690,2709,2695,2697,2709,2706,2707,2698,2702,2706,2690,2702,2696,2694,2706,2700,2700,2702,2694,2697,2695,2706,2690,2698,2698,2691,2700,2706,2696,2706,2699,2701,2698,2702,2705,2691,2700,2696,2697,2699,2702,2707,2692,2691,2698,2693,2706
275,2750,neutral,2702,2705,2709,2708,2703,2701,2695,2693,2696,2697,2700,2696,2702,2693,2701,2701,2690,2708,2700,2696,2697,2693,2696,2707,2699,2702,2706,2692,2706,2696,2691,2709,2693,2703,2693,2702,2705,2705,2691,2694,2706,2701,2698,2694,2709,2709,2709,2696,2690,2692,2701,2701,2695,2693,2709,2691,2706,2692,2695,2707,2709,2699,2695,2690,2697,2707,2705,2709,2697,2705,2705,2695,2709,2694,2702,2696,2704,2709,2700,2698,2699,2704,2693,2696,2699,2690,2702,2697,2701,2706,2691,2706,2708,2708,2702,2698
276,2760,neutral,2700,2709,2697,2701,2708,2695,2699,2698,2691,2703,2690,2692,2690,2709,2697,2694,2698,2693,2694,2701,2695,2702,2690,2699,2709,2696,2709,2709,2691,2708,2691,2709,2704,2708,2703,2695,2707,2692,2693,2699,2700,2703,2703,2705,2695,2702,2693,2696,2693,2699,2701,2690,2699,2697,2700,2694,2703,2709,2702,2691,2695,2701,2706,2709,2700,2699,2707,2702,2704,2692,2708,2709,2697,2693,2698,2706,2706,2701,2707,2704,2699,2704,2708,2690,2705,2692,2702,2694,2695,2698,2690,2692,2709,2700,2705,2694
277,2770,neutral,2694,2693,2702,2690,2703,2696,2708,2694,2707,2708,2694,2691,2694,2708,2699,2706,2699,2691,2698,2691,2705,2703,2692,2696,2699,2692,2700,2690,2691,2709,2703,2699,2697,2702,2692,2692,2700,2703,2695,2707,2702,2709,2690,2698,2704,2702,2709,2694,2695,2706,2691,2707,2695,2705,2707,2707,2700,2706,2690,2699,2701,2709,2693,2696,2697,2708,2705,2704,2695,2692,2706,2705,2701,2706,2697,2699,2696,2705,2701,2705,2706,2696,2691,2692,2695,2700,2695,2703,2696,2701,2701,2701,2697,2691,2697,2690
278,2780,neutral,2694,2706,2704,2707,2692,2691,2701,2700,2703,2695,2701,2691,2694,2696,2706,2701,2704,2697,2704,2706,2701,2693,2692,2705,2700,2704,2706,2709,2691,2707,2696,2707,2704,2700,2709,2696,2693,2701,2690,2696,2697,2707,2706,2702,2692,2692,2696,2700,2704,2696,2706,2691,2700,2703,2698,2699,2704,2691,2692,2703,2709,2707,2708,2705,2709,2693,2708,2692,2690,2702,2697,2697,2702,2701,2690,2700,2699,2709,2691,2708,2707,2698,2708,2690,2705,2693,2702,2691,2699,2708,2697,2706,2701,2695,2705,2692
279,2790,neutral,2692,2700,2693,2707,2694,2692,2709,2704,2692,2706,2702,2703,2699,2691,2697,2691,2709,2694,2693,2706,2691,2708,2708,2699,2690,2707,2699,2691,2696,2699,2703,2702,2690,2703,2704,2699,2708,2696,2705,2698,2709,2696,2700,2695,2694,2700,2703,2703,2709,2695,2702,2695,2691,2698,2701,2691,2694,2690,2707,2704,2704,2697,2690,2702,2707,2708,2695,2692,2707,2695,2703,2705,2701,2701,2691,2694,2708,2690,2697,2706,2707,2694,2704,2692,2701,2700,2695,2708,2700,2690,2705,2703,2700,2703,2692,2704
280,2800,neutral,2703,2707,2704,2695,2708,2695,2706,2690,2704,2693,2707,2704,2702,2691,2707,2691,2705,2700,2707,2706,2690,2694,2705,2704,2701,2703,2700,2701,2703,2691,2694,2693,2699,2691,2691,2696,2707,2694,2709,2705,2701,2695,2690,2695,2701,2706,2690,2690,2698,2696,2705,2699,2698,2693,2709,2703,2692,2694,2700,2704,2707,2707,2701,2707,2702,2699,2695,2709,2709,2692,2690,2694,2694,2694,2700,2692,2698,2694,2702,2702,2693,2706,2696,2692,2697,2707,2698,2701,2695,2691,2702,2709,2701,2700,2699,2708
281,2810,neutral,2706,2702,2700,2694,2706,2706,2693,2704,2690,2697,2705,2709,2709,2697,2708,2702,2704,2695,2707,2707,2700,2694,2708,2703,2691,2693,2709,2700,2706,2704,2709,2692,2692,2700,2693,2700,2708,2705,2691,2698,2700,2699,2700,2691,2708,2703,2702,2708,2696,2691,2699,2706,2697,2692,2706,2695,2702,2699,2706,2692,2705,2693,2707,2694,2702,2697,2700,2709,2699,2705,2697,2690,2701,2690,2703,2705,2706,2695,2693,2692,2704,2704,2694,2693,2692,2691,2695,2698,2698,2707,2702,2698,2705,2705,2690,2690
282,2820,neutral,2705,2692,2705,2701,2706,2693,2691,2698,2691,2698,2696,2708,2696,2690,2700,2698,2707,2701,2690,2693,2697,2706,2707,2697,2690,2702,2695,2693,2693,2692,2705,2698,2699,2704,2691,2697,2704,2700,2694,2707,2702,2691,2702,2691,2693,2690,2698,2698,2707,2700,2698,2709,2706,2693,2702,2697,2697,2696,2692,2703,2693,2701,2692,2694,2706,2703,2691,2692,2696,2697,2694,2701,2695,2706,2705,2690,2695,2708,2694,2708,2702,2702,2704,2695,2695,2700,2706,2708,2701,2705,2698,2705,2702,2690,2693,2691
283,2830,neutral,2709,2708,2708,2699,2693,2694,2706,2708,2708,2695,2691,2702,2695,2696,2695,2706,2703,2691,2697,2700,2696,2705,2691,2691,2692,2706,2701,2706,2701,2698,2697,2698,2709,2707,2703,2708,2699,2695,2695,2703,2698,2698,2702,2697,2692,2701,2704,2692,2703,2696,2709,2699,2702,2694,2701,2708,2704,2691,2708,2694,2700,2702,2694,2691,2693,2707,2695,2694,2697,2694,2693,2694,2691,2690,2693,2697,2694,2693,2692,2699,2709,2708,2700,2699,2691,2699,2691,2701,2696,2695,2702,2702,2707,2700,2691,2704
284,2840,neutral,2706,2692,2699,2694,2695,2707,2706,2699,2700,2697,2706,2693,2702,2706,2708,2692,2691,2700,2704,2707,2699,2699,2692,2702,2707,2690,2699,2699,2708,2709,2691,2699,2696,2701,2700,2709,2704,2707,2709,2707,2700,2698,2690,2701,2704,2698,2708,2696,2698,2692,2703,2700,2691,2707,2701,2694,2691,2701,2695,2703,2695,2694,2707,2699,2690,2701,2709,2691,2701,2690,2693,2694,2698,2699,2708,2690,2692,2690,2691,2706,2703,2706,2690,2695,2691,2692,2694,2700,2708,2690,2692,2697,2692,2706,2692,2706
285,2850,neutral,2692,2706,2701,2709,2694,2708,2691,2696,2692,2693,2691,2709,2703,2692,2705,2693,2699,2694,2690,2699,2707,2703,2706,2691,2703,2690,2692,2698,2690,2698,2690,2693,2696,2699,2702,2691,2702,2709,2699,2703,2696,2697,2696,2707,2706,2695,2705,2707,2707,2704,2701,2695,2699,2696,2705,2707,2705,2705,2694,2694,2693,2708,2703,2690,2701,2704,2693,2709,2706,2695,2694,2695,2694,2691,2702,2700,2695,2698,2700,2705,2707,2692,2702,2704,2690,2700,2708,2698,2700,2708,2691,2698,2703,2700,2700,2690
286,2860,neutral,2691,2701,2693,2694,2705,2707,2701,2699,2702,2691,2693,2703,2690,2708,2703,2697,2707,2697,2707,2708,2700,2708,2705,2699,2698,2707,2702,2704,2705,2700,2692,2691,2709,2699,2703,2693,2692,2690,2700,2703,2699,2708,2709,2702,2706,2696,2702,2705,2693,2704,2690,2691,2696,2692,2695,2690,2693,2697,2708,2702,2690,2695,2702,2702,2693,2691,2698,2701,2707,2699,2694,2704,2692,2707,2692,2707,2702,2699,2695,2694,2706,2699,2705,2705,2694,2698,2706,2697,2701,2701,2709,2702,2691,2705,2707,2702
287,2870,neutral,2709,2699,2702,2706,2702,2693,2705,2692,2690,2704,2700,2706,2698,2690,2694,2707,2693,2695,2696,2695,2706,2698,2708,2691,2708,2704,2691,2704,2703,2702,2696,2701,2695,2708,2694,2692,2706,2693,2702,2694,2707,2701,2690,2703,2690,2697,2699,2691,2695,2707,2693,2709,2701,2708,2709,2690,2707,2693,2690,2703,2690,2706,2705,2703,2701,2691,2703,2701,2703,2703,2704,2699,2703,2692,2704,2695,2704,2693,2699,2704,2695,2699,2693,2698,2695,2702,2704,2697,2695,2705,2704,2696,2697,2697,2693,2699
288,2880,neutral,2695,2700,2706,2692,2702,2694,2693,2703,2701,2705,2698,2698,2690,2704,2695,2697,2693,2694,2694,2700,2704,2705,2704,2708,2695,2699,2690,2702,2697,2702,2708,2698,2709,2693,2692,2694,2703,2693,2704,2709,2703,2703,2695,2703,2702,2707,2696,2695,2708,2706,2690,2692,2691,2708,2700,2700,2707,2696,2697,2701,2696,2701,2700,2707,2696,2696,2706,2696,2706,2694,2693,2699,2693,2706,2698,2709,2693,2705,2709,2706,2702,2709,2704,2699,2694,2706,2702,2690,2708,2700,2690,2696,2701,2701,2700,2702
289,2890,neutral,2705,2696,2694,2702,2696,2691,2703,2704,2701,2702,2690,2708,2702,2697,2697,2701,2699,2693,2691,2701,2696,2703,2704,2703,2700,2692,2701,2705,2698,2697,2704,2700,2703,2703,2695,2707,2705,2690,2690,2707,2690,2702,2698,2695,2691,2693,2704,2701,2699,2703,2706,2696,2703,2694,2709,2690,2698,2698,2702,2695,2690,2709,2697,2700,2708,2694,2690,2693,2691,2692,2696,2692,2695,2699,2706,2696,2706,2704,2705,2697,2692,2702,2709,2691,2696,2709,2706,2701,2701,2697,2707,2698,2704,2699,2701,2704
290,2900,neutral,2702,2706,2698,2705,2695,2708,2706,2699,2690,2701,2694,2702,2696,2694,2708,2707,2708,2692,2706,2691,2696,2708,2697,2701,2696,2703,2690,2702,2709,2707,2709,2708,2693,2707,2699,2701,2701,2697,2690,2701,2706,2690,2692,2709,2696,2699,2697,2706,2704,2703,2692,2708,2697,2706,2709,2696,2696,2691,2704,2702,2694,2690,2693,2693,2709,2702,2700,2709,2703,2708,2709,2700,2697,2696,2705,2694,2705,2705,2706,2709,2708,2700,2705,2693,2693,2707,2696,2699,2697,2692,2706,2708,2709,2695,2702,2707
291,2910,neutral,2703,2705,2690,2703,2709,2690,2693,2694,2698,2690,2697,2706,2698,2708,2702,2699,2702,2690,2709,2692,2706,2709,2696,2692,2693,2703,2694,2709,2697,2707,2694,2704,2704,2709,2702,2696,2694,2697,2692,2703,2697,2700,2702,2691,2706,2706,2698,2709,2706,2701,2694,2706,2707,2699,2698,2694,2693,2699,2699,2707,2699,2698,2694,2699,2695,2707,2705,2690,2704,2701,2698,2690,2690,2696,2706,2701,2695,2696,2704,2706,2701,2702,2700,2707,2706,2698,2697,2696,2707,2704,2699,2698,2703,2691,2696,2693
292,2920,neutral,2697,2692,2702,2706,2697,2701,2696,2692,2695,2707,2702,2704,2699,2691,2709,2697,2703,2699,2704,2693,2704,2698,2696,2694,2708,2702,2691,2697,2703,2708,2690,2691,2709,2709,2696,2690,2692,2700,2693,2707,2704,2706,2698,2706,2709,2704,2704,2703,2707,2707,2701,2697,2697,2696,2699,2692,2697,2707,2699,2691,2709,2690,2701,2696,2692,2695,2694,2700,2694,2704,2707,2709,2696,2696,2707,2695,2697,2704,2696,2709,2702,2697,2695,2704,2699,2706,2707,2693,2699,2709,2705,2706,2691,2702,2698,2695
293,2930,neutral,2704,2705,2703,2692,2706,2696,2691,2707,2703,2700,2696,2703,2706,2697,2693,2702,2705,2703,2709,2709,2705,2704,2703,2701,2692,2693,2707,2691,2693,2698,2709,2693,2696,2700,2699,2696,2693,2701,2694,2705,2696,2701,2704,2699,2701,2696,2697,2699,2697,2697,2708,2704,2695,2704,2699,2695,2709,2690,2702,2704,2696,2707,2701,2698,2702,2695,2700,2700,2693,2697,2697,2698,2696,2702,2692,2691,2690,2708,2691,2691,2694,2697,2695,2702,2696,2707,2708,2695,2700,2705,2696,2693,2703,2694,2706,2696
294,2940,neutral,2698,2694,2698,2701,2692,2702,2701,2691,2704,2696,2700,2701,2699,2697,2690,2707,2698,2709,2704,2706,2707,2707,2690,2703,2695,2701,2705,2693,2700,2698,2705,2706,2707,2703,2690,2691,2692,2697,2701,2698,2699,2690,2690,2697,2698,2707,2696,2690,2700,2704,2702,2699,2709,2708,2690,2690,2691,2709,2706,2695,2709,2706,2692,2693,2702,2701,2696,2691,2702,2702,2704,2698,2690,2698,2690,2703,2701,2702,2709,2695,2707,2708,2695,2701,2691,2703,2702,2700,2692,2690,2708,2695,2704,2695,2690,2701
295,2950,neutral,2702,2694,2701,2694,2695,2703,2699,2708,2701,2691,2698,2696,2697,2691,2706,2701,2699,2697,2707,2691,2703,2691,2694,2700,2703,2705,2700,2705,2691,2700,2694,2706,2695,2691,2690,2698,2703,2698,2707,2693,2697,2697,2693,2695,2705,2701,2700,2697,2692,2692,2694,2704,2700,2692,2706,2690,2694,2708,2709,2703,2692,2707,2705,2698,2695,2705,2699,2692,2701,2693,2698,2694,2692,2690,2696,2702,2698,2695,2705,2703,2705,2703,2705,2694,2692,2703,2693,2695,2698,2704,2709,2698,2693,2691,2693,2709
296,2960,neutral,2704,2699,2707,2692,2690,2698,2703,2705,2696,2706,2703,2708,2698,2705,2693,2691,2697,2696,2693,2698,2698,2691,2695,2691,2705,2709,2702,2706,2709,2692,2708,2701,2701,2708,2694,2691,2706,2690,2704,2706,2699,2693,2709,2704,2706,2691,2701,2704,2703,2696,2690,2709,2692,2707,2702,2694,2691,2691,2704,2697,2708,2704,2698,2704,2691,2693,2692,2696,2699,2706,2697,2705,2702,2705,2701,2708,2699,2698,2697,2699,2698,2705,2709,2695,2698,2696,2693,2700,2707,2702,2693,2709,2700,2700,2708,2696
297,2970,neutral,2704,2708,2706,2704,2693,2694,2690,2701,2695,2697,2692,2708,2705,2701,2696,2705,2698,2707,2703,2692,2709,2703,2700,2696,2693,2697,2691,2701,2704,2700,2708,2705,2706,2709,2706,2692,2698,2695,2706,2700,2709,2706,2700,2696,2709,2704,2690,2693,2707,2691,2692,2697,2701,2706,2708,2701,2698,2690,2705,2693,2701,2701,2704,2694,2694,2705,2708,2707,2700,2707,2706,2693,2708,2707,2709,2706,2709,2696,2694,2708,2697,2707,2693,2692,2708,2698,2694,2708,2697,2697,2690,2709,2696,2707,2703,2696
298,2980,neutral,2694,2692,2694,2696,2698,2708,2694,2704,2699,2706,2704,2694,2704,2693,2695,2690,2700,2704,2697,2701,2694,2701,2694,2690,2705,2694,2690,2709,2707,2706,2699,2693,2697,2705,2699,2700,2706,2704,2706,2701,2693,2695,2709,2694,2699,2708,2700,2691,2709,2698,2699,2700,2693,2690,2691,2709,2702,2704,2701,2698,2703,2692,2701,2698,2698,2696,2691,2707,2706,2701,2692,2707,2708,2698,2702,2702,2699,2708,2691,2690,2696,2699,2708,2708,2709,2699,2708,2692,2704,2698,2691,2705,2696,2702,2707,2698
299,2990,neutral,2699,2707,2709,2706,2705,2690,2698,2705,2701,2696,2702,2709,2693,2690,2690,2701,2690,2702,2691,2699,2697,2704,2706,2691,2704,2694,2706,2707,2704,2696,2694,2702,2701,2705,2698,2700,2694,2701,2700,2703,2704,2690,2708,2691,2697,2707,2693,2699,2705,2695,2704,2704,2692,2704,2690,2694,2695,2692,2709,2704,2698,2692,2693,2694,2709,2702,2690,2702,2696,2707,2692,2708,2703,2705,2692,2694,2700,2708,2704,2705,2709,2695,2700,2705,2691,2706,2695,2701,2697,2696,2705,2701,2691,2696,2700,2701
300,3000,neutral,2707,2702,2697,2704,2704,2691,2692,2706,2697,2700,2698,2707,2699,2705,2690,2707,2700,2709,2698,2690,2704,2702,2705,2696,2701,2690,2693,2700,2697,2709,2691,2691,2701,2706,2699,2699,2700,2696,2706,2705,2703,2691,2702,2703,2706,2697,2694,2707,2697,2704,2705,2692,2704,2703,2703,2707,2703,2698,2698,2697,2700,2692,2696,2691,2703,2698,2698,2696,2705,2691,2692,2696,2696,2706,2696,2702,2690,2698,2695,2691,2690,2708,2707,2707,2690,2703,2698,2691,2702,2707,2705,2699,2696,2707,2701,2700
301,3010,neutral,2706,2707,2707,2695,2707,2705,2702,2701,2707,2690,2703,2703,2693,2690,2700,2692,2694,2707,2701,2703,2705,2698,2707,2696,2703,2694,2701,2695,2694,2691,2708,2693,2691,2707,2693,2693,2703,2707,2693,2705,2709,2697,2703,2700,2700,2700,2701,2699,2694,2697,2694,2706,2706,2696,2704,2705,2706,2702,2701,2693,2696,2701,2698,2693,2696,2707,2697,2702,2709,2705,2697,2691,2697,2703,2696,2704,2693,2705,2693,2690,2709,2706,2695,2707,2703,2708,2706,2701,2701,2705,2709,2701,2692,2697,2690,2707
302,3020,neutral,2696,2694,2698,2692,2704,2698,2698,2708,2700,2701,2699,2699,2700,2701,2697,2692,2709,2697,2698,2692,2704,2693,2695,2694,2698,2705,2698,2698,2704,2706,2706,2704,2690,2705,2696,2701,2697,2699,2706,2692,2701,2697,2699,2704,2701,2696,2694,2703,2690,2690,2691,2701,2709,2695,2698,2693,2704,2691,2695,2694,2693,2704,2697,2708,2708,2706,2703,2700,2702,2708,2707,2699,2693,2694,2702,2707,2704,2701,2707,2705,2696,2696,2698,2704,2709,2706,2707,2704,2704,2691,2697,2694,2703,2706,2701,2708
303,3030,neutral,2705,2706,2694,2691,2697,2694,2697,2695,2698,2707,2708,2708,2695,2700,2707,2708,2690,2692,2692,2691,2691,2693,2709,2697,2699,2703,2695,2707,2690,2702,2705,2696,2705,2690,2705,2703,2699,2690,2692,2709,2702,2696,2700,2701,2690,2691,2707,2707,2705,2707,2703,2698,2708,2708,2698,2700,2695,2706,2699,2690,2697,2694,2695,2696,2694,2700,2698,2708,2696,2697,2706,2697,2693,2703,2705,2696,2696,2703,2708,2700,2696,2707,2692,2696,2694,2700,2691,2705,2703,2690,2709,2701,2695,2708,2701,2706
304,3040,neutral,2707,2692,2709,2697,2696,2698,2703,2690,2699,2695,2691,2709,2706,2699,2703,2695,2694,2696,2697,2706,2699,2692,2704,2699,2701,2704,2704,2701,2699,2692,2691,2708,2704,2691,2708,2697,2705,2698,2692,2707,2693,2701,2701,2707,2709,2700,2701,2706,2697,2699,2699,2702,2697,2693,2697,2705,2701,2702,2695,2690,2703,2699,2700,2700,2702,2700,2709,2699,2705,2707,2697,2695,2704,2708,2697,2703,2695,2704,2691,2705,2707,2703,2700,2691,2699,2694,2704,2707,2702,2701,2702,2692,2704,2702,2703,2709
305,3050,neutral,2706,2706,2707,2694,2699,2708,2697,2701,2706,2699,2702,2692,2700,2697,2693,2692,2690,2692,2703,2709,2707,2693,2697,2701,2691,2709,2705,2706,2693,2693,2705,2704,2704,2701,2699,2695,2690,2695,2695,2695,2697,2699,2706,2709,2693,2698,2695,2709,2699,2690,2700,2702,2701,2693,2693,2699,2707,2709,2690,2691,2702,2690,2708,2694,2705,2691,2693,2696,2705,2694,2700,2691,2693,2702,2708,2703,2692,2708,2695,2697,2699,2702,2698,2700,2690,2694,2706,2709,2702,2692,2697,2697,2693,2693,2706,2701
306,3060,neutral,2704,2706,2702,2697,2707,2700,2701,2693,2706,2708,2703,2702,2700,2704,2694,2690,2708,2701,2701,2709,2703,2690,2708,2692,2708,2693,2702,2700,2704,2702,2708,2703,2703,2705,2706,2700,2690,2706,2701,2707,2692,2695,2708,2695,2695,2690,2705,2700,2708,2709,2706,2701,2702,2700,2707,2704,2698,2694,2691,2706,2691,2708,2705,2709,2705,2700,2706,2702,2696,2707,2697,2694,2697,2708,2701,2691,2690,2700,2703,2709,2701,2704,2691,2706,2690,2692,2695,2690,2700,2707,2706,2701,2694,2698,2703,2693
307,3070,neutral,2699,2699,2700,2695,2709,2690,2706,2691,2697,2703,2699,2701,2690,2693,2707,2698,2703,2698,2708,2704,2697,2702,2691,2707,2704,2708,2701,2694,2693,2699,2692,2707,2700,2691,2702,2706,2706,2708,2709,2701,2705,2692,2701,2695,2700,2707,2708,2706,2696,2706,2694,2699,2702,2690,2704,2700,2705,2697,2707,2695,2695,2705,2690,2709,2696,2705,2690,2707,2695,2705,2697,2692,2692,2707,2709,2707,2697,2697,2696,2703,2707,2705,2691,2706,2701,2693,2709,2691,2702,2708,2700,2695,2709,2693,2692,2703
308,3080,neutral,2697,2708,2695,2690,2691,2690,2709,2703,2698,2701,2707,2704,2705,2697,2694,2695,2709,2700,2691,2709,2699,2709,2698,2691,2694,2704,2705,2695,2702,2709,2706,2704,2706,2699,2707,2691,2692,2696,2696,2704,2708,2699,2693,2694,2691,2708,2690,2707,2695,2706,2698,2698,2702,2697,2702,2695,2709,2707,2709,2703,2701,2708,2696,2704,2707,2694,2694,2702,2690,2690,2693,2691,2698,2692,2695,2692,2694,2693,2703,2693,2695,2708,2704,2707,2693,2704,2698,2698,2695,2698,2709,2709,2693,2698,2691,2698
309,3090,neutral,2700,2691,2690,2694,2699,2699,2702,2704,2690,2703,2708,2705,2703,2690,2699,2698,2700,2691,2709,2701,2708,2706,2704,2709,2705,2708,2703,2694,2699,2691,2697,2706,2691,2709,2707,2703,2706,2701,2702,2698,2695,2695,2704,2693,2694,2692,2690,2693,2692,2693,2699,2691,2703,2698,2697,2707,2697,2709,2691,2706,2700,2699,2700,2690,2699,2693,2691,2707,2690,2705,2694,2696,2701,2695,2693,2704,2692,2692,2690,2701,2706,2700,2691,2690,2700,2704,2707,2690,2690,2701,2698,2705,2709,2694,2699,2699
310,3100,neutral,2703,2701,2702,2694,2693,2695,2691,2702,2692,2698,2697,2693,2690,2699,2699,2706,2705,2705,2697,2691,2701,2694,2690,2704,2705,2708,2698,2690,2700,2702,2703,2703,2709,2698,2705,2708,2696,2709,2700,2709,2698,2705,2702,2709,2702,2697,2701,2702,2697,2694,2708,2707,2707,2693,2705,2694,2694,2699,2703,2702,2691,2703,2701,2709,2697,2704,2702,2706,2704,2708,2694,2703,2703,2690,2694,2709,2699,2701,2690,2692,2695,2692,2693,2693,2703,2699,2697,2698,2708,2701,2698,2691,2698,2701,2691,2696
311,3110,neutral,2692,2703,2699,2690,2706,2701,2701,2695,2691,2691,2704,2690,2697,2708,2704,2702,2698,2694,2707,2701,2703,2708,2700,2699,2692,2701,2705,2707,2698,2701,2691,2703,2701,2708,2709,2693,2705,2691,2706,2707,2707,2706,2692,2698,2698,2691,2691,2691,2709,2698,2701,2704,2708,2706,2698,2709,2699,2691,2707,2699,2698,2701,2706,2694,2704,2691,2697,2700,2707,2702,2700,2693,2700,2696,2691,2706,2697,2707,2701,2698,2709,2709,2691,2708,2707,2695,2702,2693,2708,2703,2697,2693,2709,2708,2695,2690
312,3120,neutral,2690,2708,2702,2702,2704,2704,2697,2704,2691,2691,2700,2704,2691,2707,2706,2707,2695,2702,2708,2697,2708,2707,2705,2703,2703,2704,2702,2692,2698,2693,2697,2700,2700,2698,2695,2704,2693,2696,2703,2705,2695,2690,2695,2692,2707,2709,2700,2698,2692,2697,2695,2691,2694,2700,2693,2704,2705,2690,2692,2699,2703,2700,2694,2697,2700,2702,2691,2707,2693,2708,2697,2705,2709,2707,2694,2705,2691,2694,2694,2705,2698,2700,2709,2697,2697,2692,2705,2691,2694,2696,2694,2695,2704,2703,2704,2707
313,3130,neutral,2696,2693,2691,2699,2694,2708,2709,2704,2704,2697,2708,2707,2699,2704,2699,2691,2696,2704,2695,2690,2694,2705,2692,2699,2696,2697,2691,2695,2692,2708,2701,2693,2697,2706,2705,2696,2696,2692,2699,2700,2694,2700,2703,2701,2693,2706,2690,2705,2706,2700,2699,2697,2692,2709,2708,2701,2697,2705,2696,2692,2693,2697,2699,2693,2690,2703,2693,2695,2705,2697,2707,2698,2696,2695,2708,2695,2705,2697,2706,2705,2701,2700,2709,2700,2704,2697,2697,2698,2695,2697,2695,2702,2708,2699,2694,2694
314,3140,neutral,2693,2705,2691,2692,2703,2705,2703,2709,2705,2696,2695,2691,2702,2692,2706,2705,2693,2693,2703,2706,2704,2708,2698,2703,2695,2704,2698,2694,2705,2705,2699,2704,2703,2708,2702,2691,2703,2693,2704,2704,2691,2708,2691,2701,2706,2698,2705,2698,2700,2693,2702,2709,2691,2696,2698,2695,2706,2702,2706,2691,2706,2691,2697,2706,2695,2705,2701,2692,2698,2691,2699,2699,2705,2697,2690,2699,2690,2704,2703,2701,2690,2699,2699,2708,2695,2704,2700,2703,2705,2695,2690,2692,2691,2696,2707,2706
315,3150,neutral,2702,2701,2703,2690,2690,2703,2694,2703,2701,2694,2707,2691,2705,2697,2704,2704,2708,2693,2692,2707,2697,2702,2708,2709,2695,2690,2707,2695,2696,2698,2694,2705,2700,2698,2695,2705,2697,2691,2704,2704,2695,2708,2693,2696,2704,2709,2707,2692,2698,2705,2700,2697,2692,2693,2700,2700,2698,2697,2701,2698,2707,2708,2700,2695,2704,2709,2699,2691,2709,2692,2699,2695,2691,2695,2693,2695,2700,2696,2705,2691,2706,2696,2699,2697,2693,2704,2690,2697,2708,2698,2691,2707,2690,2697,2691,2709
316,3160,neutral,2690,2692,2695,2709,2693,2707,2707,2705,2701,2696,2697,2691,2691,2693,2698,2693,2702,2694,2700,2701,2705,2694,2704,2690,2707,2701,2709,2696,2708,2708,2702,2703,2705,2709,2697,2701,2702,2695,2690,2708,2698,2704,2692,2704,2694,2691,2697,2705,2705,2707,2692,2697,2703,2696,2700,2706,2702,2696,2702,2702,2695,2699,2696,2701,2705,2700,2692,2700,2708,2690,2697,2693,2709,2691,2691,2694,2695,2702,2692,2691,2709,2705,2707,2709,2699,2698,2701,2696,2699,2707,2709,2702,2691,2701,2696,2705
317,3170,neutral,2697,2707,2690,2706,2694,2696,2700,2708,2702,2705,2693,2694,2695,2705,2704,2703,2695,2706,2695,2697,2694,2703,2701,2702,2705,2695,2695,2707,2698,2701,2707,2707,2701,2699,2704,2696,2697,2709,2699,2702,2697,2706,2691,2700,2705,2703,2699,2693,2702,2692,2690,2701,2706,2706,2693,2706,2697,2694,2700,2694,2691,2702,2700,2708,2699,2693,2699,2698,2704,2702,2708,2703,2699,2694,2700,2696,2709,2699,2701,2693,2704,2701,2693,2707,2696,2699,2708,2700,2695,2698,2696,2696,2703,2690,2698,2690
318,3180,neutral,2696,2703,2691,2696,2690,2697,2693,2699,2703,2699,2701,2702,2706,2702,2705,2701,2692,2696,2690,2703,2698,2692,2693,2694,2704,2693,2700,2701,2708,2706,2708,2705,2693,2702,2704,2690,2691,2693,2700,2692,2693,2703,2700,2701,2701,2698,2706,2704,2695,2705,2695,2699,2699,2709,2693,2701,2705,2703,2690,2708,2706,2697,2705,2705,2690,2701,2703,2697,2709,2709,2704,2707,2702,2694,2705,2706,2696,2698,2693,2691,2708,2695,2706,2707,2693,2698,2696,2696,2690,2691,2706,2704,2699,2694,2707,2700
319,3190,neutral,2694,2700,2698,2697,2691,2703,2706,2696,2696,2691,2709,2693,2708,2691,2690,2701,2696,2697,2706,2702,2699,2700,2695,2706,2699,2697,2708,2694,2708,2704,2702,2692,2698,2693,2693,2692,2705,2693,2705,2706,2698,2692,2700,2704,2691,2693,2698,2697,2695,2700,2700,2706,2703,2695,2704,2695,2706,2696,2704,2695,2690,2690,2701,2706,2690,2694,2702,2705,2708,2703,2702,2701,2691,2702,2704,2704,2696,2692,2693,2708,2691,2699,2699,2699,2703,2692,2699,2696,2691,2690,2698,2708,2704,2690,2706,2705
320,3200,neutral,2708,2694,2699,2709,2698,2703,2702,2701,2706,2707,2697,2700,2702,2708,2694,2704,2702,2708,2696,2709,2704,2694,2708,2700,2694,2699,2693,2691,2696,2701,2707,2699,2709,2691,2706,2707,2695,2698,2706,2707,2705,2707,2693,2708,2690,2708,2691,2697,2701,2692,2701,2694,2699,2691,2707,2702,2707,2708,2704,2692,2696,2701,2703,2706,2700,2709,2701,2705,2690,2696,2690,2703,2692,2703,2694,2706,2695,2708,2701,2694,2694,2699,2691,2700,2707,2697,2697,2697,2706,2706,2692,2703,2695,2695,2696,2699
321,3210,neutral,2696,2703,2694,2694,2701,2704,2705,2692,2702,2705,2705,2690,2698,2704,2699,2706,2701,2706,2701,2706,2704,2708,2698,2694,2700,2702,2690,2696,2698,2694,2696,2708,2701,2690,2702,2709,2703,2709,2695,2698,2707,2705,2701,2698,2692,2692,2704,2705,2709,2700,2707,2698,2708,2707,2701,2709,2691,2697,2690,2690,2699,2702,2702,2704,2706,2702,2701,2696,2707,2704,2708,2706,2697,2708,2696,2691,2695,2701,2699,2702,2702,2704,2704,2695,2694,2709,2692,2706,2698,2708,2692,2698,2693,2706,2691,2708
322,3220,neutral,2708,2694,2696,2691,2707,2707,2700,2699,2700,2705,2702,2706,2693,2705,2706,2693,2701,2693,2703,2705,2706,2692,2690,2690,2699,2702,2699,2703,2700,2700,2704,2700,2691,2691,2697,2691,2706,2700,2700,2690,2698,2698,2693,2703,2697,2698,2690,2706,2698,2695,2695,2701,2694,2691,2697,2693,2699,2693,2694,2707,2700,2705,2704,2705,2698,2703,2705,2705,2708,2693,2709,2695,2699,2694,2705,2707,2695,2691,2709,2702,2707,2705,2698,2692,2698,2702,2704,2691,2691,2693,2707,2692,2690,2708,2691,2693
323,3230,neutral,2692,2693,2695,2706,2703,2691,2701,2704,2702,2700,2704,2703,2700,2705,2698,2695,2693,2695,2709,2699,2702,2692,2691,2704,2694,2692,2704,2694,2701,2704,2697,2704,2690,2691,2702,2706,2700,2693,2690,2702,2701,2705,2698,2697,2696,2694,2698,2694,2693,2690,2705,2694,2694,2693,2702,2709,2696,2704,2700,2690,2701,2706,2704,2708,2700,2705,2699,2691,2691,2695,2694,2690,2692,2691,2705,2707,2708,2690,2690,2705,2691,2705,2708,2704,2709,2702,2698,2692,2708,2692,2709,2708,2690,2708,2709,2705
324,3240,neutral,2693,2706,2697,2698,2699,2692,2695,2702,2690,2691,2709,2695,2703,2705,2692,2697,2706,2705,2693,2698,2696,2695,2703,2692,2696,2704,2692,2694,2708,2698,2707,2703,2697,2696,2697,2706,2707,2697,2708,2707,2702,2701,2702,2697,2697,2693,2697,2700,2707,2706,2704,2708,2700,2698,2704,2706,2706,2702,2692,2696,2696,2697,2704,2693,2696,2691,2705,2709,2701,2692,2703,2706,2703,2706,2701,2694,2697,2697,2691,2692,2709,2692,2692,2701,2707,2703,2701,2690,2704,2694,2691,2693,2705,2708,2695,2698
325,3250,neutral,2709,2690,2699,2701,2703,2705,2695,2695,2702,2693,2694,2692,2690,2698,2707,2699,2694,2701,2694,2696,2697,2701,2696,2700,2707,2690,2707,2694,2701,2693,2697,2694,2692,2705,2708,2699,2706,2694,2695,2690,2702,2702,2695,2704,2707,2707,2699,2706,2691,2697,2690,2709,2693,2701,2696,2697,2692,2698,2700,2704,2709,2690,2697,2698,2701,2692,2707,2707,2700,2702,2691,2701,2692,2695,2703,2701,2709,2703,2700,2700,2703,2709,2690,2698,2704,2709,2695,2700,2703,2694,2703,2695,2709,2690,2701,2694
326,3260,neutral,2700,2696,2695,2690,2693,2700,2696,2696,2694,2703,2695,2698,2700,2695,2702,2695,2708,2707,2696,2701,2705,2702,2691,2709,2694,2701,2697,2705,2697,2693,2699,2706,2696,2699,2697,2702,2703,2699,2694,2708,2693,2706,2699,2707,2696,2699,2709,2695,2699,2692,2701,2707,2693,2708,2699,2709,2693,2706,2697,2695,2698,2704,2693,2705,2706,2691,2695,2696,2692,2697,2695,2699,2697,2706,2695,2709,2708,2709,2698,2690,2694,2692,2703,2701,2704,2706,2696,2695,2693,2703,2703,2691,2709,2705,2703,2701
327,3270,neutral,2705,2708,2697,2692,2696,2709,2692,2704,2699,2695,2696,2692,2702,2705,2701,2694,2707,2701,2701,2692,2697,2709,2696,2707,2706,2693,2705,2694,2705,2707,2691,2709,2707,2693,2690,2702,2706,2706,2695,2702,2697,2703,2701,2695,2690,2692,2700,2705,2694,2709,2709,2698,2693,2699,2697,2704,2705,2690,2691,2690,2692,2702,2703,2693,2696,2695,2699,2692,2704,2709,2690,2699,2694,2702,2697,2700,2698,2705,2706,2709,2709,2706,2700,2694,2698,2700,2706,2703,2696,2707,2708,2705,2692,2709,2694,2702
328,3280,neutral,2706,2708,2701,2693,2706,2707,2707,2698,2700,2691,2704,2700,2707,2699,2701,2697,2703,2699,2709,2690,2695,2703,2709,2695,2704,2705,2709,2707,2705,2705,2701,2697,2700,2702,2693,2698,2691,2697,2692,2690,2692,2701,2701,2693,2699,2694,2707,2703,2705,2702,2699,2695,2690,2702,2702,2699,2708,2696,2709,2698,2709,2704,2705,2695,2709,2707,2692,2706,2691,2698,2705,2707,2700,2699,2701,2695,2703,2701,2704,2707,2700,2705,2697,2700,2701,2701,2691,2705,2702,2695,2691,2703,2692,2698,2703,2693
329,3290,neutral,2701,2692,2707,2709,2690,2702,2700,2707,2705,2706,2708,2709,2707,2699,2709,2706,2706,2703,2709,2709,2705,2697,2697,2698,2702,2695,2696,2698,2707,2695,2701,2707,2695,2706,2699,2704,2691,2702,2693,2709,2701,2691,2698,2693,2708,2706,2694,2694,2691,2693,2709,2693,2698,2696,2697,2693,2706,2709,2697,2702,2706,2694,2701,2709,2702,2697,2701,2698,2695,2697,2692,2709,2709,2694,2709,2702,2691,2699,2694,2702,2690,2700,2708,2696,2706,2707,2695,2697,2702,2697,2708,2703,2706,2708,2697,2703
330,3300,neutral,2701,2695,2694,2707,2691,2690,2706,2701,2706,2705,2705,2709,2694,2690,2701,2707,2699,2694,2700,2695,2693,2707,2694,2690,2694,2692,2702,2694,2691,2690,2702,2694,2709,2699,2691,2702,2699,2697,2703,2695,2695,2698,2699,2693,2690,2690,2706,2691,2699,2707,2708,2698,2702,2696,2691,2698,2704,2692,2701,2709,2694,2701,2701,2691,2692,2697,2703,2697,2698,2695,2696,2700,2695,2709,2696,2707,2697,2704,2707,2704,2694,2699,2699,2697,2694,2706,2708,2701,2692,2694,2692,2691,2707,2704,2692,2693
331,3310,neutral,2704,2703,2707,2696,2700,2698,2696,2700,2707,2696,2709,2693,2707,2705,2701,2704,2691,2701,2693,2699,2694,2702,2694,2695,2702,2691,2691,2706,2709,2695,2702,2705,2695,2692,2698,2708,2692,2694,2705,2693,2705,2697,2706,2692,2705,2709,2705,2702,2693,2702,2695,2701,2694,2692,2699,2697,2704,2697,2697,2691,2699,2702,2706,2708,2703,2705,2702,2697,2690,2692,2699,2701,2706,2705,2697,2703,2709,2708,2696,2693,2709,2700,2702,2690,2709,2698,2696,2700,2692,2691,2706,2693,2707,2701,2705,2699
332,3320,neutral,2701,2693,2696,2708,2701,2697,2690,2708,2695,2708,2706,2708,2708,2700,2705,2705,2694,2703,2695,2694,2690,2702,2709,2697,2694,2706,2705,2704,2706,2706,2708,2708,2690,2701,2698,2696,2698,2708,2708,2701,2691,2706,2694,2702,2693,2699,2706,2700,2701,2698,2694,2703,2699,2692,2704,2690,2701,2693,2704,2706,2693,2698,2693,2698,2709,2692,2696,2691,2700,2692,2702,2702,2703,2702,2709,2705,2690,2702,2691,2695,2705,2705,2693,2703,2702,2707,2692,2696,2698,2708,2695,2694,2691,2705,2701,2701
333,3330,neutral,2695,2697,2701,2709,2703,2704,2702,2703,2704,2704,2709,2693,2706,2697,2699,2706,2693,2697,2691,2698,2703,2708,2705,2695,2696,2706,2694,2706,2700,2700,2692,2690,2708,2706,2706,2707,2692,2700,2694,2707,2693,2699,2706,2699,2696,2707,2699,2694,2699,2694,2702,2704,2696,2707,2697,2692,2699,2693,2696,2692,2705,2706,2701,2705,2701,2693,2690,2690,2702,2703,2703,2698,2697,2698,2705,2706,2697,2702,2708,2697,2698,2690,2696,2690,2701,2694,2698,2705,2696,2703,2707,2708,2706,2702,2700,2695
334,3340,neutral,2693,2704,2690,2699,2698,2702,2704,2702,2705,2697,2693,2706,2690,2701,2707,2705,2706,2700,2701,2708,2690,2690,2705,2703,2707,2700,2709,2707,2695,2708,2700,2693,2705,2705,2692,2693,2708,2691,2707,2709,2709,2706,2709,2703,2703,2694,2707,2696,2693,2706,2707,2702,2697,2703,2700,2701,2697,2700,2709,2705,2693,2699,2697,2693,2706,2697,2699,2704,2704,2699,2691,2692,2703,2692,2699,2707,2691,2692,2701,2698,2697,2693,2693,2697,2690,2702,2706,2692,2705,2702,2697,2701,2709,2708,2706,2690
335,3350,neutral,2700,2705,2697,2694,2703,2696,2695,2696,2699,2703,2702,2707,2699,2707,2708,2705,2699,2699,2708,2691,2701,2701,2696,2692,2690,2709,2705,2708,2701,2691,2704,2691,2694,2699,2698,2701,2709,2691,2709,2700,2692,2701,2701,2707,2707,2691,2703,2709,2696,2703,2708,2709,2703,2704,2696,2696,2707,2704,2704,2704,2691,2706,2698,2696,2704,2703,2701,2702,2707,2701,2709,2690,2705,2703,2709,2693,2701,2693,2693,2700,2704,2691,2699,2700,2693,2696,2702,2708,2707,2691,2709,2701,2702,2708,2704,2697
336,3360,neutral,2695,2702,2692,2708,2702,2709,2702,2697,2690,2696,2701,2690,2693,2699,2692,2696,2704,2699,2701,2707,2694,2701,2708,2699,2701,2701,2708,2701,2690,2692,2696,2700,2699,2698,2700,2704,2706,2701,2691,2693,2696,2696,2693,2705,2702,2705,2694,2699,2696,2693,2699,2709,2702,2691,2700,2692,2700,2704,2693,2690,2706,2696,2708,2698,2705,2705,2691,2702,2699,2707,2700,2691,2705,2698,2695,2697,2709,2701,2694,2702,2706,2706,2703,2700,2708,2696,2694,2696,2692,2699,2693,2699,2693,2701,2692,2705
337,3370,neutral,2693,2706,2707,2698,2700,2702,2707,2706,2707,2706,2708,2708,2698,2695,2702,2698,2693,2705,2702,2703,2703,2690,2693,2695,2692,2708,2704,2699,2695,2695,2706,2699,2700,2705,2692,2705,2702,2707,2700,2709,2699,2704,2698,2693,2697,2706,2692,2701,2709,2705,2701,2691,2698,2706,2698,2692,2697,2704,2702,2705,2696,2709,2699,2709,2709,2691,2692,2693,2693,2695,2709,2703,2701,2709,2698,2690,2708,2694,2697,2694,2695,2700,2693,2704,2701,2697,2700,2704,2691,2705,2706,2690,2690,2700,2706,2709
338,3380,neutral,2708,2696,2691,2703,2701,2702,2697,2698,2698,2708,2695,2701,2703,2694,2701,2709,2695,2696,2707,2701,2696,2708,2692,2701,2692,2693,2690,2706,2702,2709,2702,2709,2701,2703,2705,2690,2704,2698,2697,2694,2690,2695,2706,2692,2700,2708,2694,2704,2703,2700,2698,2694,2704,2706,2705,2703,2696,2708,2690,2693,2704,2690,2702,2708,2699,2696,2702,2700,2709,2692,2693,2694,2704,2698,2693,2696,2707,2693,2700,2709,2696,2706,2698,2699,2699,2707,2695,2693,2704,2697,2693,2698,2704,2698,2697,2700
339,3390,neutral,2696,2700,2691,2708,2708,2708,2693,2695,2692,2700,2706,2693,2701,2706,2693,2700,2698,2704,2707,2707,2697,2700,2705,2693,2694,2691,2694,2700,2696,2690,2701,2704,2693,2693,2708,2692,2692,2700,2691,2693,2698,2693,2706,2705,2697,2693,2708,2702,2702,2695,2700,2697,2707,2696,2690,2696,2704,2709,2691,2704,2693,2691,2695,2700,2707,2698,2701,2694,2708,2702,2694,2708,2706,2703,2700,2703,2697,2705,2695,2695,2692,2698,2709,2691,2690,2695,2690,2709,2696,2709,2691,2700,2705,2696,2709,2698
340,3400,neutral,2707,2704,2697,2703,2705,2699,2691,2698,2693,2708,2704,2707,2699,2706,2700,2704,2706,2695,2708,2691,2702,2703,2695,2692,2693,2700,2697,2700,2691,2699,2691,2709,2703,2699,2698,2696,2696,2691,2690,2709,2697,2708,2700,2705,2705,2706,2697,2704,2690,2704,2704,2691,2703,2708,2707,2700,2706,2701,2703,2698,2695,2707,2701,2690,2697,2693,2702,2704,2707,2697,2698,2694,2697,2704,2705,2708,2695,2702,2701,2695,2692,2699,2700,2704,2692,2709,2697,2709,2700,2700,2696,2705,2707,2701,2707,2708
341,3410,neutral,2696,2700,2692,2707,2693,2706,2697,2707,2704,2694,2708,2696,2692,2697,2701,2691,2691,2690,2704,2696,2705,2706,2708,2699,2690,2697,2706,2691,2700,2695,2700,2706,2699,2699,2704,2690,2703,2701,2701,2698,2692,2702,2708,2708,2703,2709,2699,2700,2704,2706,2709,2703,2696,2707,2706,2708,2704,2695,2695,2691,2700,2697,2696,2698,2691,2695,2691,2708,2709,2703,2702,2693,2690,2704,2702,2697,2708,2706,2690,2699,2708,2705,2691,2690,2706,2696,2701,2693,2697,2699,2695,2704,2695,2704,2693,2709
342,3420,neutral,2696,2701,2699,2709,2697,2704,2694,2693,2702,2690,2695,2706,2708,2707,2691,2690,2701,2691,2709,2701,2694,2691,2704,2704,2695,2701,2696,2693,2707,2701,2699,2697,2690,2700,2704,2703,2697,2707,2696,2701,2694,2705,2707,2699,2696,2692,2695,2697,2692,2696,2709,2699,2697,2698,2703,2708,2696,2691,2698,2703,2707,2698,2692,2694,2701,2708,2705,2692,2691,2694,2707,2706,2707,2705,2708,2698,2693,2707,2709,2702,2702,2691,2708,2696,2700,2691,2702,2706,2701,2707,2696,2702,2708,2704,2701,2700
343,3430,neutral,2706,2706,2703,2706,2696,2697,2701,2696,2699,2699,2692,2701,2705,2709,2699,2701,2704,2705,2698,2709,2704,2690,2698,2696,2696,2709,2693,2700,2691,2696,2693,2694,2697,2706,2703,2697,2696,2698,2694,2706,2690,2698,2707,2698,2693,2708,2708,2706,2690,2700,2701,2701,2693,2703,2696,2696,2698,2709,2693,2703,2692,2692,2692,2707,2703,2697,2707,2708,2701,2699,2701,2698,2690,2709,2690,2693,2705,2701,2695,2706,2697,2700,2700,2691,2700,2698,2698,2701,2696,2699,2696,2691,2697,2701,2700,2699
344,3440,neutral,2707,2691,2698,2708,2707,2707,2695,2698,2692,2703,2709,2705,2698,2707,2700,2698,2707,2695,2697,2693,2696,2697,2705,2692,2699,2705,2698,2709,2708,2702,2693,2695,2709,2703,2703,2703,2693,2705,2694,2704,2705,2702,2693,2706,2699,2693,2694,2709,2706,2706,2708,2707,2707,2692,2695,2696,2702,2697,2707,2708,2708,2693,2692,2703,2704,2698,2702,2707,2697,2691,2690,2690,2707,2699,2705,2691,2703,2692,2695,2705,2702,2699,2697,2706,2695,2694,2700,2695,2703,2697,2700,2694,2702,2707,2690,2691
345,3450,neutral,2693,2701,2701,2705,2701,2705,2707,2691,2701,2700,2706,2699,2699,2695,2705,2706,2701,2704,2693,2707,2708,2704,2700,2704,2705,2706,2698,2694,2708,2708,2701,2699,2690,2695,2699,2698,2691,2705,2708,2695,2690,2696,2707,2692,2701,2701,2691,2698,2699,2700,2706,2693,2697,2703,2691,2707,2704,2709,2705,2691,2706,2706,2704,2695,2699,2696,2704,2704,2697,2702,2701,2707,2706,2703,2709,2707,2700,2707,2698,2708,2692,2700,2707,2709,2690,2696,2693,2701,2705,2706,2705,2707,2691,2701,2691,2708
346,3460,neutral,2709,2694,2692,2707,2694,2705,2709,2702,2709,2707,2704,2695,2700,2706,2696,2691,2705,2707,2702,2692,2695,2695,2701,2701,2699,2690,2697,2700,2709,2691,2704,2694,2709,2693,2693,2696,2697,2691,2704,2705,2692,2692,2696,2703,2703,2701,2696,2707,2702,2693,2709,2691,2703,2707,2699,2700,2706,2696,2690,2699,2702,2703,2703,2692,2709,2698,2706,2706,2691,2692,2700,2697,2696,2703,2705,2696,2690,2706,2703,2696,2700,2694,2706,2693,2699,2704,2708,2709,2690,2702,2700,2692,2690,2708,2700,2690
347,3470,neutral,2701,2700,2696,2694,2694,2690,2695,2690,2703,2707,2691,2701,2702,2694,2708,2690,2693,2696,2696,2706,2693,2697,2694,2692,2702,2698,2695,2697,2709,2709,2701,2707,2706,2697,2708,2696,2698,2700,2706,2692,2702,2706,2701,2697,2696,2698,2696,2708,2709,2707,2704,2702,2696,2704,2691,2694,2692,2699,2702,2695,2690,2701,2700,2700,2690,2694,2707,2709,2708,2692,2699,2701,2692,2698,2704,2695,2692,2704,2701,2702,2704,2691,2709,2695,2692,2694,2703,2705,2698,2696,2708,2703,2693,2701,2703,2702
348,3480,neutral,2690,2707,2692,2694,2694,2703,2694,2699,2706,2709,2699,2705,2701,2694,2706,2697,2708,2695,2699,2696,2697,2704,2699,2696,2695,2705,2694,2697,2707,2701,2697,2694,2697,2693,2697,2692,2691,2702,2701,2691,2696,2695,2695,2691,2697,2708,2704,2705,2692,2690,2708,2698,2707,2703,2693,2708,2699,2705,2703,2700,2698,2707,2694,2704,2695,2700,2694,2691,2694,2695,2708,2707,2702,2706,2698,2693,2706,2696,2691,2706,2699,2709,2701,2695,2703,2699,2691,2706,2698,2701,2703,2703,2706,2693,2704,2702
349,3490,neutral,2707,2709,2706,2699,2696,2690,2702,2705,2707,2693,2701,2692,2705,2690,2693,2691,2702,2694,2699,2697,2701,2698,2694,2706,2700,2700,2700,2702,2708,2707,2697,2705,2706,2701,2706,2701,2700,2705,2690,2695,2705,2706,2709,2704,2703,2695,2706,2697,2695,2698,2694,2704,2690,2699,2707,2702,2702,2702,2696,2705,2702,2696,2706,2692,2697,2696,2708,2690,2690,2696,2706,2707,2706,2694,2709,2694,2704,2693,2702,2694,2707,2690,2707,2691,2695,2694,2701,2700,2703,2697,2704,2702,2700,2692,2696,2697
350,3500,neutral,2704,2692,2690,2699,2705,2690,2704,2692,2707,2696,2691,2704,2691,2696,2693,2706,2706,2696,2699,2706,2694,2692,2696,2697,2701,2700,2704,2693,2697,2694,2704,2698,2708,2693,2694,2702,2699,2703,2708,2696,2692,2695,2692,2699,2699,2701,2700,2705,2702,2690,2698,2708,2696,2698,2692,2699,2706,2695,2697,2703,2695,2700,2705,2691,2695,2705,2703,2693,2708,2697,2696,2704,2699,2695,2707,2708,2694,2697,2706,2707,2694,2702,2698,2691,2694,2698,2704,2706,2704,2699,2708,2698,2707,2696,2701,2707
351,3510,neutral,2706,2696,2703,2703,2697,2705,2709,2692,2696,2709,2692,2696,2691,2701,2708,2703,2692,2705,2709,2693,2692,2700,2696,2697,2694,2705,2701,2695,2691,2697,2708,2703,2699,2695,2707,2696,2701,2695,2708,2707,2696,2696,2709,2709,2698,2706,2691,2704,2697,2695,2704,2699,2694,2700,2704,2709,2692,2705,2706,2690,2695,2697,2708,2696,2690,2704,2708,2694,2698,2705,2694,2703,2695,2692,2694,2699,2700,2703,2704,2692,2695,2708,2690,2692,2693,2706,2704,2691,2701,2704,2703,2709,2700,2696,2701,2699
352,3520,neutral,2707,2698,2708,2690,2699,2705,2706,2692,2695,2701,2709,2694,2697,2706,2698,2697,2692,2694,2701,2704,2703,2704,2695,2692,2709,2701,2706,2698,2702,2693,2702,2703,2706,2698,2702,2709,2690,2691,2709,2696,2707,2703,2703,2691,2696,2703,2700,2707,2706,2693,2709,2701,2707,2701,2709,2705,2704,2701,2709,2700,2705,2709,2706,2703,2693,2707,2693,2701,2698,2705,2706,2703,2708,2701,2691,2709,2709,2704,2692,2694,2701,2697,2707,2692,2708,2694,2702,2705,2704,2699,2699,2702,2702,2705,2703,2704
353,3530,neutral,2706,2703,2708,2695,2696,2692,2691,2703,2702,2705,2692,2692,2693,2701,2694,2696,2693,2690,2705,2699,2696,2704,2697,2708,2692,2690,2701,2709,2703,2694,2707,2707,2707,2697,2703,2699,2692,2703,2690,2700,2701,2699,2701,2706,2702,2693,2702,2697,2693,2697,2694,2706,2702,2694,2692,2700,2690,2695,2693,2690,2699,2694,2703,2708,2698,2708,2703,2701,2708,2697,2708,2693,2697,2707,2701,2702,2695,2698,2704,2709,2693,2691,2694,2703,2708,2695,2699,2695,2695,2691,2695,2701,2696,2707,2698,2698
354,3540,neutral,2709,2699,2695,2708,2702,2709,2707,2691,2696,2704,2691,2695,2690,2700,2693,2690,2694,2694,2692,2697,2708,2694,2702,2697,2700,2696,2694,2702,2703,2692,2704,2693,2704,2696,2690,2698,2703,2697,2702,2708,2707,2692,2704,2702,2704,2708,2696,2703,2705,2709,2693,2702,2695,2691,2692,2699,2694,2697,2705,2692,2704,2697,2705,2694,2708,2691,2698,2704,2699,2692,2702,2691,2696,2693,2703,2692,2700,2706,2705,2690,2706,2705,2709,2702,2692,2695,2697,2696,2695,2698,2705,2708,2706,2702,2694,2690
355,3550,neutral,2690,2697,2691,2702,2692,2708,2704,2706,2706,2694,2698,2708,2692,2697,2709,2695,2694,2709,2695,2695,2693,2695,2701,2690,2700,2692,2704,2704,2709,2699,2690,2695,2705,2691,2705,2700,2692,2692,2704,2701,2704,2700,2696,2705,2704,2701,2691,2703,2695,2693,2706,2699,2703,2707,2704,2697,2698,2701,2703,2705,2707,2704,2696,2709,2692,2695,2703,2692,2698,2690,2706,2698,2698,2702,2701,2694,2695,2708,2695,2704,2692,2700,2695,2698,2691,2700,2697,2700,2692,2694,2704,2707,2709,2709,2702,2692
356,3560,neutral,2702,2695,2705,2693,2691,2694,2700,2691,2705,2700,2697,2694,2697,2702,2698,2705,2697,2691,2706,2703,2709,2708,2701,2706,2691,2692,2703,2698,2690,2699,2705,2692,2707,2701,2708,2698,2701,2702,2690,2698,2694,2702,2708,2691,2705,2698,2691,2690,2697,2698,2704,2693,2703,2705,2701,2694,2692,2704,2702,2702,2696,2694,2706,2697,2701,2695,2708,2690,2700,2701,2698,2704,2696,2702,2699,2702,2697,2691,2699,2706,2698,2707,2702,2692,2708,2706,2700,2701,2700,2693,2703,2706,2700,2702,2707,2709
357,3570,neutral,2691,2690,2698,2696,2703,2709,2695,2708,2691,2705,2706,2699,2701,2692,2701,2705,2707,2691,2708,2709,2709,2697,2706,2699,2709,2694,2693,2707,2694,2698,2698,2708,2696,2701,2709,2696,2699,2699,2698,2692,2707,2697,2706,2694,2702,2702,2707,2704,2694,2702,2699,2696,2705,2693,2701,2693,2695,2693,2708,2707,2699,2695,2699,2707,2702,2707,2707,2694,2704,2707,2702,2696,2691,2707,2701,2705,2705,2698,2706,2703,2696,2702,2708,2706,2694,2691,2698,2707,2695,2709,2703,2690,2703,2705,2691,2692
358,3580,neutral,2701,2707,2706,2692,2704,2693,2697,2691,2692,2700,2698,2693,2702,2704,2698,2707,2703,2695,2703,2691,2706,2708,2700,2694,2697,2692,2706,2702,2709,2697,2693,2704,2693,2703,2692,2697,2698,2696,2708,2701,2704,2705,2704,2699,2691,2702,2708,2700,2691,2697,2702,2693,2702,2709,2695,2698,2707,2705,2704,2692,2694,2701,2698,2690,2705,2691,2694,2703,2709,2705,2703,2709,2691,2697,2701,2707,2704,2699,2701,2705,2700,2692,2698,2691,2693,2700,2705,2699,2697,2707,2698,2697,2695,2708,2698,2707
359,3590,neutral,2697,2701,2693,2699,2700,2705,2694,2698,2693,2694,2695,2700,2694,2695,2698,2692,2699,2702,2699,2705,2698,2695,2699,2709,2702,2703,2703,2703,2702,2706,2697,2697,2703,2704,2706,2698,2694,2704,2694,2698,2692,2707,2705,2709,2697,2705,2693,2699,2700,2694,2692,2695,2696,2700,2691,2709,2694,2690,2690,2704,2701,2709,2697,2706,2702,2705,2703,2707,2695,2694,2707,2691,2695,2705,2706,2705,2690,2693,2704,2700,2694,2697,2696,2708,2706,2707,2701,2708,2690,2697,2698,2693,2701,2708,2705,2708
360,3600,clench,2701,2686,2708,2697,2711,2682,2714,2684,2694,2683,2710,2707,2689,2685,2684,2709,2717,2711,2686,2710,2697,2686,2683,2691,2685,2701,2708,2695,2709,2700,2711,2687,2680,2687,2701,2715,2704,2708,2708,2718,2694,2684,2690,2699,2693,2682,2697,2699,2697,2680,2687,2698,2712,2682,2689,2700,2706,2717,2707,2687,2695,2686,2705,2714,3027,3251,3020,3177,3062,3092,3100,3278,3056,3043,3210,3144,3216,3262,3084,3247,3004,3233,3097,3186,3108,3145,3155,3154,3047,3103,3108,3271,3011,3199,3061,3132
361,3610,clench,2685,2719,2691,2709,2709,2705,2712,2706,2684,2682,2713,2690,2712,2686,2690,2687,2717,2700,2691,2703,2719,2719,2688,2709,2687,2686,2718,2682,2681,2696,2680,2694,2702,2719,2681,2692,2705,2692,2696,2693,2690,2709,2719,2716,2694,2690,2700,2684,2699,2706,2715,2699,2680,2698,2708,2694,2696,2717,2696,2680,2699,2693,2702,2711,3205,3264,3322,3228,3207,3163,3258,3101,3019,3113,3179,3148,3044,3239,3259,3034,3097,3103,3139,3194,3235,3048,3137,3187,3207,3195,3043,3058,3222,3215,3144,3058
362,3620,clench,2701,2686,2702,2696,2687,2712,2689,2704,2690,2716,2685,2690,2713,2682,2709,2718,2701,2697,2698,2693,2707,2703,2716,2718,2698,2718,2719,2709,2705,2704,2686,2716,2714,2702,2711,2696,2690,2687,2688,2686,2681,2687,2685,2684,2683,2705,2700,2691,2690,2700,2691,2702,2707,2691,2714,2681,2718,2695,2705,2695,2694,2705,2714,2684,3235,3310,3073,3125,3062,3100,3157,3031,3092,3262,3307,3083,3177,3244,3160,3102,3125,3036,3179,3172,3050,3053,3290,3324,3138,3122,3214,3024,3073,3028,3265,3277
363,3630,clench,2704,2698,2712,2680,2684,2681,2690,2719,2690,2693,2690,2695,2683,2707,2705,2694,2695,2691,2713,2684,2714,2705,2681,2700,2689,2719,2693,2713,2700,2695,2714,2699,2697,2695,2698,2718,2716,2682,2680,2701,2686,2713,2707,2685,2713,2699,2693,2714,2710,2701,2684,2713,2691,2711,2706,2699,2686,2706,2696,2704,2698,2687,2695,2718,3264,3249,3063,2996,3057,3012,3142,3169,3088,3122,3237,3337,3044,3266,3195,3263,3043,3131,3309,3255,3044,3235,3090,3297,3268,3212,3081,3173,3305,3199,3022,3013
364,3640,clench,2694,2702,2705,2681,2707,2711,2718,2687,2709,2693,2711,2689,2710,2708,2691,2717,2703,2698,2695,2703,2691,2700,2704,2686,2685,2711,2708,2684,2684,2701,2717,2711,2695,2705,2716,2712,2702,2688,2704,2689,2701,2687,2709,2681,2709,2711,2696,2713,2717,2710,2707,2705,2692,2715,2691,2705,2706,2710,2694,2696,2681,2699,2715,2718,3322,3128,3131,3020,3255,3120,3133,3121,3145,3250,2972,3034,3063,3230,3022,3289,3148,3067,3143,3252,3064,3175,3084,3035,3203,3225,3307,3013,3070,3183,3173,3227
365,3650,clench,2699,2707,2682,2699,2692,2702,2700,2709,2680,2688,2692,2685,2694,2714,2713,2696,2687,2711,2693,2690,2713,2698,2693,2689,2717,2682,2718,2715,2700,2702,2697,2692,2683,2714,2697,2683,2680,2708,2682,2692,2686,2702,2685,2693,2706,2686,2690,2687,2700,2715,2702,2706,2686,2686,2684,2699,2687,2714,2699,2702,2700,2699,2687,2682,3244,3211,3042,3209,3203,3315,3119,3112,3217,3210,3087,3127,3172,3084,3090,3196,3114,3108,3238,3121,3246,3177,3274,3163,3020,3127,3153,3003,3200,3183,3168,3210
366,3660,clench,2681,2684,2704,2683,2695,2711,2709,2703,2689,2681,2695,2718,2710,2690,2683,2716,2705,2695,2697,2705,2704,2700,2689,2681,2715,2690,2708,2682,2683,2718,2686,2698,2704,2693,2708,2714,2714,2719,2704,2680,2685,2708,2697,2691,2711,2705,2687,2718,2680,2687,2710,2709,2700,2685,2709,2682,2703,2696,2714,2711,2706,2687,2695,2717,3229,3280,3096,3101,3299,2995,3051,3216,3037,3177,3075,3218,3014,3269,3008,3029,2962,3329,3117,3214,2996,3064,3245,3152,3338,3147,3005,3127,3071,3213,3169,2968
367,3670,clench,2692,2684,2692,2710,2690,2715,2684,2685,2680,2713,2687,2692,2703,2717,2706,2689,2692,2689,2717,2699,2685,2712,2717,2692,2702,2696,2702,2700,2703,2692,2703,2712,2718,2716,2685,2702,2709,2715,2706,2711,2718,2714,2708,2691,2683,2713,2714,2711,2719,2714,2685,2704,2693,2683,2698,2709,2688,2704,2697,2694,2691,2700,2706,2704,3177,3140,3007,3139,3231,3024,3212,3137,3329,3137,3237,3040,3157,3049,3227,3140,3199,3106,3294,3138,3104,3298,3038,3207,3015,3308,3078,3191,3286,3206,3056,3137
368,3680,clench,2709,2680,2709,2692,2688,2692,2686,2716,2685,2700,2692,2680,2685,2694,2684,2687,2706,2681,2692,2714,2697,2680,2697,2719,2718,2718,2682,2693,2696,2717,2696,2701,2711,2708,2686,2696,2711,2718,2719,2680,2699,2700,2689,2693,2684,2693,2711,2700,2695,2696,2704,2704,2687,2689,2695,2699,2684,2701,2685,2690,2700,2681,2706,2712,3294,3000,3181,3084,3178,3269,3234,3184,3224,3128,3176,3246,3297,3274,3141,3061,3145,3045,3160,3064,3192,3120,3106,3315,3262,3058,3182,3037,3045,3182,3230,3260
369,3690,clench,2687,2689,2686,2696,2686,2683,2692,2705,2715,2702,2697,2712,2681,2717,2680,2704,2719,2682,2691,2683,2714,2695,2704,2708,2717,2681,2704,2693,2687,2703,2706,2691,2714,2715,2689,2717,2712,2689,2716,2711,2687,2690,2711,2684,2684,2717,2693,2712,2712,2700,2694,2682,2688,2712,2693,2702,2680,2680,2689,2696,2717,2687,2703,2711,2997,3026,3239,3195,3093,3211,3065,3310,3227,3273,3051,3176,3199,3029,3321,3265,3223,3044,3160,3022,3104,3267,3182,3209,3068,3257,3172,3265,3010,3324,3287,3037
370,3700,clench,2687,2690,2689,2686,2703,2680,2693,2717,2688,2708,2681,2714,2694,2693,2717,2712,2701,2719,2718,2698,2683,2719,2685,2702,2712,2709,2707,2703,2691,2698,2680,2718,2708,2714,2688,2694,2696,2685,2696,2698,2698,2689,2684,2689,2716,2693,2698,2712,2702,2694,2694,2716,2688,2712,2714,2689,2707,2681,2719,2710,2716,2700,2681,2715,3133,3303,3225,3118,3076,3148,3146,3120,3292,3034,3101,3136,3081,3159,3248,3095,3048,3048,3106,3232,3142,3201,3323,3059,3254,3276,3248,3256,3115,3048,3132,3032
371,3710,clench,2708,2684,2717,2695,2714,2719,2705,2711,2696,2701,2710,2681,2698,2696,2686,2705,2685,2705,2691,2680,2698,2711,2692,2709,2689,2687,2698,2700,2683,2704,2715,2706,2718,2711,2684,2691,2704,2683,2714,2686,2705,2680,2707,2691,2711,2715,2712,2710,2711,2689,2710,2694,2719,2707,2704,2697,2687,2702,2701,2711,2680,2684,2706,2695,3078,3028,3086,3311,3108,3295,3247,3041,3255,3139,2998,3148,3164,3090,3200,3076,3219,3019,3039,3036,3175,3142,3100,3284,3015,3150,3214,3268,3231,3140,3172,3198
372,3720,clench,2684,2681,2705,2719,2683,2698,2709,2683,2704,2684,2695,2705,2686,2704,2712,2711,2689,2717,2684,2714,2687,2712,2697,2692,2701,2685,2685,2689,2682,2708,2693,2708,2688,2707,2706,2698,2701,2709,2700,2687,2712,2692,2706,2718,2702,2717,2704,2685,2702,2711,2716,2712,2693,2693,2685,2710,2709,2693,2697,2704,2717,2692,2695,2714,3105,2997,3243,3274,3282,3269,3064,3018,3091,3125,3181,3035,3203,3163,3244,3200,3150,3045,2998,3253,3153,3153,3022,2981,3200,3204,3182,3225,3185,3269,3086,3184
373,3730,clench,2709,2680,2689,2703,2691,2680,2681,2699,2697,2697,2709,2690,2717,2691,2687,2682,2685,2712,2691,2705,2686,2695,2687,2703,2703,2694,2685,2716,2681,2706,2698,2706,2715,2692,2680,2696,2706,2685,2696,2704,2709,2712,2690,2686,2710,2693,2690,2681,2689,2692,2692,2716,2686,2697,2706,2696,2706,2718,2681,2719,2702,2683,2714,2700,3120,3178,2983,3179,3152,3180,3254,3212,3303,3106,3160,3131,3225,3024,3131,3107,3076,3036,3215,3132,3255,3186,3174,3294,3315,3238,3326,3224,3250,3188,3081,3170
374,3740,clench,2703,2711,2693,2686,2716,2696,2719,2708,2689,2700,2689,2685,2695,2682,2716,2682,2701,2706,2704,2705,2698,2710,2684,2685,2692,2702,2714,2694,2700,2681,2685,2699,2691,2708,2705,2681,2693,2699,2703,2708,2681,2684,2683,2707,2707,2705,2714,2718,2719,2685,2715,2718,2717,2684,2697,2718,2718,2693,2695,2714,2707,2688,2690,2693,3032,2974,3337,3131,3113,3181,3246,3205,3144,3052,3066,3012,3083,3124,3173,3106,3190,3186,3215,3196,3182,3168,3152,3184,3197,3297,3020,3197,3036,3185,3090,3074
375,3750,clench,2682,2712,2704,2697,2700,2705,2711,2719,2690,2695,2705,2684,2682,2691,2718,2700,2680,2681,2692,2701,2685,2703,2705,2708,2697,2700,2712,2697,2715,2707,2710,2682,2704,2719,2701,2695,2715,2694,2699,2688,2707,2706,2696,2695,2690,2711,2705,2716,2709,2692,2695,2716,2683,2705,2693,2714,2718,2710,2716,2694,2711,2695,2704,2690,3221,3194,3239,3165,3113,3008,3069,3208,3111,3033,3170,2962,3075,3174,3141,3222,3206,3218,2980,3244,3105,3267,3204,3223,3148,3033,3315,3231,3043,3064,3239,3211
376,3760,clench,2702,2709,2688,2710,2700,2685,2705,2688,2690,2707,2693,2693,2686,2719,2703,2680,2704,2714,2707,2687,2689,2708,2694,2686,2693,2719,2689,2692,2706,2711,2689,2709,2703,2692,2683,2695,2680,2719,2710,2684,2680,2705,2697,2686,2709,2694,2696,2717,2691,2706,2681,2715,2703,2703,2698,2714,2693,2698,2715,2712,2712,2701,2717,2707,3144,3146,3241,3131,3062,3185,3135,3027,3315,3230,3139,3045,3318,2963,3017,3147,3099,3233,3031,3118,3087,3183,3137,3037,3112,3156,3012,3034,3110,3093,3258,3272
377,3770,clench,2710,2680,2705,2686,2719,2692,2696,2698,2708,2713,2707,2695,2698,2688,2712,2711,2711,2709,2695,2693,2702,2719,2696,2711,2693,2705,2689,2718,2708,2709,2705,2683,2701,2700,2699,2700,2700,2691,2705,2684,2689,2682,2697,2697,2708,2697,2718,2709,2714,2685,2692,2706,2716,2704,2686,2705,2690,2714,2700,2694,2699,2687,2682,2697,3177,3221,3039,3047,3082,3231,3262,3298,3117,3207,3279,3121,3098,3223,3272,3131,3156,3053,3145,3271,3187,3257,3217,3023,3061,3175,3052,3050,3191,3299,3091,2998
378,3780,clench,2695,2700,2709,2697,2685,2687,2703,2709,2703,2695,2719,2703,2680,2701,2688,2683,2685,2711,2719,2712,2705,2700,2694,2695,2690,2702,2684,2713,2691,2699,2680,2699,2719,2703,2711,2707,2683,2690,2699,2697,2711,2699,2680,2716,2706,2709,2708,2717,2694,2689,2715,2699,2692,2690,2692,2685,2715,2696,2708,2681,2719,2709,2708,2718,3004,3316,3130,3249,3170,3176,3213,3139,3086,3326,3014,3084,3127,3000,3098,3291,3278,3039,3178,3106,3246,3249,3120,3168,3131,3035,3134,3180,3310,3063,3277,3123
379,3790,clench,2707,2708,2704,2696,2710,2686,2688,2683,2691,2681,2717,2707,2681,2719,2690,2708,2718,2696,2709,2716,2693,2683,2687,2685,2690,2688,2716,2682,2705,2683,2713,2705,2703,2693,2707,2686,2688,2698,2702,2719,2700,2690,2719,2689,2687,2699,2693,2685,2718,2693,2680,2699,2706,2715,2712,2688,2686,2684,2717,2684,2685,2700,2716,2718,3249,3304,2986,3225,3217,3153,3250,3105,3233,3052,3063,3189,3107,3132,3080,3067,3005,3204,3129,3081,3116,3131,2984,3014,3018,3152,3240,3092,3256,3068,3193,3117
380,3800,clench,2682,2705,2680,2693,2718,2683,2688,2684,2686,2698,2684,2683,2707,2717,2695,2692,2719,2680,2715,2696,2711,2687,2687,2699,2698,2709,2719,2683,2688,2681,2707,2690,2684,2682,2696,2699,2718,2698,2695,2687,2712,2683,2682,2707,2706,2711,2696,2693,2718,2684,2708,2688,2705,2709,2703,2713,2717,2712,2715,2692,2682,2690,2691,2702,3021,3069,3147,3168,3276,3237,3177,3220,3303,3145,3105,3230,3009,3198,3170,3024,3211,3248,3286,3208,2994,2985,3271,3273,3305,3021,3241,3107,3005,3106,3296,3094
381,3810,clench,2685,2682,2684,2715,2686,2692,2705,2702,2711,2709,2712,2702,2701,2700,2700,2719,2687,2688,2701,2695,2697,2686,2714,2685,2709,2702,2680,2719,2713,2717,2682,2694,2700,2717,2708,2701,2716,2708,2681,2690,2681,2684,2700,2698,2712,2696,2689,2703,2681,2689,2694,2713,2712,2705,2713,2693,2684,2692,2682,2711,2696,2715,2691,2699,3235,3119,3072,3175,3277,3148,3219,3108,3192,3130,3109,3283,3321,2959,3110,3157,3177,3170,3319,3041,3192,3249,3183,3064,3112,3242,3219,3056,3219,3093,3229,3161
382,3820,clench,2683,2680,2687,2691,2710,2704,2714,2704,2692,2709,2708,2696,2687,2686,2687,2691,2700,2694,2683,2680,2701,2685,2687,2719,2694,2712,2709,2706,2682,2716,2689,2705,2680,2688,2695,2703,2685,2686,2697,2680,2718,2698,2695,2704,2702,2699,2719,2680,2715,2690,2686,2700,2702,2683,2710,2711,2688,2691,2718,2683,2705,2689,2690,2711,3006,3013,3247,3263,3144,3033,3078,2974,3096,3183,3083,3267,3098,3276,3068,3042,3098,2997,3043,3240,3153,3238,3146,3133,3211,3120,3243,3155,3087,3110,3017,3244
383,3830,clench,2683,2697,2706,2713,2706,2681,2711,2718,2705,2702,2684,2717,2698,2690,2693,2710,2695,2711,2712,2706,2712,2696,2692,2691,2687,2695,2697,2697,2680,2700,2692,2715,2705,2701,2694,2702,2690,2692,2689,2718,2704,2698,2682,2715,2697,2699,2716,2711,2714,2712,2707,2685,2682,2717,2707,2705,2719,2685,2703,2684,2682,2715,2690,2707,3004,3019,3319,3011,3049,2982,3153,3149,3113,3061,3081,3233,3085,3076,3263,3151,3183,3299,3247,3210,3232,3114,3200,3031,2982,3007,3147,2998,3255,3223,3030,3257
384,3840,clench,2705,2714,2711,2681,2713,2703,2698,2714,2705,2686,2680,2681,2715,2719,2698,2710,2708,2711,2699,2698,2707,2715,2719,2685,2691,2695,2712,2712,2689,2713,2697,2683,2695,2702,2696,2707,2694,2715,2681,2689,2695,2703,2693,2681,2698,2719,2714,2718,2691,2711,2683,2684,2712,2715,2711,2713,2704,2691,2709,2683,2715,2714,2711,2697,3092,3160,3129,3073,3137,3332,3222,3086,3167,3275,2972,3278,2984,3168,3218,3051,3050,3050,3052,3271,3249,3269,3065,3178,3223,3045,3200,3146,3114,3245,3135,3091
385,3850,clench,2706,2712,2696,2710,2689,2681,2693,2718,2693,2700,2692,2684,2683,2718,2712,2713,2698,2693,2704,2709,2692,2716,2718,2711,2698,2719,2704,2708,2706,2695,2697,2705,2712,2691,2703,2714,2712,2695,2680,2716,2697,2696,2700,2714,2702,2702,2684,2705,2693,2682,2704,2709,2688,2711,2714,2711,2699,2719,2681,2712,2697,2702,2698,2715,3181,3234,3107,3164,3104,3275,3114,3114,3178,3088,3230,3013,3189,3014,3110,3242,3065,3142,3129,3324,3249,3306,3000,3198,3243,3242,3166,3070,3126,3220,3141,3100
386,3860,clench,2708,2681,2701,2697,2682,2709,2703,2708,2686,2707,2700,2718,2690,2707,2690,2717,2688,2699,2719,2692,2715,2690,2688,2705,2712,2715,2686,2717,2701,2690,2718,2686,2700,2688,2716,2693,2682,2695,2703,2698,2717,2717,2717,2695,2712,2699,2703,2703,2694,2688,2708,2710,2706,2680,2699,2682,2680,2719,2714,2714,2719,2688,2713,2694,3140,3097,3316,3078,3232,3131,3282,3147,3095,3106,3175,3136,3133,3179,3058,3112,3127,3051,3301,3250,3201,3243,3127,3308,3133,3224,3018,3194,3203,3316,3117,3091
387,3870,clench,2708,2691,2701,2717,2711,2702,2708,2713,2698,2681,2681,2694,2695,2693,2681,2685,2711,2704,2701,2718,2697,2694,2686,2682,2681,2711,2691,2706,2686,2694,2684,2694,2712,2690,2698,2681,2688,2680,2702,2707,2717,2715,2716,2711,2686,2696,2718,2708,2714,2704,2694,2706,2708,2682,2699,2703,2708,2688,2696,2693,2711,2683,2715,2684,3209,3158,3145,3265,3131,3030,3244,3280,3118,3101,3242,3180,3003,3152,3269,2984,3208,3270,3228,3038,3006,3051,3231,3247,3185,3180,3133,3009,3302,3334,3195,3131
388,3880,clench,2702,2707,2680,2718,2703,2714,2711,2699,2703,2709,2710,2712,2711,2696,2709,2700,2680,2690,2690,2680,2718,2687,2693,2698,2713,2717,2692,2695,2718,2717,2686,2716,2683,2709,2716,2694,2717,2698,2705,2690,2719,2683,2708,2711,2697,2703,2689,2683,2711,2681,2689,2694,2706,2695,2691,2688,2700,2687,2682,2706,2718,2694,2688,2714,3000,3087,3280,3025,3276,3042,3031,3119,3236,3107,3154,3104,3120,3083,3207,3260,3005,3088,3316,3242,3255,3165,3097,3188,3110,3267,3151,3200,3109,3129,3070,3241
389,3890,clench,2694,2695,2698,2692,2708,2703,2713,2687,2688,2692,2697,2680,2691,2700,2706,2701,2684,2708,2680,2707,2699,2706,2696,2716,2716,2697,2702,2687,2690,2696,2713,2717,2688,2714,2700,2691,2716,2710,2719,2702,2687,2690,2698,2682,2683,2694,2718,2691,2695,2692,2715,2686,2705,2718,2704,2690,2690,2707,2711,2718,2695,2701,2683,2693,2999,3211,3259,3019,3206,3288,3152,3208,3219,3254,3145,3256,3029,3256,3155,3101,3072,3121,3279,3227,3272,3160,3252,3066,3019,3286,3284,3074,3220,3243,3041,3104
390,3900,clench,2717,2680,2699,2714,2704,2701,2683,2706,2692,2689,2716,2704,2697,2718,2709,2701,2708,2717,2711,2690,2717,2684,2716,2709,2710,2686,2702,2694,2685,2691,2716,2680,2710,2703,2712,2693,2705,2681,2698,2710,2682,2694,2691,2711,2716,2690,2690,2708,2689,2691,2719,2682,2700,2696,2700,2695,2690,2703,2688,2714,2702,2709,2689,2712,3255,3020,3109,3092,3118,3059,3043,3064,3251,3190,3193,3193,3312,3070,3248,3013,3055,3216,3107,3080,3078,3030,3273,3173,3210,3081,3165,3254,3106,3254,3312,3093
391,3910,clench,2689,2713,2687,2718,2712,2688,2699,2688,2711,2706,2700,2704,2708,2710,2713,2695,2687,2701,2693,2703,2685,2707,2714,2709,2719,2706,2686,2689,2682,2682,2696,2714,2705,2709,2714,2691,2704,2712,2702,2706,2681,2687,2687,2712,2697,2688,2704,2680,2681,2713,2719,2698,2711,2709,2699,2681,2700,2719,2702,2688,2689,2704,2711,2688,3274,3099,3196,3188,3220,3112,3259,3218,3122,3049,3191,3013,3095,3250,2989,3316,3228,3055,3122,3249,3036,3060,3244,3146,3185,3222,3183,3176,3124,3077,3054,3125
392,3920,clench,2690,2692,2710,2683,2715,2713,2706,2715,2681,2693,2711,2687,2702,2714,2710,2711,2694,2708,2703,2702,2691,2686,2695,2710,2682,2687,2717,2696,2690,2693,2705,2687,2713,2705,2696,2682,2688,2713,2696,2687,2719,2684,2718,2699,2695,2681,2704,2708,2715,2680,2680,2680,2714,2708,2707,2689,2693,2708,2700,2690,2711,2710,2709,2718,3038,3053,3109,3145,3034,3175,3300,3277,3209,3246,3125,3044,3109,3107,3194,3159,2994,3246,3087,3213,3244,3046,3041,3146,3106,3208,3140,3063,3105,3194,3183,3180
393,3930,clench,2698,2718,2680,2712,2694,2709,2698,2691,2684,2681,2683,2700,2683,2710,2690,2693,2690,2698,2693,2692,2699,2691,2695,2711,2703,2719,2716,2698,2705,2686,2685,2704,2707,2701,2695,2709,2705,2687,2706,2680,2713,2697,2682,2713,2689,2687,2694,2680,2691,2718,2691,2690,2700,2691,2698,2696,2700,2687,2706,2705,2681,2710,2710,2699,3030,3206,3037,3044,3042,3106,3235,3144,3015,3071,3238,3286,3070,3019,3344,3252,3279,3170,3046,3152,3189,3282,3048,3126,3038,3076,3178,3230,3025,3110,3233,3003
394,3940,clench,2684,2719,2704,2692,2687,2692,2688,2691,2694,2707,2681,2687,2698,2717,2697,2692,2713,2699,2700,2704,2713,2713,2704,2714,2703,2718,2681,2718,2696,2684,2700,2707,2691,2697,2698,2700,2694,2706,2706,2714,2688,2702,2694,2697,2683,2703,2705,2710,2683,2686,2716,2704,2693,2686,2692,2705,2716,2697,2717,2708,2694,2718,2716,2681,3248,3124,3151,3144,3157,3133,3121,3216,3319,3289,3188,3308,3189,3178,3156,3209,3068,3226,3321,3232,3211,3064,3062,3021,3125,3036,3135,3098,3109,3071,3160,3052
395,3950,clench,2684,2685,2698,2696,2704,2697,2694,2698,2689,2684,2682,2701,2711,2684,2697,2712,2695,2709,2715,2690,2687,2687,2681,2681,2694,2717,2687,2694,2710,2699,2695,2688,2707,2697,2693,2687,2706,2692,2696,2711,2709,2717,2718,2712,2689,2712,2718,2687,2680,2692,2696,2713,2711,2697,2695,2707,2697,2711,2711,2710,2699,2688,2684,2701,3071,3247,3335,3204,3110,3112,3193,3083,3244,3303,3033,3117,3185,3301,3224,3165,3201,3263,3314,3232,3238,3131,3207,3035,3076,3221,2969,3018,3094,3088,3133,3134
396,3960,clench,2705,2718,2718,2713,2715,2701,2703,2702,2711,2701,2715,2718,2680,2698,2680,2699,2715,2718,2680,2692,2699,2706,2715,2685,2689,2686,2686,2704,2714,2684,2698,2706,2696,2716,2716,2691,2695,2688,2697,2691,2719,2700,2700,2704,2705,2714,2718,2714,2708,2686,2717,2681,2719,2682,2686,2699,2707,2706,2689,2696,2707,2685,2703,2714,3235,3080,3007,3020,3164,3047,3227,3033,3209,3155,3199,3269,3193,3275,3211,3194,3158,3230,3301,2995,3216,3055,3266,3250,3092,3079,2977,3142,3282,2975,3191,3075
397,3970,clench,2684,2715,2706,2682,2718,2703,2694,2715,2707,2719,2709,2692,2719,2710,2716,2681,2705,2682,2719,2708,2693,2712,2713,2707,2717,2695,2707,2700,2690,2718,2715,2689,2688,2695,2719,2717,2683,2689,2687,2683,2713,2687,2706,2700,2718,2714,2715,2704,2686,2714,2710,2707,2680,2685,2700,2696,2693,2693,2699,2692,2690,2693,2689,2708,3258,3252,3077,3279,3130,3196,3254,3147,3086,3137,3061,3079,3287,3203,3268,3089,3094,3166,3069,3219,3219,3200,3211,3073,2965,3144,3172,3188,2999,2960,3149,3238
398,3980,clench,2709,2715,2700,2683,2683,2704,2710,2686,2694,2681,2695,2693,2687,2694,2698,2709,2695,2718,2708,2704,2682,2709,2688,2702,2686,2685,2700,2695,2708,2691,2714,2699,2686,2701,2711,2693,2710,2690,2684,2713,2692,2685,2694,2701,2680,2688,2690,2703,2691,2692,2717,2682,2696,2696,2705,2680,2705,2695,2693,2697,2692,2717,2682,2700,3301,3128,3081,3249,3185,3297,3034,3027,3168,3171,3248,3281,3164,3183,3221,3252,3315,3078,3291,3174,3210,3334,3190,3177,3214,3186,3116,3253,3099,3185,3247,3070
399,3990,clench,2696,2687,2713,2686,2711,2719,2688,2689,2717,2687,2717,2713,2715,2712,2714,2688,2688,2696,2706,2696,2710,2682,2687,2685,2712,2714,2691,2688,2689,2716,2680,2685,2714,2694,2688,2692,2710,2693,2680,2681,2711,2715,2683,2691,2681,2715,2716,2704,2711,2709,2688,2712,2695,2693,2681,2717,2694,2716,2689,2715,2697,2691,2719,2713,3163,3073,3187,3208,3217,3042,3238,3089,3216,3060,3168,3021,3082,3077,3161,3089,3087,3191,3055,3253,3091,3089,3091,3272,3280,3184,3077,3056,3006,3116,3047,3224
400,4000,clench,2707,2685,2682,2710,2684,2709,2688,2695,2681,2681,2708,2698,2688,2706,2717,2689,2689,2691,2716,2702,2694,2707,2687,2701,2717,2709,2688,2703,2700,2696,2685,2686,2691,2700,2715,2697,2711,2703,2690,2689,2687,2686,2697,2698,2701,2680,2699,2712,2691,2712,2701,2694,2689,2702,2694,2680,2708,2691,2696,2680,2717,2707,2704,2698,3290,3102,3337,3239,3128,3186,3071,3298,3170,3155,3131,3041,3023,3247,3190,3048,3161,3195,3184,2996,3040,3045,3210,3284,3230,3157,3017,3224,3086,3144,3026,2951
401,4010,clench,2681,2710,2704,2719,2694,2706,2696,2700,2694,2693,2704,2686,2684,2712,2711,2712,2719,2703,2685,2685,2713,2709,2709,2694,2682,2719,2680,2714,2686,2692,2713,2702,2682,2707,2687,2713,2706,2701,2718,2700,2691,2681,2697,2712,2680,2714,2685,2685,2712,2710,2712,2710,2715,2704,2692,2704,2684,2680,2704,2685,2715,2715,2682,2682,3049,3126,2999,3231,3225,3165,3297,3188,3332,3176,3019,3263,3246,3192,3048,3212,3059,3081,3253,3072,3281,3163,3060,3109,3105,3301,3103,3186,3010,3321,3155,3083
402,4020,clench,2715,2692,2714,2709,2684,2692,2699,2715,2701,2688,2719,2680,2713,2680,2690,2699,2680,2705,2689,2698,2680,2683,2690,2704,2683,2703,2683,2684,2694,2708,2705,2697,2718,2694,2684,2698,2702,2699,2685,2688,2693,2699,2692,2704,2717,2687,2704,2681,2715,2704,2702,2713,2694,2697,2702,2709,2718,2701,2684,2695,2686,2695,2713,2719,3276,3282,3200,3317,3230,3208,3225,3103,3103,3162,3095,3217,3119,2966,3149,3272,3079,3011,3016,3297,3057,3195,3284,3135,3039,3117,3100,3181,3162,3138,3219,3212
403,4030,clench,2684,2689,2718,2692,2710,2695,2707,2700,2694,2685,2708,2703,2707,2709,2718,2680,2697,2695,2683,2703,2688,2683,2715,2691,2680,2709,2712,2686,2697,2690,2690,2713,2687,2696,2692,2712,2680,2699,2682,2695,2697,2709,2688,2690,2706,2689,2699,2681,2691,2694,2684,2710,2704,2696,2714,2680,2715,2687,2717,2709,2697,2686,2714,2715,3266,3063,3167,3216,3207,3144,3305,3181,3206,3210,3287,3237,3037,3282,3099,3055,3165,3268,3169,3071,3017,3077,3130,3048,3187,3211,3262,3124,3337,3051,3181,3028
404,4040,clench,2683,2692,2710,2694,2686,2717,2700,2718,2699,2713,2703,2709,2698,2712,2711,2718,2696,2680,2680,2693,2697,2698,2719,2685,2690,2700,2699,2710,2686,2699,2681,2700,2714,2717,2687,2688,2701,2699,2704,2683,2682,2680,2708,2701,2689,2687,2691,2712,2689,2696,2695,2694,2694,2711,2707,2716,2719,2690,2689,2697,2688,2686,2713,2703,3045,3030,3182,3244,3006,3177,3007,3239,3180,3216,3215,3001,3298,3222,3015,3230,3184,3106,3277,3200,3159,3272,3169,3295,3304,3051,3120,3172,3001,3335,3193,3173
405,4050,clench,2696,2688,2694,2695,2711,2719,2694,2682,2688,2714,2682,2689,2689,2682,2705,2694,2718,2695,2688,2705,2702,2698,2699,2688,2715,2682,2687,2707,2718,2715,2697,2706,2700,2697,2690,2704,2680,2692,2686,2718,2685,2710,2692,2689,2686,2714,2700,2685,2699,2719,2705,2712,2713,2705,2707,2687,2695,2685,2687,2704,2702,2704,2707,2695,3035,3103,3265,3028,3227,3053,3059,3076,3280,3208,3161,3281,3109,3078,3233,3067,3043,3283,3195,3308,3166,3192,3233,3130,3120,3128,3115,3207,3244,3188,3117,3323
406,4060,clench,2709,2712,2708,2713,2696,2716,2691,2681,2698,2707,2719,2719,2718,2695,2701,2691,2700,2688,2702,2692,2694,2704,2690,2718,2685,2680,2686,2704,2715,2698,2685,2694,2690,2703,2714,2684,2683,2692,2689,2715,2694,2688,2694,2716,2697,2704,2698,2707,2690,2701,2691,2719,2693,2691,2688,2715,2695,2685,2683,2714,2696,2715,2683,2714,3267,2959,3182,3157,3032,3184,3297,3119,3244,3259,3105,3248,3150,3275,3309,3156,3031,3061,3155,3048,3122,3247,3000,3238,3250,3054,3183,3272,3209,3123,3113,2971
407,4070,clench,2706,2719,2701,2708,2691,2686,2680,2700,2690,2715,2719,2689,2709,2684,2681,2683,2715,2703,2713,2709,2703,2697,2717,2718,2681,2713,2713,2708,2715,2710,2680,2691,2707,2687,2687,2683,2708,2713,2698,2683,2705,2700,2684,2706,2688,2682,2691,2714,2691,2680,2710,2684,2685,2681,2718,2699,2682,2706,2717,2702,2683,2693,2707,2689,3170,3161,3134,3164,3100,3159,3095,3012,3302,3165,3152,3253,3081,3151,3027,3152,3247,3095,3306,3317,3152,3110,3053,3304,3231,3282,3016,3004,2998,3325,3047,3250
408,4080,clench,2690,2715,2682,2705,2713,2709,2692,2704,2708,2714,2681,2698,2711,2692,2709,2710,2693,2692,2700,2686,2687,2712,2710,2715,2707,2714,2713,2686,2697,2688,2680,2716,2680,2685,2683,2705,2712,2703,2684,2694,2709,2684,2693,2697,2706,2705,2713,2704,2712,2716,2690,2712,2682,2708,2711,2693,2691,2711,2695,2680,2700,2703,2710,2716,3299,3104,3208,3094,3204,3147,3054,3221,3074,3263,3218,3229,3306,3064,3061,3039,3204,3141,3309,3223,3123,3224,3083,3072,3011,3147,3266,3300,3196,3305,3266,3218
409,4090,clench,2681,2680,2717,2682,2717,2711,2691,2715,2690,2715,2719,2713,2713,2681,2707,2712,2685,2702,2713,2697,2707,2686,2680,2703,2706,2681,2702,2704,2702,2710,2715,2690,2682,2700,2687,2711,2685,2708,2684,2709,2688,2695,2695,2703,2686,2719,2702,2680,2684,2685,2705,2704,2680,2703,2700,2706,2695,2686,2706,2706,2698,2716,2702,2698,3225,3145,3165,3211,3047,3057,3145,3085,3199,3103,3232,3102,3176,3162,3237,3203,3257,3189,3075,3251,3166,3121,3022,3181,3011,3071,3054,3248,3274,3026,3031,3061
410,4100,clench,2703,2701,2702,2712,2687,2702,2682,2715,2717,2705,2698,2681,2688,2701,2700,2707,2696,2683,2706,2696,2685,2699,2719,2714,2685,2712,2689,2716,2709,2693,2683,2699,2681,2700,2713,2712,2708,2685,2686,2694,2682,2707,2689,2682,2697,2692,2701,2716,2712,2717,2692,2717,2699,2712,2718,2689,2699,2689,2683,2710,2702,2681,2686,2712,3210,3219,3196,3105,3253,3221,3174,3307,3188,3150,3287,3118,3221,3128,3184,3087,3276,3185,3095,3143,3305,3130,3274,3306,3278,3194,3040,3027,3159,3221,3172,3235
411,4110,clench,2698,2713,2704,2698,2687,2685,2690,2694,2696,2696,2696,2695,2695,2692,2687,2702,2682,2707,2714,2688,2711,2686,2717,2705,2695,2715,2704,2710,2682,2705,2689,2703,2688,2707,2712,2695,2709,2696,2682,2713,2702,2699,2684,2681,2710,2690,2680,2701,2691,2689,2705,2686,2718,2687,2708,2705,2682,2698,2701,2691,2690,2705,2698,2682,3235,3030,3018,3182,3084,3267,3067,3096,3302,3165,3097,3144,3252,3267,3140,3132,3236,3037,3166,3270,3059,3215,3252,3306,3114,3209,3085,2967,3225,3181,2979,3162
412,4120,clench,2701,2716,2684,2719,2690,2718,2716,2696,2706,2719,2705,2702,2697,2713,2710,2686,2711,2707,2693,2682,2692,2702,2692,2698,2709,2685,2719,2700,2719,2691,2703,2705,2709,2692,2684,2706,2693,2683,2690,2687,2688,2708,2683,2705,2697,2687,2682,2688,2712,2694,2695,2692,2687,2706,2707,2682,2695,2700,2711,2708,2705,2696,2695,2696,3293,3067,3258,3231,3094,3230,3033,3081,3248,3080,3182,3214,3023,3142,3257,3248,3168,3289,3289,3058,3164,3227,3177,3008,3172,3132,3023,3099,3150,3108,3098,3231
413,4130,clench,2709,2714,2705,2700,2703,2693,2697,2693,2701,2691,2702,2687,2693,2687,2680,2680,2701,2681,2703,2704,2700,2682,2714,2711,2692,2710,2699,2689,2701,2717,2691,2719,2704,2696,2688,2718,2704,2698,2690,2705,2698,2687,2710,2711,2692,2719,2702,2704,2707,2691,2716,2692,2710,2700,2686,2709,2684,2700,2710,2691,2691,2688,2718,2689,3085,3119,3124,3147,3294,3241,3153,3188,3171,3050,3245,3161,3177,3047,2997,3029,3276,3050,3174,3233,3096,3245,3238,3121,3081,3146,3035,3080,3063,3130,3040,3073
414,4140,clench,2707,2690,2719,2704,2697,2699,2718,2707,2696,2686,2705,2703,2688,2684,2685,2705,2700,2707,2695,2697,2701,2695,2707,2713,2708,2680,2680,2687,2680,2718,2681,2685,2710,2692,2691,2686,2687,2703,2698,2697,2700,2704,2705,2701,2704,2700,2690,2695,2697,2707,2697,2692,2696,2697,2693,2692,2704,2693,2686,2710,2683,2708,2694,2683,3162,3235,3251,3090,3176,3253,2975,3325,3214,3205,3136,3212,3240,3273,3109,3121,3100,3072,3133,3288,3040,3013,3104,3064,3043,3010,3232,3226,3094,3023,3039,3230
415,4150,clench,2708,2683,2686,2716,2683,2682,2703,2680,2703,2695,2696,2695,2716,2685,2715,2692,2714,2694,2712,2688,2695,2687,2684,2683,2693,2692,2708,2709,2691,2710,2683,2689,2680,2689,2699,2704,2702,2699,2691,2697,2699,2713,2686,2701,2689,2701,2706,2692,2687,2694,2692,2691,2682,2700,2694,2692,2717,2708,2706,2717,2719,2709,2696,2680,3089,3264,3248,3044,2993,3234,3246,3118,3019,3178,3184,3273,3128,3183,3313,3011,3055,3134,3147,3088,3147,3161,3079,3222,3235,3108,3229,3060,3303,3086,3082,3237
416,4160,clench,2717,2701,2698,2704,2699,2696,2707,2716,2683,2707,2707,2698,2689,2701,2702,2702,2705,2702,2704,2717,2719,2684,2709,2690,2707,2702,2687,2683,2702,2707,2698,2707,2698,2694,2713,2707,2691,2686,2711,2708,2711,2684,2702,2690,2701,2716,2711,2693,2685,2689,2686,2707,2719,2712,2682,2691,2702,2690,2698,2716,2701,2688,2682,2696,3036,3337,3007,3138,3168,3260,3125,3051,3223,3187,3263,3102,3270,3196,3158,3029,3063,3216,2975,3311,3020,3210,3076,3175,3097,3069,3166,3059,2997,3060,3081,3200
417,4170,clench,2703,2707,2713,2686,2717,2715,2718,2706,2689,2712,2696,2683,2703,2690,2713,2719,2714,2714,2692,2712,2695,2695,2686,2697,2710,2683,2687,2712,2683,2687,2691,2701,2696,2703,2703,2697,2698,2707,2698,2708,2710,2697,2688,2696,2699,2698,2681,2689,2705,2705,2696,2691,2719,2717,2716,2701,2684,2714,2695,2696,2690,2698,2680,2709,3257,3254,3004,3141,3279,3101,3191,3098,3285,3044,3053,3106,3069,3260,2983,3014,3065,3273,3095,3098,3181,3081,2991,3230,3016,3061,2977,3067,3030,3047,3238,3260
418,4180,clench,2695,2695,2691,2708,2699,2714,2688,2686,2695,2684,2687,2701,2693,2719,2706,2713,2698,2700,2718,2692,2715,2706,2701,2686,2707,2710,2715,2694,2694,2717,2706,2684,2681,2682,2700,2712,2682,2704,2704,2689,2682,2715,2693,2703,2715,2708,2692,2680,2681,2685,2689,2688,2713,2681,2712,2714,2688,2708,2686,2715,2718,2706,2717,2702,3247,3256,3144,3188,3180,3249,3228,3034,3163,3220,3248,3196,3099,3237,3020,3291,3061,3217,3031,3191,3108,3225,3192,3277,3284,3062,3044,3144,3025,3069,3070,3183
419,4190,clench,2706,2697,2680,2700,2707,2711,2708,2698,2692,2711,2688,2708,2698,2704,2705,2688,2698,2695,2703,2703,2699,2701,2684,2713,2684,2703,2691,2686,2680,2719,2680,2718,2712,2680,2694,2684,2716,2685,2709,2710,2702,2719,2697,2707,2697,2693,2685,2695,2699,2698,2686,2714,2686,2711,2700,2702,2717,2692,2709,2705,2680,2718,2694,2702,3138,3274,3141,3193,3123,3030,3197,3103,3325,3108,3054,3064,3073,3194,3182,3126,3015,3209,3250,3145,3075,3171,3227,3244,3038,3228,3236,3182,3060,3265,3038,3033
420,4200,clench,2711,2710,2698,2713,2711,2682,2695,2709,2719,2718,2719,2703,2693,2684,2693,2680,2685,2705,2704,2695,2689,2699,2698,2686,2711,2681,2682,2697,2693,2707,2695,2696,2707,2699,2686,2687,2719,2688,2704,2685,2697,2688,2697,2708,2696,2701,2696,2683,2718,2707,2691,2691,2703,2699,2694,2707,2683,2688,2690,2696,2696,2706,2719,2692,3038,3135,3178,3240,3175,3273,3200,3281,3162,3226,3279,3249,3064,3040,3106,3079,3158,3055,3192,2993,3202,3149,3065,3288,3018,3186,3270,3237,3173,3126,3054,3174
421,4210,clench,2684,2708,2713,2688,2702,2710,2719,2693,2705,2685,2696,2683,2719,2696,2715,2683,2689,2690,2703,2682,2707,2719,2685,2695,2700,2684,2684,2705,2680,2715,2690,2691,2702,2717,2706,2683,2682,2681,2684,2696,2714,2699,2698,2706,2719,2719,2691,2680,2693,2682,2702,2716,2688,2707,2687,2706,2705,2709,2690,2702,2689,2703,2703,2708,3110,3233,3063,3111,3133,3006,3180,3174,3016,3255,3265,3191,3263,3323,3026,3117,3043,3172,3231,3014,3224,3129,3328,3077,3124,3063,3098,3149,3195,3181,3121,3263
422,4220,clench,2709,2709,2683,2704,2704,2688,2681,2710,2687,2689,2685,2691,2715,2701,2718,2686,2706,2700,2699,2693,2708,2718,2705,2693,2718,2709,2711,2718,2703,2698,2702,2704,2687,2714,2701,2710,2680,2704,2702,2707,2712,2717,2702,2691,2693,2715,2704,2695,2714,2680,2719,2700,2719,2697,2697,2716,2715,2688,2689,2696,2683,2684,2711,2704,3304,3218,3058,3229,3256,3288,3121,3267,3165,3011,3180,3159,3209,3326,3075,2986,3073,3075,3113,3049,3189,3280,3021,3071,3074,3216,3264,3063,3003,3275,2962,3160
423,4230,clench,2694,2716,2712,2713,2707,2710,2702,2709,2718,2708,2711,2687,2690,2689,2705,2682,2682,2701,2706,2703,2680,2682,2708,2686,2707,2715,2719,2688,2703,2702,2717,2687,2703,2717,2718,2697,2686,2695,2710,2692,2681,2709,2688,2694,2684,2708,2715,2693,2685,2710,2705,2705,2708,2706,2686,2687,2689,2701,2682,2683,2707,2691,2692,2714,3205,3184,3065,3035,3102,3231,3193,3046,3235,3112,3206,3177,2982,3293,3141,3169,2980,3137,3097,3039,3138,3050,2969,3262,3205,3153,3213,3097,3045,3240,2996,3175
424,4240,clench,2703,2682,2716,2709,2685,2718,2711,2697,2703,2689,2715,2711,2717,2685,2714,2708,2700,2703,2684,2686,2711,2715,2691,2714,2715,2694,2706,2703,2714,2696,2685,2714,2704,2703,2683,2691,2681,2694,2687,2719,2706,2689,2694,2706,2702,2697,2696,2695,2719,2684,2719,2682,2690,2692,2713,2695,2697,2687,2684,2681,2683,2684,2715,2690,3232,3027,3129,3124,3208,3236,3326,3266,3231,3056,3285,3048,3028,3211,3144,3179,3032,3148,3233,3100,3112,3024,3276,3073,3144,3048,3336,3215,3259,3119,3134,3167
425,4250,clench,2701,2698,2696,2684,2699,2687,2682,2716,2693,2687,2703,2694,2697,2691,2710,2685,2694,2715,2715,2708,2713,2709,2697,2708,2710,2716,2691,2707,2690,2683,2681,2699,2699,2685,2714,2704,2687,2717,2719,2690,2707,2698,2696,2687,2688,2704,2714,2692,2714,2719,2709,2708,2686,2698,2704,2684,2719,2696,2703,2712,2711,2691,2696,2691,3096,3224,3033,3032,3228,3336,3283,3051,2973,3160,3209,3164,3224,3177,3304,3301,3019,3023,3135,3174,3192,3105,3225,3097,3264,3071,3098,3051,3038,3056,2958,3158
426,4260,clench,2699,2705,2686,2694,2706,2697,2688,2685,2700,2712,2715,2708,2683,2688,2686,2704,2709,2711,2702,2696,2719,2702,2707,2706,2713,2718,2682,2716,2712,2699,2683,2697,2686,2682,2692,2684,2718,2702,2687,2712,2700,2681,2716,2702,2717,2718,2694,2688,2708,2692,2719,2714,2714,2690,2714,2692,2702,2686,2693,2697,2702,2709,2685,2683,3065,3079,3122,3004,3009,3172,3064,3293,3214,3285,3065,3248,3087,3290,3094,3089,3112,2961,3086,3163,3016,3069,3001,3182,3159,3271,3045,3109,3248,2975,3040,3253
427,4270,clench,2689,2696,2713,2716,2694,2701,2709,2684,2716,2708,2714,2700,2680,2688,2698,2715,2713,2685,2713,2714,2697,2690,2693,2686,2704,2683,2696,2698,2699,2714,2699,2709,2713,2699,2714,2704,2707,2716,2699,2705,2683,2715,2716,2685,2690,2698,2687,2715,2690,2703,2683,2713,2700,2698,2705,2686,2715,2686,2694,2712,2700,2702,2686,2693,3282,3070,3071,3062,3138,3238,3252,3194,3007,3128,3192,3088,3320,3128,3265,3239,3004,3102,3220,3037,3313,3258,3018,3203,3289,3155,3204,3176,3206,3109,3094,3261
428,4280,clench,2701,2719,2712,2693,2699,2684,2693,2690,2719,2700,2689,2696,2705,2694,2719,2712,2710,2691,2712,2713,2703,2718,2700,2708,2693,2712,2691,2688,2713,2717,2692,2698,2697,2682,2687,2686,2699,2719,2684,2683,2712,2681,2713,2713,2682,2713,2692,2710,2701,2689,2695,2713,2704,2694,2700,2700,2695,2714,2696,2684,2712,2699,2704,2696,3076,3074,3282,3302,3150,3191,3033,3176,3104,3151,3015,3095,3109,2992,3049,3195,3238,3229,3073,3107,3214,3025,3287,3198,3197,3090,3168,3199,3070,3193,3308,3210
429,4290,clench,2685,2684,2688,2717,2702,2693,2701,2719,2719,2712,2719,2715,2714,2696,2703,2708,2718,2714,2714,2718,2680,2705,2688,2686,2713,2702,2681,2692,2717,2702,2704,2687,2709,2681,2714,2710,2699,2710,2704,2718,2718,2698,2702,2708,2705,2685,2711,2711,2714,2695,2700,2702,2708,2689,2706,2709,2695,2686,2688,2715,2701,2694,2702,2699,3116,3233,3263,3117,3067,3307,3259,3081,3060,3028,3102,3078,3114,3263,3177,2999,3221,3159,3198,3121,3072,3318,3253,3214,3146,3114,2990,3305,3314,3179,3088,3013
430,4300,clench,2692,2683,2718,2713,2705,2682,2719,2708,2714,2701,2706,2680,2702,2699,2684,2700,2711,2686,2706,2717,2716,2703,2719,2708,2691,2693,2688,2693,2681,2704,2715,2702,2684,2705,2684,2689,2699,2690,2699,2703,2717,2714,2712,2710,2710,2707,2708,2687,2702,2692,2712,2712,2685,2712,2717,2713,2695,2694,2713,2691,2694,2716,2696,2712,3223,3061,3256,3286,3127,3081,3161,3229,3212,3189,3191,3250,3151,3172,3093,3292,3174,3144,3149,3311,3044,3259,3267,3257,3185,3138,3271,3215,3246,3114,3060,3060
431,4310,clench,2703,2683,2705,2695,2690,2708,2709,2687,2708,2704,2684,2700,2708,2705,2706,2700,2692,2696,2711,2695,2716,2703,2715,2690,2681,2699,2700,2709,2694,2687,2700,2715,2714,2701,2699,2684,2705,2711,2715,2705,2704,2695,2683,2685,2700,2698,2701,2689,2706,2704,2709,2693,2706,2710,2714,2698,2680,2706,2686,2699,2716,2711,2717,2710,3159,3344,3235,3244,3088,3262,3241,3176,3024,3257,3232,3121,3089,3115,3157,3252,3096,3254,3186,3230,3024,3033,3225,3020,3001,3164,3054,3093,3111,3159,3196,3217
432,4320,clench,2704,2711,2716,2686,2708,2716,2690,2687,2716,2689,2686,2689,2707,2702,2699,2697,2702,2716,2713,2694,2698,2702,2691,2703,2718,2681,2700,2685,2719,2712,2690,2685,2699,2712,2692,2684,2696,2689,2690,2688,2689,2693,2696,2712,2697,2715,2692,2714,2692,2708,2693,2686,2698,2690,2687,2687,2704,2698,2698,2698,2713,2700,2682,2707,3060,3020,3225,3321,3141,3011,3136,3242,3248,3226,3169,3125,3244,3027,3182,3123,3156,3131,3205,3235,3295,3186,3154,3034,3018,3158,3253,3248,3062,3140,3119,3153
433,4330,clench,2701,2696,2684,2703,2712,2695,2703,2718,2683,2706,2680,2710,2681,2699,2683,2697,2706,2687,2683,2698,2700,2707,2700,2713,2702,2700,2685,2696,2716,2685,2711,2714,2705,2711,2704,2691,2700,2687,2684,2693,2695,2714,2690,2707,2687,2709,2716,2689,2692,2703,2707,2682,2704,2714,2717,2708,2707,2707,2714,2682,2680,2716,2717,2697,3023,3096,3088,3240,3230,3166,3193,3266,3161,3224,3023,3091,3148,3096,3174,3088,3191,3310,3222,3036,3041,3174,3231,3025,3238,3239,3194,3096,3097,3208,3162,3082
434,4340,clench,2718,2705,2703,2697,2693,2711,2705,2691,2709,2688,2683,2695,2692,2709,2716,2699,2704,2708,2707,2697,2715,2715,2712,2719,2687,2702,2719,2691,2704,2705,2691,2719,2702,2684,2704,2685,2715,2710,2698,2706,2713,2718,2703,2700,2701,2701,2684,2695,2698,2713,2704,2690,2680,2695,2686,2690,2692,2709,2696,2682,2704,2682,2688,2691,3092,3156,3073,3184,3120,2991,3318,3248,3174,3196,3233,3251,3227,3192,2970,3159,3255,3126,3167,3255,3220,3158,3231,3191,3148,3128,3234,3218,3050,3128,3238,3106
435,4350,clench,2705,2716,2697,2685,2685,2719,2687,2696,2707,2718,2711,2699,2716,2690,2711,2682,2718,2708,2702,2697,2710,2682,2697,2704,2685,2716,2692,2705,2685,2719,2711,2713,2683,2683,2713,2680,2708,2684,2717,2696,2702,2715,2707,2695,2714,2708,2681,2715,2696,2680,2706,2690,2698,2719,2699,2718,2697,2698,2687,2707,2696,2698,2712,2691,3226,3257,3136,3031,3186,3029,3226,3050,3203,3204,3212,3307,3005,3014,3006,3229,3231,3086,3080,3104,3051,3141,3109,3196,3277,3177,3230,3062,3176,3147,3204,3083
436,4360,clench,2698,2708,2682,2719,2690,2713,2719,2686,2714,2681,2716,2701,2695,2705,2681,2682,2715,2717,2687,2700,2701,2690,2712,2715,2687,2719,2682,2698,2712,2695,2710,2698,2681,2709,2712,2687,2716,2717,2691,2702,2684,2712,2694,2710,2713,2707,2682,2698,2696,2700,2712,2714,2682,2692,2715,2702,2691,2694,2687,2695,2681,2692,2717,2683,3064,3221,3124,3276,3048,3230,3278,3159,3146,3015,3206,3188,3164,3035,2995,3163,3208,3008,3002,3092,3165,3197,3150,3043,3209,3105,3305,3079,3191,2993,3026,3062
437,4370,clench,2702,2701,2696,2718,2680,2692,2714,2706,2687,2713,2698,2706,2683,2718,2692,2710,2686,2690,2690,2707,2697,2701,2709,2703,2681,2698,2695,2690,2717,2708,2695,2703,2683,2694,2698,2718,2707,2682,2682,2711,2698,2691,2688,2698,2709,2690,2685,2714,2712,2712,2692,2700,2687,2715,2709,2695,2698,2698,2683,2719,2689,2692,2702,2714,3015,3159,3267,3166,3299,3122,3217,3136,3156,3018,3277,3040,3040,3046,3152,3065,3269,3156,3182,3250,3256,3238,3300,3328,3226,2976,3064,3206,3149,3193,3086,3322
438,4380,clench,2713,2712,2712,2693,2717,2680,2712,2705,2713,2715,2693,2714,2716,2689,2707,2695,2699,2699,2717,2680,2687,2681,2693,2705,2685,2688,2711,2691,2717,2709,2698,2694,2698,2711,2697,2699,2695,2684,2711,2700,2710,2710,2708,2680,2717,2681,2689,2681,2714,2699,2695,2681,2697,2699,2695,2712,2715,2699,2712,2715,2696,2689,2692,2693,3241,3175,3066,3272,3151,3130,3007,3211,3126,3110,3106,3191,3100,3162,3325,3192,3257,3094,3138,3120,3104,3125,3101,3058,3059,3214,3172,3247,2965,3294,3156,3160
439,4390,clench,2682,2707,2694,2717,2709,2687,2700,2718,2710,2712,2718,2699,2682,2690,2712,2697,2696,2705,2707,2699,2708,2696,2680,2705,2688,2701,2698,2695,2708,2710,2705,2683,2704,2683,2707,2690,2695,2707,2695,2680,2692,2715,2708,2719,2710,2694,2704,2699,2702,2693,2689,2691,2702,2712,2703,2715,2682,2695,2686,2692,2715,2705,2710,2700,3024,3128,3030,3110,3147,3147,3302,3164,3233,3196,3220,3052,3236,3278,3113,3210,3274,3086,3078,3021,3141,3220,3198,3100,3125,3093,3269,3290,3259,3210,3174,3099
440,4400,clench,2689,2680,2702,2684,2697,2696,2682,2680,2704,2710,2710,2695,2680,2693,2719,2713,2705,2693,2717,2689,2692,2707,2703,2708,2691,2700,2693,2704,2703,2714,2705,2715,2681,2687,2699,2697,2697,2718,2700,2691,2713,2684,2680,2699,2701,2683,2693,2690,2714,2689,2684,2710,2683,2698,2690,2687,2715,2702,2703,2719,2719,2694,2715,2710,3051,3050,3251,3232,3196,3068,3143,3215,3049,3263,3088,3288,3041,3184,3190,3077,3064,3233,3047,3047,3244,3248,3227,3178,3111,3338,3064,3319,3197,3250,3211,3070
441,4410,clench,2682,2704,2717,2694,2681,2703,2684,2697,2703,2698,2706,2709,2691,2699,2716,2692,2688,2681,2699,2705,2694,2710,2685,2715,2694,2685,2708,2708,2712,2683,2689,2692,2707,2695,2695,2705,2680,2693,2702,2706,2685,2715,2700,2696,2681,2716,2708,2702,2692,2716,2700,2702,2711,2698,2692,2684,2695,2697,2701,2718,2707,2683,2717,2682,3144,2971,3098,3302,3033,3113,3232,3159,3218,3141,3212,3240,3113,2970,3300,3059,3021,3198,3119,3061,3221,3085,3311,3222,3128,3275,3271,3314,3167,3249,3116,3212
442,4420,clench,2711,2687,2696,2713,2717,2688,2717,2707,2708,2717,2719,2713,2706,2701,2684,2710,2700,2695,2684,2702,2718,2719,2705,2696,2686,2706,2707,2714,2718,2698,2703,2689,2694,2711,2700,2708,2714,2703,2718,2714,2713,2712,2685,2692,2705,2716,2697,2683,2691,2715,2719,2710,2709,2705,2710,2683,2693,2715,2704,2708,2714,2718,2698,2705,3215,3068,3006,3140,3282,3171,3313,3031,3192,3164,3039,3171,3317,3233,3192,3130,3136,3308,3252,3207,3249,3131,3058,2998,3025,3204,3224,3142,2994,3179,3124,3197
443,4430,clench,2711,2704,2707,2704,2718,2702,2691,2690,2687,2688,2719,2681,2700,2709,2708,2687,2713,2684,2703,2711,2681,2704,2692,2719,2711,2705,2682,2682,2716,2701,2683,2707,2695,2708,2688,2704,2719,2709,2694,2686,2693,2715,2691,2687,2682,2719,2716,2704,2700,2714,2712,2705,2707,2691,2689,2699,2684,2700,2706,2704,2705,2701,2716,2709,3100,2970,3059,3195,3165,3190,3147,3033,3195,3238,3163,3281,3043,3158,3272,3240,3192,3201,3056,3268,3123,3070,3182,3129,3003,3211,3205,3180,3091,3130,3055,3105
444,4440,clench,2694,2681,2719,2686,2689,2714,2685,2706,2697,2713,2704,2687,2698,2716,2699,2689,2686,2702,2680,2680,2694,2684,2718,2685,2716,2681,2688,2703,2685,2681,2712,2681,2681,2692,2709,2698,2702,2710,2716,2698,2707,2696,2706,2692,2696,2694,2707,2716,2685,2693,2691,2705,2711,2688,2702,2689,2692,2717,2704,2683,2701,2711,2716,2704,3049,3018,3199,3049,3180,3142,3206,3079,3260,3226,3215,3281,3075,3152,3129,3106,3095,3104,3130,2996,3138,3131,3307,3175,3177,3245,3260,3073,3062,3251,3287,3193
445,4450,clench,2691,2680,2683,2693,2712,2707,2697,2713,2695,2715,2688,2696,2717,2710,2715,2683,2718,2719,2716,2714,2690,2696,2719,2705,2681,2691,2706,2704,2693,2690,2681,2703,2699,2689,2717,2710,2708,2680,2716,2680,2685,2717,2704,2680,2680,2687,2704,2694,2704,2701,2684,2683,2692,2698,2714,2698,2707,2684,2711,2693,2691,2680,2685,2705,3202,3104,3156,3311,3083,3136,3262,3313,3030,3193,3229,3088,3072,3035,3202,3265,2994,3116,3035,3088,3034,3027,3277,3078,3162,3037,3285,3205,3188,3331,3164,3294
446,4460,clench,2716,2684,2684,2699,2689,2708,2719,2684,2706,2698,2703,2701,2681,2718,2688,2692,2692,2712,2681,2698,2693,2701,2707,2703,2715,2698,2704,2710,2712,2716,2716,2695,2689,2680,2709,2691,2682,2694,2703,2707,2705,2712,2683,2682,2719,2704,2692,2687,2719,2682,2691,2687,2705,2697,2690,2688,2692,2686,2709,2708,2709,2702,2692,2682,3244,3147,3135,3093,3044,3141,3036,3058,3194,3231,3285,3221,3116,3098,3255,3164,3035,3125,3201,3245,3063,3005,3200,3139,3117,3140,3247,2976,3176,3008,3236,3092
447,4470,clench,2686,2719,2686,2715,2688,2712,2691,2698,2684,2715,2699,2704,2688,2680,2680,2696,2686,2685,2712,2683,2692,2708,2685,2690,2680,2687,2714,2689,2711,2708,2708,2701,2708,2710,2681,2681,2701,2694,2715,2681,2694,2696,2704,2691,2703,2694,2696,2714,2680,2690,2712,2685,2692,2690,2694,2702,2714,2698,2710,2704,2683,2697,2713,2715,3211,3178,3038,3009,2992,3033,3038,3277,3058,3252,3242,3009,3039,3018,3272,3244,3344,3059,3113,3233,3089,3101,3153,3204,3202,3094,3172,3225,3152,3052,3124,3290
448,4480,clench,2717,2715,2685,2712,2712,2699,2697,2719,2690,2682,2701,2713,2688,2693,2710,2684,2693,2705,2686,2687,2682,2696,2687,2690,2716,2685,2702,2696,2685,2718,2691,2700,2711,2700,2703,2686,2696,2710,2716,2710,2690,2704,2708,2682,2694,2702,2703,2690,2700,2705,2702,2694,2705,2693,2713,2700,2682,2691,2684,2690,2698,2707,2703,2706,3191,3076,3161,3177,3083,3262,3257,3032,3050,3012,3190,3079,3025,3046,2999,3139,3128,3136,3182,3165,3071,3135,3062,3242,3179,3167,3203,2972,3071,3101,3175,3258
449,4490,clench,2708,2685,2699,2699,2708,2696,2698,2696,2702,2693,2714,2689,2693,2695,2697,2690,2702,2718,2697,2709,2695,2689,2688,2707,2687,2719,2711,2704,2684,2684,2697,2712,2698,2711,2706,2688,2715,2685,2711,2696,2700,2689,2698,2705,2702,2705,2719,2693,2690,2715,2681,2702,2705,2707,2694,2688,2709,2684,2680,2690,2693,2719,2698,2692,3223,3218,3040,3196,3210,3144,3239,3295,3234,3125,3119,3158,3289,3108,3079,3186,3219,3111,3255,3258,3144,2988,3076,2987,2961,3194,3083,3260,3212,3116,3082,3188
450,4500,clench,2688,2708,2690,2699,2702,2701,2717,2704,2705,2695,2680,2687,2698,2693,2698,2695,2706,2717,2714,2682,2707,2707,2681,2688,2692,2716,2708,2715,2704,2717,2708,2708,2705,2687,2705,2681,2681,2700,2682,2713,2705,2697,2692,2690,2697,2689,2684,2695,2706,2684,2718,2688,2705,2716,2698,2684,2717,2706,2692,2687,2693,2683,2687,2693,3062,3243,3232,3285,3053,3076,3255,3012,3186,3011,3088,3165,3000,3015,3110,3312,3221,3256,3126,3004,3195,3091,3133,3130,3071,3107,3153,3059,3273,3188,3003,3236
451,4510,clench,2682,2688,2684,2701,2707,2687,2693,2717,2685,2701,2698,2701,2693,2702,2697,2685,2691,2713,2693,2711,2682,2707,2705,2690,2707,2691,2707,2698,2708,2701,2714,2695,2697,2687,2718,2713,2713,2690,2710,2682,2691,2702,2715,2702,2704,2690,2684,2698,2701,2709,2699,2700,2698,2680,2701,2707,2711,2688,2717,2680,2688,2706,2688,2714,3103,2982,3260,3057,3243,3049,3050,3135,3143,3050,3221,3154,3115,3241,3045,2984,3132,3111,3065,3215,3217,3244,2989,3033,3199,3059,3282,3317,3007,3236,3016,3146
452,4520,clench,2695,2687,2700,2682,2689,2700,2715,2715,2699,2680,2688,2706,2710,2701,2710,2712,2691,2701,2713,2687,2713,2697,2716,2687,2681,2714,2711,2704,2705,2703,2705,2713,2687,2702,2697,2689,2685,2707,2683,2717,2701,2705,2680,2691,2716,2710,2699,2692,2693,2714,2681,2715,2718,2712,2701,2697,2705,2682,2711,2686,2719,2693,2702,2703,3227,3094,3028,3178,3243,3111,3047,3104,3142,3203,2986,3147,3280,3050,3047,3228,3280,2963,3138,3054,3076,3170,3104,3236,3212,2994,3233,3265,3297,3190,3180,3205
453,4530,clench,2696,2705,2686,2691,2709,2700,2693,2719,2714,2710,2691,2689,2697,2710,2715,2718,2685,2693,2716,2708,2705,2684,2700,2698,2700,2686,2688,2701,2717,2694,2717,2690,2686,2709,2706,2708,2714,2694,2703,2696,2684,2710,2688,2712,2708,2711,2683,2681,2689,2717,2682,2695,2688,2715,2703,2716,2688,2713,2719,2708,2717,2700,2698,2680,3050,3252,3264,3101,3229,3160,3067,3279,3272,3094,3103,3045,3172,3028,3228,3161,3137,3260,3114,3138,3274,3219,3271,3226,3274,3094,3191,3094,3130,3157,3255,3239
454,4540,clench,2682,2710,2699,2711,2712,2710,2718,2701,2719,2680,2692,2691,2715,2711,2686,2690,2691,2688,2685,2711,2696,2712,2708,2684,2688,2692,2712,2703,2699,2684,2713,2711,2704,2683,2698,2685,2712,2682,2689,2706,2717,2705,2689,2686,2704,2695,2684,2688,2710,2718,2680,2700,2719,2693,2711,2698,2717,2687,2701,2711,2719,2714,2701,2710,3136,3318,3303,2999,3016,3317,3029,3109,3044,3070,3164,3126,3205,3288,3113,3218,3222,3094,3255,3107,3300,3303,3153,3115,3138,3043,3270,3103,3214,3107,3253,3292
455,4550,clench,2706,2698,2700,2708,2687,2709,2710,2718,2680,2692,2687,2695,2690,2682,2690,2693,2713,2684,2683,2683,2702,2717,2688,2695,2692,2715,2682,2704,2710,2714,2686,2682,2690,2690,2682,2689,2690,2683,2691,2685,2697,2702,2719,2711,2699,2713,2694,2716,2693,2684,2690,2692,2680,2710,2688,2703,2712,2687,2684,2680,2684,2707,2701,2697,3280,3222,3193,3106,3102,3182,3145,3085,3034,3118,3198,3063,3237,3045,3260,3063,3335,3109,3290,3136,3147,3054,2996,3207,3239,3058,3030,3059,3124,3192,3101,3297
456,4560,clench,2699,2694,2710,2711,2713,2699,2697,2710,2681,2695,2698,2683,2704,2715,2701,2708,2697,2717,2698,2695,2704,2685,2719,2694,2699,2689,2690,2683,2685,2689,2712,2684,2709,2682,2701,2707,2702,2707,2702,2718,2715,2692,2716,2685,2706,2717,2715,2688,2681,2692,2706,2700,2690,2697,2694,2696,2683,2718,2719,2704,2716,2710,2704,2696,3145,3301,3204,3056,3078,3279,3015,3203,3115,3247,3263,3190,3088,3261,3164,3041,3276,3108,3209,3157,3130,3154,3236,3077,3173,3248,3206,2989,3034,3003,3248,3189
457,4570,clench,2719,2702,2698,2703,2705,2701,2719,2698,2692,2719,2692,2686,2719,2700,2685,2687,2716,2710,2702,2718,2704,2713,2706,2699,2710,2697,2691,2695,2708,2713,2711,2713,2715,2685,2683,2694,2691,2687,2704,2692,2715,2692,2683,2716,2700,2690,2713,2683,2705,2686,2685,2711,2684,2689,2703,2711,2681,2713,2713,2712,2694,2685,2716,2697,3022,3115,3198,3106,3231,3152,3189,3297,3252,3257,3002,3064,3132,3190,3181,3114,3059,3169,3028,3327,3112,3213,3023,3052,3089,3260,3073,3045,3195,3240,3075,3158
458,4580,clench,2687,2699,2688,2687,2692,2713,2714,2701,2716,2709,2681,2683,2685,2710,2712,2717,2698,2707,2683,2718,2704,2684,2698,2709,2684,2712,2698,2693,2714,2693,2699,2712,2719,2684,2691,2704,2707,2688,2714,2682,2686,2710,2714,2692,2717,2694,2694,2695,2703,2689,2687,2701,2702,2702,2703,2683,2693,2693,2700,2691,2692,2716,2707,2706,3029,3044,3118,3034,3091,3267,3051,3098,3064,3112,3076,3016,2974,3072,3117,3032,3169,3016,3298,3227,3156,3095,3167,3230,2973,3126,3075,3269,3213,3050,3006,3263
459,4590,clench,2719,2685,2714,2703,2700,2704,2714,2713,2714,2687,2698,2717,2688,2706,2703,2714,2696,2702,2698,2700,2682,2694,2701,2697,2684,2707,2682,2713,2683,2681,2684,2714,2708,2680,2691,2706,2693,2715,2693,2681,2688,2689,2715,2683,2715,2690,2684,2690,2708,2713,2698,2691,2715,2685,2704,2714,2715,2685,2717,2689,2686,2688,2689,2705,3071,3244,3125,3198,3102,3030,3075,3172,3157,2995,2998,3097,3155,3012,3148,3257,3313,3227,3042,3153,3278,3133,3200,3261,3204,3125,3056,3036,2987,3193,2989,3055
460,4600,clench,2701,2687,2701,2694,2707,2699,2710,2715,2707,2681,2701,2695,2715,2684,2696,2707,2691,2683,2688,2716,2686,2694,2684,2705,2719,2691,2716,2709,2690,2713,2713,2683,2681,2693,2708,2681,2681,2707,2681,2685,2692,2686,2692,2707,2682,2701,2716,2699,2712,2694,2704,2705,2703,2705,2696,2680,2696,2710,2696,2710,2713,2704,2714,2700,3090,3279,3173,3264,3239,3271,3212,3094,3024,3203,3194,3079,3215,3260,3294,3112,3132,3141,3298,3127,3222,3055,3242,3202,3043,3268,3245,2977,3148,3237,3109,3225
461,4610,clench,2714,2692,2718,2691,2695,2716,2719,2718,2683,2682,2689,2689,2698,2697,2714,2692,2690,2704,2691,2685,2689,2708,2691,2709,2704,2716,2711,2697,2686,2684,2695,2681,2694,2705,2688,2699,2716,2681,2687,2717,2699,2703,2687,2690,2686,2697,2704,2700,2691,2708,2717,2691,2719,2684,2704,2714,2711,2704,2691,2684,2719,2680,2713,2682,3285,3001,3243,3297,3035,3224,3297,3090,2976,3194,3091,3208,3143,3159,3139,3168,3158,3241,3169,3024,3135,3064,3268,3331,3058,3147,3237,3129,3159,3016,3255,3143
462,4620,clench,2714,2692,2681,2685,2697,2699,2694,2694,2718,2710,2711,2687,2713,2680,2683,2680,2718,2692,2706,2691,2681,2707,2682,2701,2712,2691,2683,2712,2688,2690,2719,2681,2686,2680,2710,2680,2713,2694,2715,2707,2689,2714,2712,2704,2688,2691,2707,2704,2711,2692,2684,2695,2704,2701,2698,2705,2716,2680,2702,2680,2715,2692,2697,2706,3088,3111,3048,3272,3087,3259,3229,3041,3316,2970,3025,3031,3231,3145,3228,3161,3112,3088,3161,3149,3092,3119,3272,3043,2990,3058,3058,3090,3093,3229,3068,2962
463,4630,clench,2715,2692,2716,2683,2711,2684,2681,2715,2712,2684,2684,2681,2690,2719,2686,2681,2718,2702,2707,2704,2714,2712,2694,2696,2689,2682,2698,2692,2702,2698,2715,2716,2706,2688,2706,2696,2694,2706,2704,2686,2706,2715,2699,2697,2695,2708,2691,2694,2680,2684,2684,2680,2691,2691,2712,2689,2710,2698,2707,2705,2696,2690,2704,2686,3280,3312,3088,3246,3087,3199,3211,3105,3329,3268,3168,3093,3136,3139,3144,3189,3059,3076,3284,3196,3143,3093,3055,3117,3001,3074,3258,3190,3162,3112,3046,3165
464,4640,clench,2705,2689,2702,2697,2696,2680,2698,2699,2698,2698,2702,2690,2703,2687,2718,2700,2704,2690,2685,2688,2693,2697,2703,2691,2698,2680,2694,2683,2714,2689,2695,2700,2716,2715,2687,2719,2702,2698,2715,2705,2712,2688,2693,2708,2688,2697,2706,2684,2706,2681,2707,2711,2685,2684,2687,2718,2713,2703,2690,2688,2703,2706,2699,2716,3081,3124,3095,3105,3269,3117,3232,3136,2983,3036,3157,3006,3025,3259,3072,3245,3186,3264,3120,3077,3129,3293,3092,3097,3146,3160,3215,3025,3117,3098,3085,3130
465,4650,clench,2693,2705,2700,2683,2685,2707,2694,2703,2684,2714,2702,2692,2692,2705,2681,2695,2698,2710,2699,2680,2708,2717,2690,2700,2696,2683,2711,2698,2713,2687,2716,2718,2684,2711,2705,2683,2690,2680,2698,2687,2716,2705,2697,2701,2709,2693,2685,2698,2691,2705,2718,2681,2696,2698,2713,2711,2687,2685,2704,2694,2683,2709,2696,2717,3233,3112,3115,3209,3073,3294,3052,2997,3074,3039,3121,3003,2984,3304,3259,3164,3064,3056,3256,3205,3100,3021,3162,3063,3271,3163,3077,3256,3097,3332,3177,3227
466,4660,clench,2717,2689,2693,2713,2704,2710,2692,2684,2713,2707,2711,2699,2713,2681,2716,2684,2693,2693,2705,2692,2696,2714,2699,2685,2713,2718,2704,2711,2712,2707,2705,2716,2703,2709,2711,2693,2702,2715,2694,2690,2687,2716,2712,2691,2719,2696,2701,2685,2708,2719,2687,2681,2687,2691,2707,2689,2691,2700,2685,2707,2715,2686,2684,2696,3170,3124,3285,3051,3132,3085,3094,3009,3083,3113,3137,3250,3228,3038,3124,3173,3132,3212,3210,3095,3080,3258,3175,2954,3087,3219,3254,2998,3105,3119,3115,3100
467,4670,clench,2718,2717,2711,2709,2711,2704,2697,2716,2686,2688,2707,2714,2683,2711,2691,2715,2711,2710,2686,2718,2693,2707,2708,2686,2685,2694,2681,2713,2704,2684,2716,2692,2716,2695,2707,2684,2694,2689,2718,2694,2695,2715,2695,2697,2694,2697,2680,2690,2709,2716,2703,2691,2691,2691,2717,2714,2686,2710,2698,2708,2681,2688,2697,2711,3110,3137,3178,3227,3091,3201,3221,3028,3232,3121,3051,3200,3178,3195,3049,3232,3056,3339,3129,3068,3135,3245,3334,3196,3276,3274,3163,3207,3095,3251,3163,3127
468,4680,clench,2706,2680,2687,2715,2713,2681,2681,2682,2685,2710,2690,2698,2703,2707,2692,2680,2681,2683,2703,2686,2682,2681,2702,2706,2699,2686,2697,2698,2718,2704,2682,2708,2704,2688,2717,2711,2717,2695,2711,2684,2708,2708,2692,2688,2699,2688,2711,2681,2684,2685,2686,2716,2682,2712,2715,2706,2701,2699,2712,2705,2688,2711,2693,2714,3174,3045,3216,3212,3204,3138,3112,3011,3265,3206,3178,3199,3067,3211,3244,3226,3046,3210,3147,3136,3192,2997,3198,3062,3103,3016,3168,3198,3139,3210,3061,3146
469,4690,clench,2691,2707,2708,2681,2714,2711,2684,2719,2705,2717,2697,2692,2712,2718,2705,2718,2712,2684,2699,2705,2683,2695,2711,2702,2708,2706,2697,2704,2695,2704,2709,2681,2717,2695,2706,2713,2704,2710,2685,2697,2700,2686,2710,2707,2707,2706,2717,2717,2719,2717,2713,2707,2682,2708,2684,2708,2689,2692,2681,2688,2690,2704,2699,2701,3011,3135,2987,3148,3259,3020,3161,3026,3129,3156,3167,3107,3242,3096,3099,3291,3226,3130,3252,2983,3008,3224,3178,2999,3257,3102,3268,3086,3233,3154,3028,3248
470,4700,clench,2682,2695,2696,2698,2718,2715,2710,2705,2695,2707,2707,2718,2683,2706,2681,2696,2714,2693,2691,2705,2694,2696,2698,2687,2693,2715,2706,2718,2682,2718,2718,2692,2692,2717,2708,2695,2682,2697,2703,2690,2688,2709,2700,2710,2691,2709,2713,2714,2689,2684,2681,2680,2710,2699,2688,2717,2705,2697,2689,2689,2695,2689,2715,2685,3029,3031,3268,3081,3097,3195,3156,3142,3298,3168,3144,3242,3028,3219,3168,3191,3119,3215,2957,3011,3249,3047,3111,3153,3051,3039,2989,3177,3066,3047,3260,3098
471,4710,clench,2681,2717,2707,2715,2705,2709,2701,2718,2693,2693,2696,2712,2697,2691,2719,2712,2713,2691,2690,2707,2710,2715,2713,2710,2715,2694,2719,2701,2718,2688,2719,2700,2712,2710,2695,2707,2701,2698,2690,2688,2717,2710,2705,2711,2692,2699,2689,2684,2705,2687,2684,2715,2698,2684,2699,2691,2692,2692,2719,2693,2693,2697,2685,2712,3195,3193,3104,3093,3058,3255,3198,3189,3276,3326,3074,3139,3258,3275,3284,3260,3243,3317,3176,3042,3290,2997,3236,3093,3016,3070,3065,3179,3112,3056,3001,3189
472,4720,clench,2712,2714,2686,2715,2692,2680,2713,2696,2690,2710,2680,2689,2719,2692,2684,2680,2717,2692,2718,2694,2709,2712,2695,2701,2711,2696,2692,2709,2706,2692,2707,2691,2689,2685,2692,2687,2718,2712,2717,2690,2709,2680,2696,2718,2684,2680,2695,2716,2716,2707,2700,2696,2705,2697,2690,2695,2714,2704,2687,2680,2703,2680,2719,2700,3182,3155,3110,3135,3239,3298,2983,3276,3060,3032,3087,3034,3055,3297,3107,3116,3270,3240,3052,3276,3257,3044,3230,3165,3108,3267,3100,3176,3104,3136,3272,2966
473,4730,clench,2711,2708,2692,2715,2686,2701,2702,2685,2708,2696,2697,2685,2705,2684,2683,2689,2706,2711,2680,2682,2685,2716,2682,2691,2690,2705,2714,2687,2692,2717,2691,2707,2685,2712,2692,2695,2713,2687,2716,2690,2705,2716,2714,2684,2712,2686,2707,2705,2711,2718,2691,2714,2716,2700,2714,2718,2712,2697,2718,2719,2699,2685,2687,2698,3159,3126,3130,3242,3090,3174,3263,3199,3154,3242,3184,3022,3275,3116,2987,3210,3113,3266,3254,3036,3051,3203,3018,3205,3269,3170,3190,2997,3113,3291,3100,3277
474,4740,clench,2680,2706,2704,2706,2688,2705,2695,2704,2713,2697,2693,2718,2706,2692,2712,2715,2714,2694,2685,2699,2703,2718,2691,2692,2690,2706,2715,2707,2682,2683,2694,2708,2708,2681,2685,2680,2707,2684,2704,2706,2697,2683,2693,2708,2717,2692,2691,2682,2713,2717,2711,2698,2688,2699,2686,2685,2716,2711,2690,2719,2683,2718,2713,2693,3242,3232,3087,3112,3083,3105,3327,3291,3326,3150,3031,3111,3277,3189,3038,3165,3137,3259,3179,3066,3215,3047,3240,3133,3232,3092,3178,3048,3097,3011,3331,2991
475,4750,clench,2696,2685,2702,2699,2689,2717,2695,2691,2708,2683,2718,2696,2699,2696,2696,2712,2686,2685,2681,2682,2704,2683,2706,2711,2690,2706,2688,2686,2699,2696,2680,2688,2705,2710,2714,2690,2692,2694,2681,2697,2713,2701,2695,2713,2713,2688,2703,2691,2684,2709,2692,2682,2705,2705,2680,2681,2709,2703,2713,2686,2717,2688,2686,2699,3104,3257,3146,3103,3191,3018,3066,3142,3321,3190,3155,3132,3138,3018,3207,3177,3240,3090,3067,3326,3058,3209,3163,3155,2989,3220,3201,3159,3126,3130,3159,3169
476,4760,clench,2709,2712,2683,2706,2716,2706,2715,2683,2697,2717,2700,2693,2718,2703,2719,2694,2716,2714,2699,2683,2697,2693,2691,2716,2707,2718,2693,2709,2712,2708,2683,2718,2706,2689,2697,2693,2718,2695,2686,2708,2713,2683,2685,2710,2684,2708,2710,2702,2686,2700,2686,2699,2715,2686,2717,2706,2699,2717,2684,2682,2701,2711,2718,2708,3195,3166,3073,3085,3144,3314,3117,3139,3154,3155,3232,3267,3117,3103,3265,3258,3227,3164,3055,3196,3255,3306,3047,3210,3072,3129,3215,3216,3135,3298,3002,3283
477,4770,clench,2705,2714,2684,2701,2692,2692,2715,2698,2712,2696,2687,2686,2690,2699,2685,2683,2681,2712,2699,2706,2695,2709,2703,2714,2682,2701,2716,2688,2707,2681,2703,2688,2705,2682,2694,2703,2715,2690,2699,2716,2686,2693,2681,2718,2716,2714,2697,2711,2703,2699,2704,2718,2688,2710,2710,2685,2717,2687,2707,2707,2714,2708,2684,2688,3071,3075,3153,3089,3166,3195,3196,3020,3144,3027,2973,3268,3133,3184,3208,3283,3032,3194,3009,3154,3291,3067,3281,3182,3165,3153,3177,3119,3020,3321,3297,3059
478,4780,clench,2696,2686,2700,2706,2697,2693,2714,2681,2710,2682,2709,2684,2713,2704,2700,2689,2718,2707,2719,2687,2702,2701,2692,2686,2687,2684,2701,2692,2687,2692,2710,2695,2716,2699,2703,2686,2705,2695,2696,2703,2716,2692,2696,2702,2710,2708,2695,2704,2711,2697,2701,2704,2688,2701,2696,2686,2709,2689,2688,2705,2703,2711,2687,2695,3205,3115,2961,3003,3272,3102,3134,3232,3050,3040,3175,3004,3196,3216,3067,3282,3192,3266,3029,3096,3192,3188,3329,3125,3087,3307,3170,3271,3092,3091,3034,3307
479,4790,clench,2718,2709,2681,2697,2718,2681,2701,2704,2716,2702,2700,2699,2716,2718,2715,2681,2710,2682,2689,2704,2688,2704,2699,2719,2707,2698,2701,2689,2682,2688,2693,2690,2719,2702,2686,2685,2717,2712,2703,2713,2710,2684,2686,2709,2691,2704,2705,2717,2683,2715,2716,2714,2696,2682,2706,2701,2685,2699,2680,2718,2681,2682,2694,2713,3189,3200,3128,3309,3048,3200,3124,3055,3195,3042,3269,3129,3178,3042,3285,3117,3060,3140,3176,3141,3291,3104,3225,3179,3193,3137,3139,3283,3003,3038,3182,3129
