seq,timestamp_ms,label,ch0_0,ch0_1,ch0_2,ch0_3,ch0_4,ch0_5,ch0_6,ch0_7,ch0_8,ch0_9,ch0_10,ch0_11,ch0_12,ch0_13,ch0_14,ch0_15,ch0_16,ch0_17,ch0_18,ch0_19,ch0_20,ch0_21,ch0_22,ch0_23,ch0_24,ch0_25,ch0_26,ch0_27,ch0_28,ch0_29,ch0_30,ch0_31,ch1_0,ch1_1,ch1_2,ch1_3,ch1_4,ch1_5,ch1_6,ch1_7,ch1_8,ch1_9,ch1_10,ch1_11,ch1_12,ch1_13,ch1_14,ch1_15,ch1_16,ch1_17,ch1_18,ch1_19,ch1_20,ch1_21,ch1_22,ch1_23,ch1_24,ch1_25,ch1_26,ch1_27,ch1_28,ch1_29,ch1_30,ch1_31,ch2_0,ch2_1,ch2_2,ch2_3,ch2_4,ch2_5,ch2_6,ch2_7,ch2_8,ch2_9,ch2_10,ch2_11,ch2_12,ch2_13,ch2_14,ch2_15,ch2_16,ch2_17,ch2_18,ch2_19,ch2_20,ch2_21,ch2_22,ch2_23,ch2_24,ch2_25,ch2_26,ch2_27,ch2_28,ch2_29,ch2_30,ch2_31
0,0,left,3369,3323,3482,3443,3428,3473,3352,3308,3407,3404,3333,3416,3471,3350,3393,3401,3408,3440,3413,3460,3327,3346,3423,3346,3338,3368,3391,3340,3404,3451,3260,3229,3142,3278,3363,3183,3170,3193,3211,3192,3141,3220,3075,3220,3203,3277,3208,3228,3143,3211,3248,3263,3209,3298,3280,3165,3057,3139,3210,3216,3190,3183,3247,3174,3207,3285,3172,3259,3254,3217,3240,3159,3216,3301,3204,3141,3293,3122,3301,3206,3236,3218,3196,3258,3187,3141,3191,3082,3176,3077,3183,3224,3217,3168,3013,3145
1,10,left,3375,3154,3248,3256,3309,3279,3287,3139,3395,3287,3237,3357,3206,3294,3333,3319,3286,3266,3210,3291,3193,3333,3321,3270,3153,3307,3306,3202,3242,3275,3308,3243,3072,3044,3207,3211,2977,3076,3192,3182,3215,3172,3123,3113,3178,3121,2995,3102,2985,3141,3111,3082,3106,2985,3057,3051,3092,3073,3096,3098,3000,3009,3150,3031,3142,3073,3223,3038,3056,2972,3143,3069,3129,3123,3238,3125,3067,3064,3139,2977,3061,2999,3033,3163,3036,3063,3141,2998,3097,3018,3102,3063,3150,3085,3118,3176
2,20,left,3414,3437,3431,3408,3338,3342,3401,3302,3351,3365,3399,3406,3302,3411,3258,3333,3427,3354,3397,3522,3359,3361,3247,3393,3458,3385,3378,3550,3383,3383,3380,3313,3249,3237,3223,3129,3145,3343,3101,3092,3174,3086,3103,3089,3108,3166,3223,3188,3226,3157,3021,3135,3078,3196,3214,3147,3175,3221,3256,3141,3242,3157,3240,3028,3206,3108,3031,3110,3165,3207,3218,3179,3089,3114,3210,3235,3186,3295,3142,3177,3190,3165,3097,3095,3179,3202,3285,3180,3010,3090,3075,3118,3204,3192,3192,3088
3,30,left,3270,3335,3291,3267,3265,3180,3382,3297,3219,3264,3257,3282,3264,3393,3194,3360,3290,3357,3269,3242,3314,3432,3231,3350,3394,3339,3303,3434,3316,3363,3329,3349,3081,3200,3128,3159,3056,3181,3204,3133,3026,3169,3023,3156,3171,3043,3077,3035,3065,3031,3015,3011,3156,3127,3181,3094,3197,3037,3108,3096,3042,3057,3032,3112,3149,3144,3112,3080,3102,3170,3134,3099,3104,3228,3097,3105,3159,3092,3034,3070,3093,3112,3101,3057,3119,3155,3037,3241,3048,3207,3195,3185,3169,3042,3070,3147
4,40,left,3358,3321,3372,3314,3253,3374,3271,3322,3417,3432,3310,3321,3342,3393,3419,3320,3303,3288,3305,3388,3227,3240,3197,3320,3373,3305,3255,3316,3324,3362,3323,3259,3242,3102,3165,3157,3151,3000,3210,3099,3139,3029,3085,3052,3138,3186,3157,3163,3170,3203,3166,3188,3099,3188,3112,3153,3010,3125,3190,3143,3086,3203,3073,3141,3131,3218,3095,3236,3230,3175,3184,3113,3109,3188,3175,3227,3139,3195,3082,3197,3197,3206,3106,3086,3135,3159,3220,3209,3163,2999,3277,3248,3188,3203,3165,3166
5,50,left,3315,3176,3326,3324,3217,3394,3303,3383,3335,3224,3242,3364,3178,3406,3341,3278,3254,3354,3165,3324,3152,3322,3311,3258,3229,3238,3295,3285,3237,3278,3282,3346,3118,3015,3158,3029,3093,3137,3100,3049,3045,3153,3153,3049,3221,3062,3092,3128,3121,3109,3039,3128,3033,3043,3016,3056,3085,3092,3060,3129,3120,3106,3083,2945,3033,3063,3090,3107,3074,3107,3074,3010,3052,3028,2983,3088,3123,3087,3020,3067,3122,3003,3040,3068,3012,3067,2985,3035,3146,3285,3079,3159,3036,3088,3100,3078
6,60,left,3252,3279,3300,3271,3311,3305,3321,3289,3341,3399,3269,3355,3260,3306,3192,3314,3223,3208,3293,3422,3263,3245,3336,3347,3191,3381,3249,3178,3304,3331,3279,3303,3072,3123,3160,3080,3071,3069,3076,3067,3114,3023,3182,3158,3054,3126,3103,3173,3122,3108,3188,3090,3128,3208,3060,3097,3119,3291,3185,3224,3152,3116,3193,3219,3161,3209,3152,3121,3032,3170,3161,3105,3119,3037,3173,3145,3077,3206,3154,3116,3265,3223,3182,3040,3094,3105,3075,3128,3143,3151,3159,3043,3141,3076,3134,3224
7,70,left,3380,3304,3337,3294,3316,3259,3318,3277,3252,3201,3256,3284,3292,3368,3266,3293,3245,3365,3417,3360,3289,3274,3264,3256,3325,3237,3305,3281,3374,3288,3328,3347,3018,3080,3132,3074,3198,3059,3116,3142,3040,3059,3062,3235,3145,3035,3113,3172,2987,3201,3044,3119,3043,3082,3028,2983,3072,3129,3082,3202,3109,3123,3160,3139,3117,3059,3146,3081,3067,3159,3069,3168,3086,3163,3118,3017,3050,3137,3098,3169,3230,3109,3005,3128,3166,3137,3137,3121,3060,3117,3085,3107,3086,3128,3029,3150
8,80,left,3166,3209,3210,3218,3015,3135,3213,3335,3282,3296,3107,3213,3205,3328,3242,3242,3228,3249,3140,3239,3191,3247,3306,3213,3144,3271,3160,3119,3319,3350,3174,3228,2930,2963,3037,2838,2968,3090,3073,3004,3021,3089,3065,3113,3154,3042,3159,3092,3021,3081,3007,3088,3086,3063,3158,2998,3106,3048,3098,3113,3168,3090,3148,3136,3078,2976,3137,3068,3103,3021,3021,3059,3018,3063,3094,3083,3114,2954,2986,3044,3103,3120,3077,3179,2992,3098,3033,2972,3035,3010,2943,3027,3059,3041,3151,2992
9,90,left,3325,3352,3221,3321,3331,3389,3327,3263,3355,3391,3311,3247,3333,3324,3345,3265,3294,3405,3344,3234,3313,3197,3282,3276,3282,3345,3266,3203,3349,3483,3316,3355,3043,3148,3126,3097,3175,3119,3012,3123,2972,3073,3076,3080,3026,3167,3208,3174,3174,3241,3054,3175,3052,3106,3116,3175,3108,3225,3114,3143,3119,3089,3105,3109,3142,3066,3146,3102,3109,3169,3111,3179,3076,3084,3150,3084,3161,3054,3130,3105,3070,3171,3149,3067,3067,3197,3096,3086,3165,3257,3121,3176,3221,3085,3207,3136
10,100,left,3266,3278,3238,3264,3266,3275,3346,3299,3301,3310,3259,3373,3253,3410,3342,3388,3420,3350,3253,3266,3332,3331,3199,3331,3219,3308,3254,3351,3235,3417,3325,3519,3140,3092,3026,3128,3159,3181,3056,3219,3149,3160,3170,3129,3194,3058,3107,3174,3166,3146,3171,3240,3133,3142,3181,3187,3111,3144,3188,3096,3217,3105,3125,3211,3157,3055,3069,3067,3136,3166,3087,3174,3157,3134,3123,3006,3107,3174,3070,3030,3184,3090,3128,3075,3162,3175,3214,3111,3252,3020,3177,3158,3078,3203,3082,3176
11,110,left,3307,3377,3250,3429,3390,3427,3385,3458,3317,3409,3425,3283,3470,3399,3338,3319,3390,3381,3198,3363,3312,3317,3196,3355,3377,3361,3353,3278,3351,3283,3340,3345,3253,3103,3056,3215,3119,3087,3193,3195,3069,3142,3217,3289,3135,3258,3199,3142,3058,3145,3151,3200,3129,3168,3235,3259,3046,3051,3121,3167,3249,3018,3096,3175,3204,3189,3278,3137,3148,3191,3150,3195,3128,3240,3197,3178,3160,3086,3181,3164,3110,3200,3163,3248,3209,3110,3163,3250,3166,3174,3249,3080,3095,3187,3158,3237
12,120,left,3419,3297,3378,3241,3198,3379,3266,3267,3299,3308,3259,3295,3242,3186,3288,3218,3291,3181,3207,3191,3313,3289,3217,3254,3263,3381,3233,3195,3292,3143,3281,3259,3030,3164,3160,3148,3037,3089,3013,3151,3012,3096,3131,3167,3108,3151,3140,3046,3012,3013,3082,2924,3232,3109,3096,3050,3072,3117,3053,3003,3143,3030,3095,3053,2942,3160,3017,3110,3044,3149,3101,3005,3067,3191,3111,3174,3101,3192,3023,3132,3090,3070,3012,2953,3099,3095,2986,3048,3077,3101,3039,3047,3092,3073,2998,3108
13,130,left,3274,3309,3372,3149,3275,3199,3302,3304,3356,3399,3303,3407,3259,3348,3369,3394,3187,3411,3387,3276,3291,3262,3258,3390,3263,3262,3356,3331,3424,3314,3381,3332,3158,3196,3122,3110,3023,3185,3099,3133,3216,3113,3103,3077,3216,3166,3219,3124,3102,3204,3128,3034,3185,3151,3170,3246,3165,3101,3113,3106,3180,3240,3190,3076,3093,3146,3115,3139,3139,3109,3039,3179,3148,3231,3215,3149,3072,3146,3094,3142,3100,3245,3122,3179,3069,3149,3224,3153,3102,3181,3152,3196,3209,3122,3255,3225
14,140,left,3294,3266,3136,3320,3200,3254,3250,3307,3232,3253,3314,3269,3210,3187,3262,3310,3248,3208,3229,3331,3153,3207,3173,3235,3269,3246,3245,3168,3265,3308,3204,3387,3103,3142,2939,3127,3134,3009,3142,3155,3061,3238,3160,3122,3045,3110,3124,3117,2995,3066,3111,3053,3077,3115,3081,3036,3000,3187,3131,3141,3101,3095,3155,3157,3041,3147,2995,3140,3039,3029,3091,2997,3068,3087,3141,3106,3032,3025,3100,3031,3048,3110,3075,3116,2959,3016,3096,3091,2971,3100,2987,2980,3128,3038,3121,3063
15,150,left,3407,3288,3426,3312,3350,3460,3414,3297,3445,3235,3421,3456,3394,3363,3480,3408,3414,3310,3294,3349,3326,3370,3338,3418,3471,3367,3298,3418,3456,3361,3330,3320,3212,3282,3210,3161,3172,3222,3207,3200,3147,3180,3162,3129,3226,3186,3198,3171,3285,3120,3248,3198,3122,3233,3222,3225,3181,3258,3251,3217,3104,3132,3017,3267,3223,3290,3107,3190,3205,3163,3233,3120,3199,3178,3220,3121,3174,3178,3222,3154,3179,3221,3225,3084,3218,3169,3172,3171,3113,3195,3249,3158,3108,3268,3191,3191
16,160,left,3345,3550,3290,3269,3363,3321,3331,3345,3326,3419,3233,3310,3259,3331,3338,3317,3333,3236,3322,3344,3342,3420,3459,3370,3310,3335,3331,3363,3385,3278,3440,3284,3100,3096,3133,3164,3122,3072,3063,3198,3118,3084,3265,3195,3344,3108,3169,3126,3131,3202,3255,3169,3144,3100,3224,3191,3170,3145,3158,3071,3072,3163,3162,3236,3147,3210,3219,3179,3086,3188,3155,3155,3072,3136,3231,3152,3186,3128,3204,3157,3025,3173,3140,3189,3064,3083,3194,3252,3094,3142,3117,3211,3201,3032,3111,3207
17,170,left,3373,3296,3341,3364,3348,3316,3324,3290,3349,3275,3394,3223,3290,3432,3291,3372,3336,3264,3307,3281,3280,3280,3263,3403,3212,3310,3338,3281,3297,3330,3439,3256,3023,3081,3126,3036,3106,3063,3109,3132,3141,3141,3055,3141,3103,3219,3195,3083,3096,3137,3169,3112,3121,3130,3039,3096,3181,3249,3180,3156,3110,3148,3183,3224,3151,3009,3220,3082,3042,2996,3105,3126,3047,3182,3099,3167,3211,3141,3181,3235,3236,3015,3055,3148,3211,3071,3124,3201,3150,3129,3110,3064,3174,3269,3116,3157
18,180,left,3232,3241,3286,3279,3354,3301,3225,3313,3331,3296,3316,3413,3231,3313,3277,3374,3322,3469,3384,3314,3387,3287,3479,3406,3368,3336,3404,3320,3368,3357,3400,3317,3291,3216,3232,3145,3226,3160,3151,3245,3128,3165,3238,3183,3069,3271,3203,3070,3160,3199,3225,3192,3232,3158,3167,3199,3165,3263,3141,3216,3235,3199,3160,3106,3155,3106,3214,3127,3183,3141,3081,3194,3152,3189,3128,3153,3163,3252,3153,3155,3133,3154,3190,3105,3184,3255,3181,3248,3087,3232,3132,3128,3262,3084,3239,3103
19,190,left,3232,3176,3261,3092,3233,3233,3211,3342,3305,3111,3339,3402,3249,3179,3194,3292,3252,3198,3263,3168,3280,3289,3109,3240,3225,3284,3295,3319,3177,3409,3240,3232,2985,3134,3053,3116,2977,3147,3135,3100,3004,3149,3136,3100,3051,2998,2972,3039,3100,3087,2988,2993,3044,3110,3126,3071,3042,3009,3048,3172,3119,3091,2977,2992,3092,3074,3014,2994,3049,3103,3080,3033,3100,2955,3043,3145,3039,2995,3017,3028,2943,2976,2956,2933,3048,3102,3025,3005,3064,3089,3019,3042,3034,3050,3074,2957
20,200,left,3332,3440,3365,3351,3376,3330,3428,3467,3350,3290,3328,3364,3329,3280,3372,3388,3398,3318,3336,3406,3336,3391,3302,3369,3442,3193,3320,3303,3397,3323,3311,3368,3158,3216,3112,3175,3269,3178,3128,3235,3184,3058,3187,3190,3118,3212,3182,3187,3231,3194,3121,3175,3149,3184,3159,3106,3201,3152,3249,3081,3220,3234,3127,3193,3114,3214,3291,3235,3164,3187,3207,3210,3212,3248,3191,3151,3235,3207,3102,3260,3209,3189,3149,3134,3202,3150,3110,3277,3191,3080,3214,3139,3201,3132,3183,3206
21,210,left,3345,3311,3289,3267,3243,3245,3430,3336,3350,3207,3328,3264,3316,3388,3263,3397,3270,3257,3253,3367,3299,3269,3321,3335,3254,3343,3208,3348,3439,3278,3425,3383,3188,3218,3118,3063,3232,3075,3234,3083,3175,3192,3106,3116,3090,3159,3117,3148,3221,3037,3174,3139,3011,3202,3206,3125,3188,3152,3154,3156,3219,3173,3041,3231,2987,3049,3122,3150,3167,3128,3083,3022,3015,3199,3145,3199,3116,3195,3233,3161,3154,3126,3055,3138,3115,3213,3138,3189,3148,3167,3042,3118,3046,3213,3298,3152
22,220,left,3243,3162,3296,3445,3447,3301,3279,3277,3286,3312,3208,3360,3260,3269,3356,3317,3356,3199,3160,3239,3394,3211,3241,3263,3276,3299,3404,3299,3228,3311,3193,3238,3189,3252,3123,3128,3081,3149,3027,3102,3147,3039,3047,3042,3096,3184,3137,3134,3092,3073,3014,3130,3168,3155,3200,3178,3208,3136,3125,3113,3177,3134,3170,3176,3159,3102,3126,3024,3120,3128,3143,3110,3191,3097,3009,3034,3189,2987,3084,3008,3038,3177,3049,3086,3064,3002,3245,3188,3197,3095,3004,3223,3250,3055,3082,3173
23,230,left,3404,3332,3374,3282,3241,3325,3356,3405,3251,3264,3276,3309,3300,3282,3172,3234,3240,3288,3315,3242,3250,3346,3375,3276,3315,3318,3244,3304,3321,3226,3328,3299,3073,3180,3068,3081,3096,3099,3102,3112,3080,3081,3127,3214,3235,3121,3143,3210,3146,3114,2983,3080,3149,3120,2971,3047,3104,3099,3054,3177,3103,3108,3188,3046,3106,3107,3099,3159,3041,2982,3096,3120,3113,3173,3095,3033,3013,3049,3212,3125,3103,3204,3139,3118,3111,3045,3128,3176,3069,3124,3183,3241,3098,3097,3100,3172
24,240,left,3312,3374,3354,3330,3342,3372,3331,3428,3451,3365,3293,3436,3404,3310,3307,3334,3399,3254,3326,3374,3266,3338,3305,3284,3333,3414,3405,3321,3425,3403,3300,3337,3203,3158,3199,3223,3201,3177,3109,3139,3158,3088,3194,3189,3012,3156,3241,3176,3133,3092,3163,3111,3335,3109,3186,3147,3114,3149,3113,3147,3094,3120,3097,3261,3108,3188,3119,3056,3202,3266,3073,3207,3225,3138,3180,3140,3152,3098,3161,3108,3197,3171,3195,3125,3187,3150,3174,3154,3044,3156,3246,3231,3150,3140,3089,3163
25,250,left,3257,3452,3469,3499,3355,3354,3511,3464,3336,3422,3397,3438,3232,3384,3310,3459,3328,3343,3357,3429,3369,3343,3320,3360,3310,3358,3354,3219,3364,3341,3195,3397,3177,3112,3168,3253,3195,3213,3206,3115,3078,3173,3156,3234,3153,3189,3133,3076,3185,3212,3144,3109,3136,3112,3172,3188,3202,3179,3176,3272,3230,3180,3164,3189,3097,3223,3143,3279,3192,3120,3090,3211,3188,3173,3168,3233,3199,3269,3205,3139,3135,3264,3220,3199,3141,3100,3186,3177,3161,3236,3117,3175,3233,3223,3264,3253
26,260,left,3299,3304,3291,3211,3301,3349,3430,3268,3298,3371,3353,3327,3367,3252,3205,3239,3322,3231,3317,3345,3387,3372,3360,3337,3446,3324,3310,3297,3342,3300,3370,3423,3259,3223,3166,2959,3161,3080,3077,3102,3214,3131,3208,3124,3108,3170,3157,3207,3106,3227,3160,3132,3235,3196,3141,3014,3118,3121,3037,3046,3209,3119,3090,3267,3170,3238,3181,3218,3071,3190,3130,3095,3128,3163,3131,3101,3160,3161,3179,3137,3160,3188,3077,3183,3149,3230,3076,3089,3146,3070,3126,3074,3216,3207,3176,3156
27,270,left,3378,3346,3460,3313,3266,3348,3300,3394,3376,3361,3473,3314,3333,3325,3276,3358,3440,3235,3294,3414,3287,3282,3456,3205,3328,3392,3197,3290,3422,3357,3227,3295,3125,3123,3236,3131,3248,3185,3128,3128,3140,3179,3082,3192,3138,3122,3105,3100,3205,3065,3185,3124,3192,3036,3187,3124,3162,3080,3105,3162,3092,3127,3183,3092,3201,3140,3117,3066,3204,3105,3180,3087,3047,3154,3178,3081,3092,3052,3072,3120,3137,3175,3138,3127,3114,3028,3114,3064,3184,3190,3177,3135,3236,3156,3074,3058
28,280,left,3231,3282,3209,3282,3245,3302,3204,3347,3308,3418,3427,3258,3359,3257,3321,3327,3222,3399,3407,3318,3283,3255,3267,3281,3267,3273,3206,3281,3267,3305,3332,3294,3152,3157,3001,3110,3023,3128,3164,3195,3022,3192,3109,3215,3172,3100,3153,3174,3140,3313,3192,3220,3215,3201,3082,3221,3225,3136,3080,3258,3180,3109,3136,3090,3115,3266,3157,3132,3164,3200,3105,3009,3117,3162,3150,3096,3175,3093,3121,3117,3124,3114,3153,3070,3183,3227,3201,3123,3118,3116,3057,3087,3170,3100,3085,3009
29,290,left,3130,3228,3166,3340,3282,3333,3094,3232,3132,3258,3153,3224,3308,3198,3163,3304,3258,3301,3199,3254,3359,3140,3294,3292,3284,3338,3281,3199,3345,3363,3324,3350,3092,3138,3058,3097,3083,3109,3025,3031,3078,3132,3045,3189,3060,3112,3018,2960,3044,3122,2999,3204,3100,3015,3106,3071,3150,3055,3123,3049,3000,3163,3088,3024,3133,3141,3112,3090,3073,3073,3089,3130,3096,3059,3083,3101,3056,3050,3232,2961,3085,3137,3116,3064,3154,3133,3130,3052,3076,3167,3146,3009,3102,2990,3139,2916
30,300,left,3332,3353,3250,3248,3258,3270,3258,3518,3423,3326,3383,3295,3298,3197,3253,3368,3321,3306,3246,3265,3226,3335,3267,3319,3187,3280,3217,3372,3326,3239,3303,3259,3106,3056,3099,3140,3158,3125,3132,3189,3106,3067,3123,3124,3074,3141,3059,3043,3120,3135,3215,3017,3122,3139,3143,3123,3141,3062,3149,3145,3133,3049,3098,3157,3121,3170,3246,3075,3032,3056,3192,3137,3155,3045,3202,3151,3048,3122,3034,3105,3240,3268,3144,3002,3114,3066,3209,3108,3156,3072,3145,3139,3112,3094,3072,3151
31,310,left,3335,3288,3333,3272,3294,3265,3278,3301,3219,3208,3217,3456,3352,3362,3221,3355,3266,3186,3289,3309,3280,3309,3208,3190,3278,3336,3332,3219,3169,3298,3253,3190,3120,3150,3056,3090,3071,3101,3197,3177,3039,3050,3070,3100,3089,2974,3120,3087,3050,3063,3161,3094,3050,3063,3166,3110,2991,3052,3097,3040,3051,3109,3174,3117,3049,3178,3117,3169,3115,3081,3079,3100,3134,3005,3158,3122,3218,3120,3138,3058,3232,3106,3187,3105,3093,3237,3122,3169,3179,3039,3104,3101,3032,3067,3073,3178
32,320,left,3212,3330,3342,3308,3263,3296,3364,3428,3355,3350,3329,3324,3365,3348,3322,3323,3307,3389,3338,3278,3243,3423,3411,3325,3290,3341,3353,3201,3272,3225,3235,3333,3201,3166,3160,3067,3166,3094,3146,3110,3092,3138,3203,3205,3075,3140,3109,3102,3136,3135,3191,3182,3150,3118,3039,3170,3104,3170,3165,3264,3137,3195,3096,3097,3012,3105,3061,3189,3029,3156,3157,3100,3028,3130,3145,3130,3161,3168,3129,3071,2964,3167,3212,3120,3137,3133,3128,2972,3118,3152,3254,3138,3265,3306,3113,3227
33,330,left,3373,3443,3339,3282,3455,3370,3355,3367,3381,3341,3279,3342,3379,3431,3311,3312,3392,3322,3364,3361,3371,3393,3351,3268,3338,3370,3410,3400,3462,3376,3347,3364,3198,3084,3134,3216,3220,3138,3283,3320,3161,3146,3184,3206,3258,3119,3247,3174,3154,3278,3256,3199,3218,3218,3218,3135,3283,3149,3187,3084,3226,3203,3149,3307,3192,3287,3099,3234,3391,3241,3157,3261,3135,3327,3308,3200,3082,3272,3125,3198,3159,3104,3116,3176,3133,3240,3275,3185,3147,3177,3218,3163,3202,3131,3105,3215
34,340,left,3212,3345,3369,3313,3289,3245,3304,3327,3305,3374,3369,3320,3226,3284,3305,3366,3391,3269,3286,3236,3299,3289,3373,3277,3302,3260,3257,3388,3269,3365,3308,3257,3197,3098,3208,3004,3137,3106,3171,3229,3133,3094,3117,3244,3150,3069,3114,3135,3180,3129,3050,3089,3187,3111,3081,3096,3197,3082,3091,3103,3128,3118,3096,3138,3086,3013,3120,3116,3017,3085,3177,3052,3196,3153,3114,3185,3246,3138,3134,3128,3092,3213,3085,3245,3211,3048,3166,3137,3132,3123,3041,3044,3127,3187,3170,3025
35,350,left,3210,3213,3206,3214,3308,3196,3238,3261,3176,3310,3244,3254,3129,3313,3210,3177,3392,3178,3348,3199,3265,3324,3184,3212,3336,3260,3268,3305,3244,3260,3320,3215,3116,3123,3002,3027,3013,3080,3195,3075,3091,3120,3048,3024,3061,3066,3127,3165,3115,3135,3144,3081,3155,3010,3188,3045,3004,3129,3155,3085,3133,3045,3161,3094,3099,3255,3125,3045,3031,3220,3068,3182,3165,3102,3049,3069,3061,3060,3145,3124,3168,3012,3156,3132,3154,3121,3037,3101,3138,3091,3162,2992,3077,3000,2995,3104
36,360,left,3310,3308,3194,3290,3289,3303,3370,3340,3210,3324,3242,3437,3339,3299,3260,3413,3273,3344,3380,3340,3362,3412,3337,3353,3414,3259,3351,3280,3316,3459,3406,3335,3192,3074,3251,3059,3200,3108,3083,3158,3215,3063,2963,3038,3086,3135,3056,3071,3097,3031,3176,3046,3132,3167,3058,3208,3053,3169,3048,3193,3154,3102,3245,3131,3205,3099,3106,3182,3115,3170,3199,3153,3169,3149,3073,3093,3085,3053,3194,3075,3102,3135,3060,3065,3223,3211,3271,3188,3218,3165,3031,3209,3153,3172,3105,3184
37,370,left,3393,3399,3327,3369,3349,3400,3379,3415,3355,3510,3383,3505,3436,3428,3349,3316,3289,3324,3328,3367,3339,3411,3273,3336,3442,3405,3296,3320,3419,3407,3239,3315,3110,3217,3167,3139,3180,3075,3106,3263,3127,3168,3124,3294,3163,3189,3125,3201,3128,3062,3170,3145,3072,3174,3132,3237,3174,3089,3188,3174,3211,3200,3093,3199,3194,3203,3248,3158,3122,3118,3130,3109,3069,3146,3103,3113,3185,3119,3162,3145,3105,3192,3214,3245,3277,3152,3087,3100,3100,3178,3254,3099,3078,3104,3106,3303
38,380,left,3322,3319,3358,3332,3400,3425,3386,3384,3275,3295,3309,3271,3380,3190,3286,3336,3338,3290,3327,3274,3209,3338,3247,3263,3268,3246,3278,3221,3259,3256,3343,3271,3035,3204,3165,3117,3086,3090,3155,3086,3030,3047,3160,2977,3112,3142,3000,2965,3173,3113,3150,3096,3198,3125,3233,3062,3102,3106,3201,3067,3110,3092,3148,3135,3136,3211,3148,3154,3098,3082,3125,3070,3112,3149,3125,3068,3173,3066,3135,3124,3023,3185,3078,3111,3105,3007,3099,3115,2993,3139,3082,3078,3076,3198,3144,3115
39,390,left,3374,3278,3281,3312,3346,3383,3378,3372,3308,3367,3312,3300,3386,3399,3288,3334,3266,3387,3372,3446,3359,3386,3400,3384,3358,3363,3411,3369,3314,3349,3321,3413,3180,3219,3153,3098,3213,3110,3208,3129,3184,3205,3237,3085,3067,3106,3157,3231,3246,3241,3114,3149,3173,3121,3213,3303,3209,3204,3156,3198,3159,3195,3153,3128,3184,3048,3221,3082,3125,3207,3172,3050,3133,3141,3202,3306,3172,3158,3168,3219,3153,3205,3270,3199,3194,3207,3170,3178,3146,3285,3188,3218,3221,3280,3105,3282
40,400,left,3320,3245,3327,3356,3274,3385,3346,3308,3320,3384,3290,3185,3301,3340,3253,3226,3260,3312,3267,3195,3353,3310,3279,3213,3265,3246,3314,3339,3350,3340,3289,3269,3251,3218,3107,3070,3199,3153,3174,3085,3134,3088,3279,3176,3193,3107,3099,3069,3130,3049,3081,3149,3152,3112,3176,3072,3229,3161,2967,3078,3127,3064,3237,3042,3136,3020,3180,3165,3110,3139,3021,3055,3098,3092,3219,3154,3081,3042,3128,3056,3239,3180,3204,3055,3187,3067,3128,3168,3133,3106,3043,3200,3153,3031,3183,3137
41,410,left,3447,3296,3337,3261,3347,3289,3272,3329,3252,3316,3434,3326,3295,3300,3300,3317,3348,3362,3367,3333,3331,3386,3340,3399,3335,3492,3349,3410,3307,3453,3357,3351,3166,3110,3128,3151,3035,2988,3176,3249,3156,3176,3084,3097,3225,3234,3006,3213,3326,3161,3151,3147,3244,3063,3104,3280,3238,3229,3089,3198,3124,3174,3118,3144,3177,3136,3198,3129,3103,3031,3082,3219,3142,3088,3155,3070,3266,3150,3071,3194,3202,3106,3174,3154,3203,3155,3024,3167,3279,3197,3163,3269,3136,3051,3185,3111
42,420,left,3492,3511,3504,3477,3504,3433,3461,3481,3394,3423,3498,3454,3483,3497,3472,3463,3504,3517,3479,3451,3519,3464,3390,3428,3550,3422,3399,3550,3374,3501,3430,3370,3320,3410,3247,3264,3285,3364,3327,3312,3201,3242,3293,3299,3305,3224,3327,3326,3217,3210,3305,3244,3283,3292,3337,3247,3286,3333,3293,3213,3258,3287,3294,3246,3206,3237,3328,3260,3313,3253,3291,3308,3273,3338,3270,3263,3281,3242,3216,3224,3323,3298,3304,3217,3227,3303,3356,3302,3380,3236,3268,3178,3313,3378,3301,3208
43,430,left,3409,3390,3264,3353,3349,3421,3345,3351,3268,3299,3366,3216,3371,3356,3269,3381,3290,3162,3440,3402,3349,3393,3388,3410,3351,3316,3406,3265,3232,3262,3207,3470,3102,3157,3115,3147,3164,3160,3185,3237,3127,3131,3202,3328,3133,3239,3095,3168,3183,3217,3181,3240,3155,3114,3060,3078,3154,3121,3165,3283,3061,3112,3226,3162,3131,3189,3213,3059,3115,3063,3120,3066,3142,3197,3118,3150,3141,3088,3033,3134,3188,3232,3114,3228,3338,3148,3025,3200,3089,3211,3190,3188,3203,3165,3159,3140
44,440,left,3427,3235,3291,3267,3376,3294,3331,3287,3373,3385,3329,3352,3375,3386,3315,3299,3253,3391,3367,3228,3310,3402,3355,3285,3314,3341,3324,3357,3326,3416,3290,3350,3180,3252,3126,3089,3128,3104,3013,3052,3094,3162,3121,3272,3029,3097,3148,3170,3088,3001,3128,3104,3122,3064,3099,3212,3088,3183,3103,3049,3130,3133,3097,3163,3104,3221,3232,2988,3201,3105,3277,3096,3091,3111,3129,3220,3039,3222,3043,3101,3186,3085,3134,3133,3171,3189,3161,3199,3268,3112,3156,2978,3089,3120,3110,3109
45,450,left,3286,3241,3308,3329,3407,3315,3395,3421,3360,3346,3437,3329,3335,3280,3302,3287,3357,3330,3238,3328,3322,3326,3367,3346,3289,3248,3302,3378,3359,3316,3306,3404,3280,3138,3202,3099,3115,3205,3121,3124,3115,3157,3215,3158,3221,3144,3216,3199,3185,3248,3209,3211,3144,3267,3194,3273,3287,3276,3278,3148,3183,3144,3122,3141,3156,3287,3114,3242,3072,3141,3193,3219,3208,3268,3112,3241,3113,3207,3048,3170,3093,3058,3209,3167,3088,3054,3136,3168,3269,3158,3188,3179,3148,3147,3208,3134
46,460,left,3375,3358,3295,3228,3328,3333,3361,3283,3348,3355,3300,3312,3265,3326,3346,3347,3425,3320,3336,3425,3278,3304,3350,3440,3351,3368,3315,3417,3282,3323,3306,3383,3216,3210,3146,3020,3152,3134,3011,3045,3165,3081,3189,3292,3038,3066,3130,3083,3193,3197,3185,3123,3205,3103,3133,3153,3103,3201,3113,3190,3126,3140,3184,3307,3142,3176,3069,3207,3157,3175,3150,3143,3213,3204,3219,3074,3108,3123,3127,3101,3226,3151,3174,3237,3084,3037,3140,3275,3174,3141,3236,3133,3171,3191,3127,3149
47,470,left,3445,3428,3305,3485,3337,3347,3373,3396,3425,3244,3384,3443,3442,3379,3422,3374,3459,3395,3336,3356,3336,3424,3485,3399,3329,3296,3341,3405,3373,3345,3287,3403,3253,3215,3111,3261,3170,3229,3305,3177,3232,3320,3123,3182,3178,3163,3137,3239,3317,3234,3253,3200,3130,3242,3118,3111,3216,3189,3281,3210,3139,3260,3228,3184,3286,3205,3148,3183,3266,3260,3174,3250,3140,3292,3068,3273,3219,3264,3227,3251,3127,3225,3273,3169,3179,3309,3281,3197,3259,3290,3228,3149,3114,3251,3071,3240
48,480,left,3352,3281,3352,3280,3298,3249,3475,3289,3272,3318,3275,3429,3391,3488,3340,3403,3253,3444,3355,3350,3290,3409,3301,3397,3373,3336,3474,3309,3307,3330,3420,3331,3168,3272,3206,3287,3232,3227,3251,3219,3286,3257,3322,3170,3069,3177,3168,3237,3297,3245,3178,3156,3265,3231,3293,3226,3226,3263,3104,3157,3170,3208,3082,3150,3196,3187,3157,3291,3202,3098,3190,3142,3206,3279,3194,3202,3316,3286,3138,3155,3217,3085,3260,3158,3254,3146,3228,3098,3200,3179,3208,3231,3223,3248,3210,3258
49,490,left,3284,3212,3312,3225,3260,3186,3340,3326,3223,3345,3370,3323,3331,3296,3306,3293,3377,3312,3193,3360,3340,3394,3250,3349,3342,3394,3178,3270,3339,3342,3349,3314,3091,3153,3073,3094,3083,3079,3123,3138,3237,3080,3119,3207,3131,3099,3066,3125,3081,3095,3140,3060,3249,3145,3089,3105,3168,3133,3084,3153,3029,3177,3146,3162,3152,3122,3135,3063,3216,3142,3091,3088,3114,3125,3213,3130,3121,3059,3114,2987,3113,3087,3014,3223,3155,3086,3226,3058,3099,3186,3166,3212,3146,3221,3165,3159
50,500,left,3478,3521,3427,3416,3338,3418,3414,3460,3457,3447,3368,3428,3550,3438,3408,3345,3320,3470,3408,3395,3403,3497,3495,3550,3455,3262,3550,3501,3410,3289,3444,3459,3360,3120,3221,3291,3250,3282,3276,3236,3284,3234,3307,3179,3187,3238,3338,3173,3189,3385,3254,3212,3241,3327,3307,3320,3182,3151,3220,3209,3194,3200,3292,3298,3353,3167,3239,3340,3225,3194,3303,3354,3390,3351,3178,3262,3333,3246,3263,3285,3315,3208,3285,3193,3292,3280,3288,3220,3349,3172,3241,3271,3230,3195,3381,3225
51,510,left,3235,3178,3319,3192,3157,3219,3284,3271,3272,3245,3345,3222,3196,3246,3119,3221,3181,3183,3228,3299,3179,3180,3264,3213,3306,3303,3294,3266,3189,3183,3252,3278,3196,3234,3238,3304,3229,3270,3232,3270,3203,3222,3350,3176,3170,3273,3177,3160,3226,3318,3181,3282,3098,3112,3275,3160,3304,3182,3243,3283,3155,3133,3206,3198,3212,3177,3108,3201,3234,3215,3193,3206,3129,3093,3141,3204,3102,3210,3126,3047,3051,3149,3231,3183,3133,3159,3094,3113,3153,3222,3136,3141,3107,3053,3104,3154
52,520,left,3408,3413,3248,3194,3254,3411,3334,3319,3319,3303,3341,3376,3379,3306,3363,3403,3355,3336,3288,3293,3392,3430,3282,3238,3388,3350,3387,3346,3294,3280,3174,3389,3179,3130,3065,3282,3173,3127,3172,3179,3164,3107,3187,3178,3044,3165,3147,3065,3161,3122,3125,3192,3129,3265,3168,3207,3193,3160,3144,3172,3174,3134,3277,3190,3182,3097,3226,3200,3180,3102,3097,3084,3098,3143,3033,3117,3208,3200,3187,3100,3179,3111,3123,3199,3181,3063,3111,3207,3150,3193,3062,3156,3275,3125,3124,3209
53,530,left,3229,3260,3291,3377,3417,3208,3244,3267,3279,3368,3296,3367,3367,3376,3333,3365,3403,3263,3292,3296,3326,3217,3291,3321,3255,3384,3329,3330,3296,3317,3263,3371,3046,2989,3084,3156,3115,3034,3129,2956,3120,3093,3114,3062,3233,3102,3157,3133,3157,3131,3168,3092,3069,3066,3040,3146,3212,3115,3265,3072,3218,3095,3203,3077,3044,2961,3142,3065,3054,3076,2982,3068,3207,3196,3123,3142,2987,3108,3203,3070,3163,3183,3097,3000,3206,3020,3144,3108,3096,3153,3203,3215,3147,3244,3182,3164
54,540,left,3323,3394,3367,3335,3316,3441,3331,3430,3219,3352,3330,3202,3260,3354,3310,3241,3395,3408,3394,3386,3459,3381,3277,3299,3387,3323,3387,3342,3369,3271,3371,3327,3192,3212,2998,3169,3260,3114,3114,3278,3097,3166,3274,3275,3166,3186,3173,3341,3219,3161,3113,3210,3214,3238,3263,3059,3266,3136,3192,3232,3197,3196,3191,3168,3070,3158,3085,3010,3190,3162,3035,3269,3281,3184,3297,3137,3117,3160,3166,3165,3098,3210,3125,3147,3283,3198,3129,3344,3191,3185,3193,3189,3095,3184,3256,3201
55,550,left,3412,3297,3093,3295,3194,3264,3308,3208,3180,3363,3234,3202,3221,3233,3281,3186,3240,3124,3255,3263,3145,3177,3313,3238,3280,3300,3199,3164,3278,3207,3159,3211,3209,3184,3274,3246,3198,3151,3321,3219,3286,3148,3083,3157,3285,3206,3312,3192,3251,3266,3098,3210,3195,3126,3170,3209,3218,3264,3207,3185,3269,3201,3279,3409,3239,3176,3189,3160,3006,3179,3135,3153,3243,3324,3241,3114,3152,3250,3170,3096,3283,3127,3004,3155,3134,3153,3237,3319,3139,3202,3185,3173,3261,3129,3000,3110
56,560,left,3349,3330,3332,3203,3150,3156,3227,3252,3323,3262,3108,3223,3268,3159,3207,3301,3297,3311,3336,3193,3263,3257,3325,3225,3338,3221,3250,3333,3199,3228,3347,3314,3034,3108,2975,3143,3048,3087,3061,3166,3112,3026,3017,3072,3017,3214,3030,3066,3004,3057,3142,3144,3092,3049,3179,3122,3146,3063,3088,3128,3018,3060,3089,3171,3137,3098,3115,3069,3170,3152,3137,3141,3191,3151,3185,3023,3066,3061,3055,3046,3041,2926,3211,3012,3052,3106,3046,3125,2920,3079,3010,3072,3031,3110,3108,2889
57,570,left,3346,3299,3371,3463,3263,3478,3348,3524,3350,3287,3369,3383,3343,3341,3385,3419,3474,3409,3446,3486,3436,3399,3446,3403,3466,3425,3284,3403,3436,3398,3392,3373,3257,3280,3284,3195,3140,3231,3163,3194,3199,3250,3252,3136,3327,3205,3151,3300,3342,3296,3093,3291,3200,3116,3146,3051,3255,3129,3297,3248,3257,3163,3228,3259,3224,3342,3279,3296,3149,3182,3184,3144,3260,3068,3184,3189,3172,3249,3315,3183,3194,3308,3359,3253,3323,3301,3158,3213,3239,3191,3194,3144,3249,3195,3138,3179
58,580,left,3349,3407,3316,3252,3390,3437,3410,3348,3386,3250,3443,3432,3339,3400,3390,3410,3375,3179,3333,3301,3417,3343,3369,3324,3290,3418,3289,3354,3244,3354,3362,3333,3237,3280,3208,3163,3215,3138,3196,3167,3112,3157,3248,3083,3233,3130,3218,3179,3129,3144,3089,2997,3183,3156,3099,3147,3160,3188,3130,3125,3196,3061,3089,3110,3109,3173,3115,3132,3101,3093,3233,3215,3033,3240,3104,3149,3233,3117,3150,3143,3183,3093,3198,3118,3125,3167,3185,3210,3162,3200,3126,3163,3276,3225,3290,3139
59,590,left,3316,3286,3340,3339,3369,3427,3168,3238,3330,3382,3309,3302,3324,3307,3333,3249,3295,3226,3299,3297,3323,3324,3317,3311,3294,3376,3352,3273,3334,3307,3264,3309,3202,3087,3144,3055,3008,3223,3074,3175,3162,3131,3156,3119,3108,3179,3193,3054,2979,3109,3222,3087,3073,3018,3105,3087,3139,3214,3193,3173,3190,3159,3117,3152,3147,3070,3063,3048,3039,3138,3281,3067,3086,3149,3196,3088,3114,3107,3111,3136,3052,3083,3131,3121,3064,3115,3071,3207,3096,3155,3069,3105,3115,3099,3206,3046
60,600,left,3370,3443,3318,3356,3403,3381,3426,3390,3423,3454,3393,3397,3325,3346,3355,3246,3362,3331,3272,3439,3414,3354,3293,3302,3420,3474,3473,3362,3395,3343,3396,3349,3119,3238,3171,3293,3186,3327,3344,3208,3140,3283,3219,3225,3280,3129,3236,3188,3162,3227,3156,3126,3113,3213,3104,3150,3183,3102,3118,3195,3205,3151,3184,3208,3240,3266,3160,3158,3154,3242,3157,3216,3209,3205,3207,3201,3245,3175,3202,3183,3112,3323,3200,3227,3288,3109,3146,3186,3203,3225,3220,3290,3176,3159,3161,3153
61,610,left,3314,3172,3280,3277,3270,3248,3202,3321,3277,3258,3234,3232,3401,3231,3239,3278,3353,3316,3342,3291,3265,3303,3302,3254,3287,3206,3251,3219,3383,3236,3343,3315,3147,3062,3083,3035,3052,3040,3083,3072,2952,3141,3067,3070,3112,3028,3097,2952,3187,3129,3135,3150,3009,3010,3012,3094,3056,3176,3006,3183,3122,3059,3030,3107,2982,3065,3089,3098,3080,3118,3035,3095,3129,3067,2993,3158,2965,2944,3056,3065,3138,3115,3097,3104,2953,3021,3098,3110,3018,3136,3027,3144,3230,3029,3055,3092
62,620,left,3282,3352,3368,3428,3451,3303,3344,3331,3344,3402,3278,3326,3445,3383,3382,3344,3397,3335,3346,3312,3310,3305,3344,3294,3505,3334,3330,3366,3282,3370,3351,3328,3161,3140,3124,3062,3250,3140,3089,3059,3131,3128,3083,3136,3170,3211,3271,3119,3160,3203,3176,3137,3183,3232,3185,3189,3204,3164,3214,3140,3290,3225,3218,3243,3126,3213,3114,3097,3079,3064,3142,3157,3176,3184,3113,3228,3189,3163,3267,3297,3198,3233,3202,3275,3116,3191,3218,3065,3212,3157,3184,3137,3036,3141,3248,3193
63,630,left,3353,3258,3321,3339,3244,3242,3263,3317,3309,3259,3250,3233,3247,3183,3240,3259,3280,3297,3283,3249,3289,3354,3252,3252,3350,3207,3296,3327,3185,3218,3182,3279,3119,3071,3025,3065,3032,2987,3141,3112,3095,3090,3040,3008,3153,3070,2999,2979,3096,2919,3047,3115,3021,3024,3102,3127,3055,3036,2975,3086,3058,3013,2943,3076,3076,3112,3107,3113,3060,3132,2998,3110,3049,2966,3086,3153,3012,3160,3114,3031,3034,3174,3085,3029,3090,3115,3039,2984,3071,3061,3100,3093,2992,3092,3108,3034
64,640,left,3273,3343,3312,3336,3345,3297,3406,3271,3273,3291,3250,3367,3355,3372,3331,3365,3282,3225,3305,3326,3311,3276,3210,3281,3274,3307,3311,3408,3313,3311,3306,3271,3180,3041,3136,3091,3119,3086,3054,3148,3108,3280,3192,3022,3060,3182,3158,3019,2926,3123,3071,2998,3107,3201,3093,3130,3096,3206,3223,3091,3150,3113,3118,3140,3146,3165,3182,3065,3127,3051,3094,3138,3048,3195,3173,3144,3136,3142,3172,3047,3108,3193,3253,3147,3075,3021,3199,3115,3155,3181,3179,3151,3164,3052,3110,3075
65,650,left,3350,3402,3345,3338,3319,3394,3398,3394,3420,3441,3381,3350,3461,3416,3311,3286,3298,3348,3238,3327,3385,3371,3281,3377,3408,3337,3287,3324,3417,3369,3253,3220,3257,3142,3237,3211,3171,3302,3293,3193,3265,3225,3175,3222,3088,3209,3172,3175,3243,3132,3237,3069,3185,3211,3047,3135,3113,3076,3119,3214,3122,3185,3120,3133,3084,3218,3174,3182,3110,3115,3120,3119,3291,3104,3315,3246,3216,3073,3301,3133,3238,3312,3127,3129,3275,3148,3180,3177,3282,3331,3163,3153,3206,3233,3174,3267
66,660,left,3436,3550,3366,3353,3365,3340,3323,3388,3384,3369,3435,3396,3426,3342,3455,3369,3421,3456,3420,3301,3414,3413,3302,3416,3453,3373,3461,3488,3362,3448,3331,3417,3245,3089,3292,3251,3097,3207,3223,3314,3236,3314,3272,3207,3128,3246,3157,3157,3195,3272,3280,3357,3196,3181,3250,3260,3175,3161,3348,3188,3226,3245,3207,3321,3177,3234,3275,3267,3225,3121,3242,3087,3179,3191,3382,3203,3273,3196,3326,3079,3294,3173,3198,3234,3158,3175,3162,3193,3212,3278,3198,3219,3199,3232,3238,3201
67,670,left,3236,3176,3151,3191,3318,3103,3256,3236,3166,3119,3191,3250,3190,3104,3189,3202,3228,3210,3233,3140,3341,3317,3271,3179,3227,3206,3256,3197,3300,3251,3160,3171,3078,3074,3122,3041,3016,3172,3093,3143,3137,3132,3114,3107,2979,3034,3068,3065,3168,2979,3076,3062,3069,3013,3002,3078,3042,3001,3171,3115,2998,3064,3078,3018,3057,3025,3070,3000,3090,3088,3142,3050,3053,3067,3048,3147,3023,2936,3076,3158,3097,3153,3049,3117,3053,3060,3089,3106,3006,3110,3070,3029,3143,3170,3093,3054
68,680,left,3276,3482,3330,3350,3409,3441,3494,3339,3276,3274,3294,3303,3345,3271,3432,3311,3373,3340,3227,3252,3468,3366,3391,3337,3370,3368,3361,3356,3436,3356,3367,3300,3313,3153,3329,3170,3187,3161,3278,3193,3196,3254,3192,3142,3106,3131,3154,3186,3246,3166,3081,3177,3290,3250,3112,3114,3208,3194,3207,3203,3126,3173,3219,3124,3204,3237,3226,3261,3148,3228,3245,3189,3196,3184,3182,3129,3214,3216,3199,3176,3207,3184,3187,3215,3097,3251,3186,3119,3212,3194,3236,3225,3238,3262,3235,3249
69,690,left,3464,3333,3385,3343,3281,3333,3292,3314,3433,3222,3357,3248,3293,3295,3374,3331,3262,3466,3332,3416,3374,3377,3323,3284,3267,3403,3286,3332,3304,3338,3532,3302,3092,3049,3175,3053,3095,3126,3190,3103,3213,3054,3127,3175,3067,3160,3035,3120,3094,3059,3226,3127,3037,3124,3199,3280,3189,3174,3206,3101,3251,3182,3057,3190,3083,3061,3134,3159,3080,3074,3160,3178,3143,3183,3086,3082,3134,3009,3153,3074,3124,3134,3098,3237,3058,3141,3147,3202,3131,3205,3202,3097,3231,3285,3191,3299
70,700,left,3312,3286,3280,3286,3319,3331,3433,3442,3404,3188,3493,3314,3311,3274,3334,3219,3251,3365,3388,3361,3425,3366,3303,3386,3413,3337,3336,3292,3234,3194,3420,3365,3183,3214,3160,3142,3187,3309,3124,3182,3100,3057,3130,3110,3110,3229,2998,3163,3259,2909,3127,3146,3149,3226,3118,3125,3069,3146,3181,3117,3278,3105,3228,3200,3108,3172,3042,3152,3052,3145,3132,3078,3159,3074,3194,3098,3193,3116,3069,3188,3085,3130,3110,3092,3210,3142,3180,3121,3165,3196,3147,3079,3073,3069,3105,3098
71,710,left,3288,3272,3335,3266,3293,3286,3332,3227,3183,3319,3389,3393,3262,3329,3438,3430,3349,3273,3278,3247,3363,3304,3408,3302,3295,3368,3240,3397,3321,3313,3255,3356,3070,3166,3117,3284,3067,3228,3148,3248,3119,3201,3163,3137,3116,3097,3091,3187,3091,3231,3092,3048,3099,3145,3136,3172,3158,3167,3239,3211,3259,3130,3068,3143,3196,3210,3104,3144,3128,3217,3076,3223,3131,3097,3245,3273,3117,3010,3041,3171,3080,3182,3083,3208,3183,3034,3199,3118,3148,3283,3088,3251,3124,3222,3148,3189
72,720,left,3235,3311,3299,3236,3293,3339,3214,3395,3339,3257,3267,3211,3394,3302,3336,3202,3379,3315,3306,3280,3300,3230,3364,3405,3318,3354,3404,3339,3374,3441,3363,3343,3149,3216,2960,3138,3081,3157,3112,3220,3200,3156,3114,3066,3169,3298,3207,3070,3179,3260,3134,3095,3237,3127,3106,3194,3071,3163,3115,3086,3175,3243,3180,3157,3085,3135,3108,3199,3193,3082,3188,3166,3216,3117,3210,3271,3001,3170,3028,3182,3098,3161,3172,3169,3011,3095,3207,3202,3175,3143,3092,3081,3150,3056,3072,3162
73,730,left,3258,3217,3161,3318,3272,3219,3333,3365,3191,3227,3286,3282,3277,3252,3244,3209,3293,3348,3234,3257,3257,3223,3340,3281,3308,3264,3228,3218,3329,3193,3170,3291,3176,2982,2992,3072,3157,3087,3132,3053,3076,3164,2984,3084,3132,3185,3069,3061,3129,3094,2995,2999,2989,3062,2964,3192,3024,3007,3164,3006,3026,3011,3112,3014,3079,3015,3047,3112,3129,3192,3074,3004,3113,3193,3012,3067,3048,3081,3161,3167,3099,3034,3129,3171,3150,3082,3156,3142,3033,3201,3157,3218,3108,3121,3031,3097
74,740,left,3351,3453,3353,3414,3507,3428,3412,3343,3370,3407,3405,3314,3264,3404,3531,3488,3395,3492,3329,3481,3411,3421,3337,3473,3401,3336,3390,3332,3413,3414,3405,3390,3259,3295,3156,3301,3180,3102,3282,3158,3244,3203,3225,3197,3225,3269,3291,3295,3191,3219,3140,3330,3125,3154,3196,3209,3334,3244,3177,3167,3233,3222,3236,3221,3198,3150,3201,3254,3195,3100,3080,3174,3183,3271,3224,3193,3196,3073,3142,3308,3230,3211,3212,3184,3265,3181,3282,3182,3384,3186,3225,3213,3229,3222,3165,3273
75,750,left,3112,3137,3157,3222,3193,3048,3175,3176,3241,3287,3200,3168,3305,3274,3125,3176,3217,3199,3225,3191,3178,3244,3315,3134,3337,3321,3278,3198,3162,3258,3286,3234,3243,3102,3183,3186,3076,3102,3133,3155,3149,3134,3166,3142,3150,3110,3167,3233,3152,3179,3177,3086,3102,3212,3222,3222,3133,3222,3183,3271,3052,3154,3227,3178,3164,3284,3257,3257,3305,3206,3177,3235,3137,3272,3218,3152,3134,3197,3204,3192,3126,3273,3137,3237,3171,3234,3264,3059,3285,3126,3172,3300,3189,3196,3253,3204
76,760,left,3201,3333,3325,3339,3303,3411,3393,3349,3263,3431,3447,3352,3275,3312,3412,3463,3383,3380,3328,3319,3362,3342,3419,3448,3389,3246,3296,3346,3391,3416,3462,3429,3270,3092,3228,3256,3230,3059,3135,3117,3082,3127,3187,3099,3169,3215,3179,3174,3272,3269,3235,3147,3075,3059,3259,3238,3229,3192,3099,3228,3164,3200,3188,3148,3179,3289,3307,3171,3192,3210,3147,3196,3173,3235,3234,3222,3109,3193,3209,3246,3150,3148,3201,3152,3066,3224,3239,3097,3193,3160,3089,3227,3275,3066,3184,3221
77,770,left,3390,3341,3286,3388,3398,3198,3352,3363,3338,3431,3375,3334,3275,3295,3305,3298,3302,3307,3280,3253,3312,3372,3351,3208,3456,3379,3238,3338,3316,3417,3403,3374,3116,3141,3232,3207,3074,3121,3212,3208,3097,3053,3199,3165,3051,3103,3236,3219,3118,3144,3188,3072,3228,3187,3139,3158,3134,3162,3145,3177,3106,3162,3200,3196,3147,3142,3163,3205,3225,3195,3179,3194,3218,3245,3230,3235,3160,3128,3136,3233,3137,3042,3042,3120,3123,3155,3160,3213,3157,3093,3213,3207,3097,3110,3036,3209
78,780,left,3264,3297,3174,3250,3294,3196,3316,3271,3298,3204,3210,3151,3260,3247,3178,3319,3256,3179,3276,3174,3215,3216,3190,3274,3253,3154,3204,3150,3210,3253,3285,3244,2980,3041,3070,3074,2979,3075,3057,2940,3192,3004,3098,3075,3093,2966,3097,2976,3046,3018,3033,2924,3022,3015,3106,3044,2961,3060,2990,2946,3221,3035,3090,2997,3027,3073,3023,3082,3080,2972,2920,2979,2953,3178,3117,3060,3098,3049,2989,3180,3024,3063,3083,3117,3119,3021,3032,3052,3175,2997,3069,3063,3001,3131,3004,3037
79,790,left,3241,3279,3336,3330,3220,3304,3321,3284,3213,3292,3365,3247,3232,3178,3291,3241,3247,3231,3253,3249,3279,3307,3407,3281,3250,3341,3345,3316,3243,3279,3238,3237,3188,3140,3166,3197,3189,3122,3193,3270,3098,3169,3103,3275,3269,3232,3078,3114,3287,3129,3219,3166,3099,3084,3208,3103,3141,3169,3259,3148,3217,3256,3219,3134,3204,3304,3430,3327,3363,3241,3363,3331,3374,3258,3222,3410,3230,3284,3230,3395,3294,3341,3253,3320,3240,3252,3259,3262,3231,3207,3311,3334,3356,3278,3436,3246
80,800,left,3279,3336,3333,3271,3292,3215,3418,3244,3218,3216,3292,3286,3317,3433,3331,3341,3447,3314,3289,3342,3252,3438,3368,3336,3371,3257,3356,3381,3317,3244,3285,3286,3155,3164,3198,3120,3176,3116,3195,3037,3132,3089,3187,3211,3074,3170,3082,3243,3279,3021,3071,3124,3157,3037,3217,3111,3164,3061,3117,3047,3188,3131,3124,3251,3164,3190,3087,3101,3064,3123,3116,3165,3158,3113,3165,3153,3056,3197,2978,3119,3118,3149,3175,3216,3150,3123,3152,3146,3054,3043,3095,3159,3089,3140,3155,3229
81,810,left,3325,3271,3295,3365,3328,3222,3365,3367,3346,3292,3288,3181,3348,3282,3364,3330,3335,3339,3398,3287,3297,3339,3362,3232,3384,3377,3278,3207,3363,3254,3326,3393,3025,3081,3146,3266,3144,3064,3029,3184,3011,3020,3153,3092,3019,3061,3199,3153,3169,3079,3061,3107,3212,3208,3138,3118,3078,3050,3108,3111,3135,3091,3078,3042,3128,3140,3056,3105,3068,3108,3145,3086,3226,3145,3191,3140,3089,3056,3246,3071,3082,3141,3135,3022,3123,3166,3063,2986,3169,3045,3076,3221,3049,3114,3065,3177
82,820,left,3263,3329,3323,3364,3317,3288,3296,3220,3232,3290,3244,3292,3192,3293,3272,3391,3305,3245,3278,3347,3319,3188,3319,3338,3279,3326,3387,3224,3107,3405,3378,3304,3062,3123,3279,3114,3081,2964,3120,3063,3047,3088,3136,3164,3042,3007,3102,3020,3126,3162,3092,2965,3098,3076,3162,3170,2910,3045,3152,3089,3154,3147,3119,3123,3059,3020,2992,3027,3023,3076,3239,3027,3181,3114,3053,3139,3166,3145,3187,3177,3060,3127,3108,3017,3025,3198,3115,3022,3128,3209,3153,2971,3132,3185,3183,3127
83,830,left,3421,3339,3347,3379,3226,3341,3229,3401,3356,3311,3276,3174,3303,3265,3442,3286,3287,3346,3448,3340,3414,3327,3197,3275,3307,3404,3358,3288,3337,3313,3364,3210,3232,3165,3149,3217,2994,3030,3247,3125,3141,3143,3147,3165,3192,3079,3178,3014,3133,3181,3060,3170,3076,3061,3113,3170,3162,3152,3191,3264,3169,3054,3089,3172,3146,3094,3152,3056,3043,3147,3072,3192,3224,3054,3068,3101,3223,3097,3168,3249,3019,3101,3187,3081,3232,3255,3172,3146,3065,3165,3147,3101,3027,3197,3146,3139
84,840,left,3342,3468,3423,3494,3292,3385,3376,3487,3416,3430,3403,3409,3439,3323,3422,3342,3350,3398,3417,3465,3370,3486,3408,3391,3268,3357,3386,3329,3305,3373,3370,3412,3246,3220,3323,3274,3297,3156,3146,3181,3073,3133,3243,3275,3337,3290,3174,3303,3218,3266,3248,3169,3225,3212,3170,3236,3137,3138,3187,3188,3229,3163,3206,3147,3282,3139,3208,3229,3217,3222,3165,3205,3226,3121,3144,3180,3200,3181,3242,3193,3218,3201,3211,3286,3240,3104,3231,3173,3375,3258,3211,3202,3223,3196,3228,3202
85,850,left,3441,3257,3210,3306,3338,3418,3337,3279,3207,3325,3209,3374,3305,3281,3350,3285,3395,3207,3279,3307,3391,3367,3266,3214,3355,3423,3229,3262,3318,3469,3226,3352,3108,3115,3147,3087,3141,3138,3160,3136,3108,3166,3141,3155,3157,3098,3032,3117,3143,3208,2982,3122,3117,3078,3169,3203,3197,3079,3218,3045,3198,3181,3108,3154,3051,3092,3028,3211,3088,3103,3041,3094,3119,3116,3140,3215,3165,3176,3189,3042,3084,3214,3114,3141,3024,3131,3248,3111,3236,3046,3156,3134,3090,3202,3100,3106
86,860,left,3232,3358,3255,3422,3240,3328,3227,3429,3317,3325,3267,3402,3433,3342,3274,3327,3364,3198,3190,3388,3188,3302,3247,3277,3239,3346,3270,3281,3259,3395,3384,3341,3057,3079,3056,3103,3147,3198,3137,3154,3115,3092,3110,3038,3195,3143,3047,3184,3028,3108,3168,3225,3114,3164,3146,3178,3096,3173,3082,3161,3110,3155,3078,3082,2989,3134,3101,3075,3113,3123,3091,3085,3108,3072,3083,3181,3064,3077,3037,3100,3114,3079,3156,3139,3080,3248,3155,3096,3102,3150,3071,3209,3144,3171,3168,3132
87,870,left,3278,3167,3217,3207,3190,3332,3353,3235,3175,3277,3258,3336,3223,3205,3217,3260,3258,3222,3324,3188,3353,3366,3329,3253,3351,3253,3239,3342,3279,3273,3272,3226,3122,3106,2986,3111,3050,3153,3136,3054,3117,3133,3127,3082,3076,3236,3053,3086,3026,3129,3069,3100,3139,3140,2984,3025,3107,3009,3049,3120,3022,3210,3130,3078,3120,3058,3116,3093,3035,3045,3043,3002,3165,3171,3104,3222,3121,3033,3064,3040,3132,3078,3116,3049,2947,3112,2948,2979,3095,3039,3034,3210,3090,3041,3114,3014
88,880,left,3323,3250,3276,3284,3322,3308,3296,3345,3357,3246,3269,3383,3336,3237,3288,3329,3317,3346,3341,3323,3301,3301,3282,3251,3359,3230,3303,3310,3317,3340,3369,3233,3139,3160,3075,3078,3197,3283,3200,3226,3226,3181,3093,3126,3210,3112,3224,3033,3143,3130,3067,3122,3146,3159,3121,3078,3182,3150,3082,3083,3060,3078,3080,3200,2963,3143,3074,3036,3248,3180,3100,3203,3140,3109,3198,3106,3123,3222,3167,3113,3237,3016,3112,3159,3073,3103,3125,3088,3200,3025,3206,3066,3138,3078,3128,3140
89,890,left,3285,3357,3353,3333,3090,3393,3304,3435,3368,3321,3333,3261,3258,3360,3352,3331,3299,3402,3399,3265,3282,3278,3194,3400,3292,3343,3316,3377,3265,3291,3339,3383,3110,3254,3070,3139,3050,3096,3090,2960,3141,3245,3182,3190,3073,3114,3151,3222,3102,3093,3188,3083,3069,3199,3145,3204,3206,2990,3179,3004,3135,3061,3090,3153,3121,3196,3038,3086,3131,3132,3125,3226,3226,3250,3103,3261,3074,3195,3096,3223,2977,3172,3078,3091,3185,3222,3255,3240,3124,3192,3109,3218,3105,3127,3157,3174
90,900,left,3398,3356,3303,3269,3359,3471,3278,3399,3422,3372,3323,3217,3397,3297,3369,3412,3347,3449,3310,3344,3354,3467,3375,3287,3402,3275,3309,3317,3210,3401,3307,3347,3274,3139,3272,3282,3191,3280,3028,3089,3160,3183,3212,3178,3123,3051,3160,3166,3203,3104,3171,3249,3189,3118,3200,3111,3148,3265,3270,3195,3181,3147,3199,3165,3232,3137,3097,3185,3193,3160,3105,3208,3158,3121,3179,3198,3133,3148,3205,3087,3102,3263,3091,3236,3199,3159,3276,3118,3227,3267,3158,3163,3195,3197,3157,3090
91,910,left,3257,3246,3263,3205,3277,3323,3259,3265,3182,3253,3346,3190,3364,3342,3352,3274,3331,3166,3341,3321,3239,3354,3144,3084,3279,3294,3226,3281,3284,3258,3267,3332,3030,3083,3150,3179,3147,3159,3054,3060,3039,3055,3060,3088,3057,3192,3006,3144,2912,3144,3036,3088,3085,3186,3042,3059,3177,3170,3122,3142,3117,3206,3140,3046,3085,3143,3117,3103,3119,3057,2996,3112,3093,3050,3019,3024,2960,3076,3000,3108,3047,3140,3068,3128,3151,3131,3056,3136,3140,3129,3018,3172,3114,3103,3164,3082
92,920,left,3265,3374,3238,3289,3417,3403,3358,3199,3357,3337,3219,3332,3421,3287,3344,3365,3356,3388,3319,3314,3253,3232,3240,3377,3314,3263,3354,3365,3378,3305,3364,3288,3142,3106,3069,3195,3157,3188,3113,3251,3132,3165,3215,3066,2991,3160,3055,3174,3113,3187,3101,3125,3122,3043,3113,3049,2992,3232,3065,3214,3078,3153,3176,3048,3087,3114,3132,3220,3130,3064,3176,3191,3128,3252,3094,3154,3102,3060,3084,3137,3154,3089,3125,3158,3226,3140,3181,3139,3096,3154,3123,3131,3123,3055,3037,3094
93,930,left,3332,3254,3287,3295,3238,3375,3180,3306,3202,3139,3303,3318,3343,3346,3297,3314,3228,3275,3276,3383,3203,3309,3297,3376,3252,3187,3325,3331,3276,3305,3327,3256,3133,3220,3115,3032,3201,3051,3030,3065,3087,3043,3112,3162,2997,3150,2996,3059,3163,3216,3181,3129,3095,3134,3125,3006,3017,3121,3313,3171,3143,3208,3124,3074,3116,3088,3154,3059,3064,3215,3118,3088,3059,3119,3085,3052,3113,3069,3188,3106,3089,3197,3180,3069,3171,3035,3114,3144,3049,3070,3177,3190,3099,3041,3125,3089
94,940,left,3294,3289,3220,3266,3267,3244,3327,3259,3285,3222,3148,3310,3326,3275,3225,3293,3319,3241,3260,3292,3336,3300,3210,3264,3242,3333,3458,3198,3333,3414,3338,3192,3205,3125,3170,3053,3082,3092,2980,3052,3106,3234,3209,3143,3096,3154,3090,3216,3067,3170,3132,3160,3106,3166,3157,3162,3184,3079,3198,3299,3115,3100,3025,3075,3047,3090,3077,3147,3111,3160,3010,3078,3148,3017,2984,3119,3107,3243,3078,3156,3145,3100,3046,3102,3205,3048,3169,3069,3105,3129,3099,3048,3163,3152,2949,3064
95,950,left,3456,3350,3306,3380,3343,3354,3340,3385,3271,3422,3372,3519,3400,3400,3393,3457,3459,3351,3516,3305,3399,3322,3443,3423,3344,3446,3369,3352,3285,3322,3340,3384,3231,3208,3180,3106,3191,3286,3115,3175,3181,3172,3217,3154,3150,3200,3186,3090,3212,3275,3269,3183,3200,3146,3242,3189,3264,3152,3140,3227,3173,3183,3171,3173,3163,3236,3137,3145,3180,3243,3175,3195,3140,3215,3080,3221,3147,3131,3181,3126,3181,3110,3063,3098,3126,3226,3056,3235,3168,3165,3231,3232,3219,3079,3222,3220
96,960,left,3246,3352,3219,3336,3292,3292,3263,3327,3382,3336,3370,3391,3310,3370,3278,3363,3312,3307,3345,3376,3378,3358,3295,3273,3324,3269,3277,3245,3219,3330,3358,3306,3220,3216,3238,3217,3090,3100,3147,3151,3144,3088,3175,3166,3170,3139,3096,3298,3174,3114,3125,3111,3100,3237,3093,3158,3088,3159,3049,3042,3171,3006,3179,3127,3112,3142,3178,3195,3137,3130,3142,3130,3068,3085,3149,3128,3150,3144,3142,3155,3178,3084,3093,3132,3084,3106,3012,3088,3075,3205,3115,3177,3090,3215,3096,3224
97,970,left,3168,3154,3291,3121,3208,3324,3272,3249,3185,3227,3312,3176,3317,3243,3222,3344,3230,3237,3249,3336,3216,3300,3282,3278,3249,3177,3290,3248,3329,3195,3244,3378,3063,3106,3093,3086,3117,3024,3210,3053,3226,3059,2985,3029,2991,3039,3140,3053,3121,3116,3188,3110,3068,3109,3094,3107,3074,3110,3047,3117,3070,3144,3030,3182,3133,3154,3046,3161,3126,3033,3066,3019,3121,3068,3153,3107,3029,3010,3127,3070,3056,3005,3156,3131,3045,3028,3011,3125,3077,3024,3009,3050,3078,3030,3065,3096
98,980,left,3276,3408,3449,3291,3342,3312,3400,3452,3335,3322,3395,3343,3407,3399,3372,3373,3288,3252,3378,3353,3313,3451,3354,3372,3404,3428,3363,3328,3423,3297,3414,3379,3170,3154,3141,3294,3174,3078,3095,3211,3155,3135,3143,3208,3153,3158,3180,3049,3231,3179,3243,3192,3188,3110,3180,3229,3196,3236,3259,3225,3090,3119,3109,3140,3236,3255,3143,3145,3148,3105,3102,3210,3033,3111,3157,3110,3240,3109,3190,3207,3188,3255,3274,3160,3199,3183,3126,3110,3206,3136,3120,3169,3164,3240,3122,3083
99,990,left,3318,3399,3264,3322,3211,3405,3234,3225,3266,3264,3230,3271,3315,3298,3272,3289,3298,3200,3206,3364,3327,3264,3280,3360,3297,3322,3295,3303,3214,3338,3231,3203,3186,3137,3166,3126,3202,3137,3174,3089,3134,3207,2987,3157,2997,3201,3094,3047,2986,3216,3110,3147,3211,3078,3125,3150,3067,3089,3107,3068,3098,3151,3113,3223,3115,3092,3135,2987,3033,3032,3090,3159,3159,3060,3169,3083,3093,3006,3114,3229,2991,3018,3113,3133,3060,3092,3082,3037,3130,3090,3026,3152,3059,3012,3119,3052
100,1000,left,3317,3323,3367,3424,3371,3301,3448,3290,3420,3391,3274,3369,3255,3208,3370,3270,3312,3298,3356,3271,3355,3392,3374,3321,3496,3398,3285,3236,3376,3256,3324,3332,3150,3254,3291,3173,3084,3184,3155,3095,3215,3233,3181,3119,3012,3216,3140,3080,3157,3103,3083,3239,3272,3187,3060,3156,3148,3080,3157,3172,3170,3335,3093,3206,3143,3099,3157,3167,3191,3204,3229,3188,3150,3127,3128,3148,3334,3166,3075,3115,3041,3265,3204,3134,3270,3165,3130,3151,3169,3203,3108,3154,3179,3194,3184,3085
101,1010,left,3216,3150,3190,3239,3170,3085,3225,3286,3081,3159,3341,3194,3334,3222,3218,3101,3186,3217,3164,3143,3246,3219,3272,3182,3174,3280,3210,3189,3191,3151,3149,3195,3114,2915,2922,2934,3062,2962,3090,2916,3040,2981,2905,2960,2982,3030,2815,3071,2965,3077,2909,3091,3070,2977,3024,2949,2941,3022,3072,3128,3079,3114,2971,3055,3016,2990,3043,3004,3046,3038,2996,3058,3013,3011,3013,3080,3142,2993,2985,3004,3055,2962,2992,3032,3001,3099,2983,3043,3088,3001,3018,3005,3116,2989,3049,3042
102,1020,left,3346,3345,3391,3291,3345,3492,3337,3361,3172,3263,3231,3318,3447,3406,3384,3310,3328,3362,3234,3332,3370,3230,3316,3289,3317,3317,3246,3339,3405,3298,3350,3414,3079,3173,3189,3090,3115,3181,3202,2997,3111,3046,3171,3050,3144,3164,3238,3275,3121,3246,3140,3125,3152,3161,3106,3091,3127,3081,3106,3219,3066,3120,3237,3100,3207,3202,3143,3083,3050,3195,3279,3086,3211,3044,3165,3131,3239,2985,3131,3148,3190,3202,3158,3117,3003,3251,3059,3143,3122,3240,3112,3162,3074,3170,3127,3147
103,1030,left,3360,3428,3289,3237,3287,3295,3274,3419,3370,3377,3214,3399,3350,3302,3336,3293,3167,3299,3266,3284,3320,3332,3345,3312,3290,3307,3349,3321,3326,3331,3333,3292,3160,3087,3046,2988,3093,3139,3033,3113,3085,3065,3063,3182,3051,3087,3248,3127,3174,3086,3206,3143,3201,3203,3126,3184,3190,3160,3126,3060,3154,3124,3081,3136,3185,3170,3071,3254,3223,3113,3239,3158,3109,3111,3065,3148,3239,3060,3083,3028,3044,3130,3151,3027,3045,3119,3116,3187,3069,3094,3187,3257,3111,3170,3062,3213
104,1040,left,3239,3344,3323,3352,3439,3280,3232,3358,3403,3330,3382,3311,3258,3228,3431,3248,3252,3306,3331,3159,3354,3286,3327,3371,3271,3235,3285,3306,3310,3235,3308,3332,3140,3136,3042,3256,3082,3182,3151,3063,3107,3171,3233,3125,3149,3059,3197,3195,3075,3131,3045,3235,3239,3118,3107,3137,3151,2987,3174,3139,3147,3102,3151,3117,3155,3145,3060,3112,3151,3180,3108,3141,3106,3056,3074,3199,3089,3203,3043,3127,3176,3139,3208,3088,3111,3116,3117,3092,3185,3234,3140,3138,3158,3104,3077,3220
105,1050,left,3424,3402,3360,3383,3472,3441,3379,3310,3282,3440,3189,3427,3323,3243,3314,3222,3353,3279,3288,3254,3270,3355,3341,3366,3403,3319,3487,3327,3341,3289,3375,3305,3121,3023,3185,3038,3169,3137,3171,3175,3227,3206,3180,3111,3145,3229,3119,3183,3172,3089,3170,3171,3164,3219,3122,3055,3062,3144,3071,3101,3113,3054,3142,3117,3170,3185,3124,3103,3087,3206,3175,3147,3093,3101,3100,3232,3082,3081,3106,3062,3120,3175,3119,3164,3097,3125,3166,3151,3125,3116,3088,3083,3086,3098,3209,3162
106,1060,left,3336,3369,3319,3253,3249,3353,3379,3223,3213,3304,3327,3345,3285,3205,3325,3299,3324,3291,3201,3297,3320,3388,3272,3311,3316,3205,3444,3265,3277,3267,3363,3340,3096,3061,3160,3177,3131,3045,3091,3076,3069,3193,3121,3050,3060,3257,3148,3128,3149,3084,3064,3194,3042,3286,3063,3086,3122,2978,3193,3187,3128,3095,3119,3064,3165,3168,3209,3205,3115,3188,3035,3193,3164,3181,3168,3099,3227,3176,3136,3160,3070,3128,3219,3120,3072,3152,3012,3114,3130,2989,3126,3058,3120,3113,3130,3070
107,1070,left,3327,3304,3342,3376,3174,3322,3312,3318,3308,3322,3242,3286,3305,3310,3357,3391,3312,3259,3322,3245,3387,3352,3295,3374,3279,3397,3390,3320,3335,3296,3389,3383,3059,3114,3183,3126,3111,3189,3007,3174,3081,3217,3122,3168,3195,3151,3082,3054,3279,3132,3051,3111,3175,3183,3135,3114,3129,3252,3027,3123,3144,3106,3079,3136,3076,3179,3173,3079,3163,3186,3255,3121,3094,3166,3110,3079,3194,3112,3118,3168,3210,3127,3218,3109,3131,3150,3124,3124,3109,3160,3133,3233,3143,3104,3118,3227
108,1080,left,3254,3252,3467,3342,3273,3286,3285,3364,3392,3349,3373,3329,3322,3413,3477,3363,3359,3430,3379,3326,3398,3267,3386,3411,3420,3264,3388,3400,3432,3293,3328,3342,3092,3261,3193,3346,3197,3099,3254,3229,3119,3162,3150,3256,3238,3340,3186,3196,3245,3088,3214,3137,3255,3222,3225,3162,3176,3249,3239,3192,3144,3149,3167,3079,3181,3248,3269,3138,3262,3249,3174,3214,3188,3227,3127,3219,3177,3283,3284,3159,3191,3135,3110,3214,3185,3143,3245,3101,3177,3141,3107,3284,3105,3126,3113,3120
109,1090,left,3271,3251,3251,3314,3278,3306,3369,3258,3267,3235,3269,3253,3241,3384,3390,3310,3305,3245,3317,3362,3424,3321,3244,3244,3224,3273,3132,3333,3237,3358,3211,3339,3104,3092,3204,3189,3037,3158,3039,3050,3130,3067,3175,3080,3058,3152,3091,3126,3111,3162,3169,3021,3170,3126,3152,3121,3158,3127,2997,3112,3052,3113,3083,3193,3175,3158,3043,3164,3112,3135,3145,3118,3091,3148,3122,3181,3079,3099,3131,3172,3044,3016,3086,3070,3010,3099,3005,3222,3158,3017,3087,3062,3072,3057,3124,2975
110,1100,left,3372,3352,3301,3251,3287,3386,3239,3256,3267,3204,3277,3210,3404,3257,3259,3286,3353,3346,3248,3242,3307,3334,3261,3323,3259,3341,3471,3360,3362,3323,3251,3226,3120,3171,3157,3216,3164,3099,3122,3170,3158,3125,3137,3066,3090,3131,3113,3129,3239,3030,3173,3260,3095,3119,3148,3263,3074,3154,3016,3203,3153,3178,3099,3175,3147,3233,3196,3195,3059,3127,3147,3048,3051,3128,3180,3205,3113,3131,3043,3224,3111,3175,3173,3198,3198,3125,3074,3177,3116,3223,3157,3191,3241,3104,3171,3134
111,1110,left,3224,3200,3277,3408,3252,3268,3313,3345,3258,3291,3297,3261,3424,3348,3232,3349,3233,3199,3355,3281,3244,3216,3286,3267,3244,3330,3210,3321,3311,3408,3159,3135,3059,3125,3083,3150,3142,3171,3087,3038,3114,3094,3162,3096,3010,3089,3008,3137,3060,3063,3135,3103,3128,3073,3131,3045,3090,3050,3149,3084,3140,3170,3066,3107,3003,3153,3133,3148,3071,3104,3123,3101,3196,3135,3215,3106,3259,3162,3050,3091,3085,3160,3191,3024,3081,3211,3148,3094,3012,3060,3070,3220,3103,3204,3185,3156
112,1120,left,3296,3414,3275,3379,3359,3244,3286,3353,3427,3380,3321,3380,3332,3327,3304,3306,3359,3449,3314,3344,3267,3308,3272,3303,3197,3359,3350,3394,3312,3200,3380,3326,3160,3225,3140,3157,3128,3065,3089,3097,3188,3170,3151,3039,3175,3090,3174,3193,3082,3187,3230,3161,3174,3157,3168,3133,3108,3139,3125,3228,3103,3151,3155,3147,3224,3143,3228,3140,3069,3126,3153,3180,3177,3132,3207,3098,3144,3246,3106,3106,3160,3192,3109,3205,3061,3144,3130,3112,3282,3084,3157,3218,3254,3094,3178,3023
113,1130,left,3287,3222,3335,3216,3286,3237,3206,3224,3405,3313,3326,3280,3327,3164,3331,3230,3214,3210,3214,3252,3194,3258,3222,3330,3235,3325,3191,3264,3282,3268,3411,3256,3055,3060,3053,3177,3138,3115,2993,3014,3076,3105,3074,3162,3073,3104,3149,3102,3084,3074,3155,3054,3046,2985,3089,3094,2982,3161,3030,3121,3100,3172,3166,3115,3057,3108,3183,3223,3042,3065,3193,3206,3097,3155,3075,3087,3074,3004,3098,3173,3030,3071,3063,3124,3157,3106,2978,3139,3084,3038,3165,3061,2964,2991,3067,3025
114,1140,left,3392,3215,3217,3229,3223,3361,3328,3282,3267,3146,3261,3180,3234,3181,3237,3224,3262,3274,3139,3245,3208,3269,3168,3231,3242,3372,3297,3242,3230,3257,3261,3167,3152,3124,3086,2990,3130,3147,2961,3137,3093,2975,3029,3078,3008,3020,3037,3094,3082,3065,3158,2994,3069,3100,2974,3076,3046,3097,3095,3127,2902,3150,3086,3068,3138,3053,3077,3047,3203,3182,3137,3077,3074,3137,3222,3064,3060,3032,3013,3082,3093,2999,3157,3078,3180,3111,3040,3036,2998,3083,3105,3076,3114,3094,3012,3153
115,1150,left,3158,3251,3362,3350,3179,3332,3298,3275,3370,3238,3145,3222,3107,3292,3343,3232,3207,3218,3315,3269,3279,3313,3225,3272,3344,3260,3358,3250,3231,3145,3245,3254,3200,3171,3011,3029,3046,3163,3184,2994,3062,3115,2971,3024,3071,3150,3165,3031,3164,3104,3165,3112,3149,2985,3011,2954,3081,3083,2980,3092,3027,2969,3089,3063,3173,3006,3093,3107,3091,3079,3079,2998,2940,3145,3140,3052,3038,2969,2999,2987,3009,3118,3065,3036,3097,3148,3094,3038,3099,3054,2986,3088,3114,3010,3046,3016
116,1160,left,3318,3304,3236,3273,3322,3247,3373,3279,3242,3282,3431,3230,3261,3319,3373,3317,3300,3380,3265,3238,3228,3167,3349,3337,3259,3363,3361,3267,3288,3257,3319,3273,3173,3013,3166,3166,3161,3133,3048,3156,3156,3050,3049,3073,3129,3203,3130,3074,3295,3067,2993,3104,3021,3234,3228,3049,3169,3151,3195,3001,3073,3137,3082,3131,3139,3091,3165,3276,3123,3127,3127,3088,3119,3129,3083,3198,3006,3069,3228,3095,2992,3180,3129,3203,3038,3058,3033,3102,3039,3065,3171,3025,3083,3077,3113,3096
117,1170,left,3202,3330,3313,3238,3288,3431,3319,3403,3285,3235,3284,3369,3391,3295,3275,3288,3307,3282,3205,3241,3246,3374,3285,3198,3279,3339,3340,3359,3092,3258,3152,3279,3215,3155,3081,3158,3157,3114,3109,3147,3134,3009,3146,3075,3001,3097,3068,3200,3188,3124,3069,3188,3096,3133,3197,3116,3109,3101,3084,3011,3129,2990,3079,3100,3139,3069,3095,3088,3120,3093,3130,3105,3060,3046,3033,3191,3080,3041,3017,3211,3106,2975,3090,3135,3001,3126,3203,3183,3058,3125,3085,3156,3205,3071,3072,3064
118,1180,left,3163,3236,3259,3349,3328,3213,3348,3182,3210,3179,3378,3231,3250,3192,3324,3350,3351,3260,3363,3295,3135,3285,3240,3273,3327,3363,3347,3169,3278,3211,3344,3243,3037,3155,3148,3091,3063,3155,3068,3033,3082,3122,3109,3108,3070,3173,3046,3128,3214,3102,3091,3037,3081,3056,3085,3134,3074,3170,3043,2972,3077,3042,3007,3038,3068,3119,3081,3027,3162,3102,3043,3019,3049,2988,3158,2997,2988,3047,3055,3196,3092,2979,3028,3061,2991,3006,3064,3141,3028,2951,3164,3010,3030,3122,3059,3071
119,1190,left,3315,3365,3431,3233,3303,3345,3291,3329,3321,3371,3370,3342,3263,3327,3280,3406,3360,3439,3297,3362,3375,3236,3412,3388,3331,3329,3433,3402,3401,3317,3328,3350,3176,3032,3048,3070,3080,3100,3162,3165,3041,3248,3061,3070,3161,3108,3212,3124,3088,3172,3074,3227,3235,3104,3185,3223,3219,3207,3203,3203,3212,3220,3293,3218,3288,3145,3186,3259,3109,3174,3159,3153,3154,3137,3177,3061,3060,3133,3217,3277,3148,3218,3167,3178,3147,3133,3213,3183,3157,3142,3278,3154,3156,3085,3117,3253
120,1200,right,3179,3099,3166,3122,3232,3021,3118,3065,3120,3062,3065,3037,3106,3123,3181,3115,3052,3101,3172,3181,3155,3126,3137,3093,3198,3152,3060,3120,3068,3051,3147,3023,3282,3268,3330,3297,3334,3174,3211,3254,3237,3303,3351,3411,3149,3289,3277,3241,3356,3345,3261,3290,3326,3295,3306,3336,3277,3376,3288,3248,3184,3329,3259,3348,3130,3174,3208,3105,3115,3189,3149,3108,2982,3138,3033,3160,3054,3031,3175,3239,3065,3064,3044,3116,3069,3100,3089,3058,3030,3143,3158,3161,3038,3106,3062,3209
121,1210,right,3163,3068,3139,3029,3076,3013,3029,3214,3102,3140,3084,3197,3068,3015,3057,3153,3133,3111,3070,3073,3145,3007,3077,3017,3065,3051,3095,3014,3076,3129,3033,3087,3241,3240,3322,3142,3330,3377,3273,3288,3217,3235,3293,3282,3336,3190,3297,3369,3160,3221,3176,3290,3297,3372,3219,3213,3235,3225,3189,3189,3333,3179,3324,3217,2988,3137,3096,3100,2960,3067,2942,3030,3152,2943,3129,3139,3177,3027,3070,3027,3044,3080,3123,3212,3068,3111,3165,3131,2957,3020,3113,3062,3108,3229,3078,2980
122,1220,right,3148,3264,3070,3127,3095,3035,3110,3217,3154,3121,3096,3182,3078,3208,3073,3072,3145,3135,3125,3205,3134,3154,3076,3127,3078,3002,3002,3221,3226,3007,3004,3199,3298,3342,3254,3263,3301,3283,3331,3255,3205,3323,3337,3292,3340,3388,3373,3414,3390,3254,3407,3266,3241,3238,3315,3455,3318,3316,3306,3347,3312,3337,3302,3308,3168,3184,3164,3077,3110,3146,3122,3089,3139,3175,3104,3083,3187,3111,3082,3099,3130,3089,3167,3176,3113,3190,3151,3193,3205,3103,3227,3134,3097,3133,3092,3239
123,1230,right,3175,3172,3270,3121,3164,3167,3061,3193,3222,3114,3111,3062,3063,3066,3162,3140,3101,3226,3177,3091,3199,3144,3279,3119,3180,3166,3152,3193,3127,3101,3273,3259,3349,3338,3338,3327,3386,3361,3274,3293,3331,3336,3279,3208,3258,3354,3247,3363,3323,3180,3354,3236,3387,3392,3376,3379,3399,3297,3520,3305,3251,3210,3368,3379,3280,3082,3196,3243,3012,3205,3162,3172,3185,3208,3100,3123,3283,3191,3172,3188,3182,3105,3185,3120,3092,3270,3240,3078,3050,3052,3149,3126,3075,3163,3088,3085
124,1240,right,3097,3077,3015,3090,3005,3033,3106,3119,3181,3108,3121,3056,2955,3046,3092,3170,3074,3125,3062,3035,3175,3087,3096,3009,3067,2977,3098,3126,3177,3161,3078,3022,3284,3192,3297,3327,3337,3161,3243,3242,3229,3246,3327,3144,3206,3412,3244,3350,3248,3225,3190,3245,3235,3319,3357,3281,3330,3236,3215,3198,3207,3214,3331,3288,3039,3176,2975,3160,3077,3120,3000,3064,3063,3099,3046,3108,3091,2938,3025,3064,3162,3106,3058,3080,2963,3200,3032,3112,3025,3121,3081,2948,3112,3041,3142,3063
125,1250,right,3272,3078,3109,3158,3133,3103,3136,3089,3061,3106,3094,3103,3191,3016,3212,3193,3170,3178,3144,3145,3171,3160,3137,3268,3130,3158,3037,3011,3118,3152,3126,3114,3245,3363,3276,3358,3321,3155,3278,3349,3366,3313,3311,3327,3339,3341,3272,3242,3297,3282,3353,3392,3288,3363,3247,3299,3417,3429,3293,3381,3418,3328,3358,3252,3172,3210,3099,3155,3184,3034,3210,3033,3169,3183,3173,3154,3144,3191,2971,3117,3229,3095,3106,3141,3049,3211,3127,3191,3134,3169,3082,3143,3049,3072,3071,3079
126,1260,right,2975,3086,3115,3100,3127,3088,3099,3122,3119,3078,3138,3099,3071,3106,3096,2959,3133,3062,3177,3278,2967,3049,3131,3077,3035,3107,3220,3047,3126,3022,3100,3025,3276,3301,3308,3425,3257,3289,3271,3350,3350,3302,3216,3341,3242,3256,3315,3093,3342,3286,3277,3288,3317,3257,3374,3331,3249,3292,3234,3218,3218,3261,3394,3211,3105,3046,3180,3091,3051,3208,3092,3098,2994,3036,3143,3016,3190,3074,3074,3205,3222,3084,3141,3215,3043,3118,3053,2968,3092,3052,3110,3067,3190,3223,3082,3184
127,1270,right,3097,3060,3024,3015,3062,2915,3008,2986,2982,3032,3062,3064,3023,3038,2997,2999,2949,3044,2960,2992,3052,2988,2980,3014,3052,3003,3101,2955,2983,2961,3031,3112,3153,3309,3290,3223,3236,3167,3297,3176,3334,3188,3398,3261,3072,3099,3289,3200,3148,3106,3229,3189,3227,3155,3116,3250,3203,3154,3143,3110,3190,3262,3278,3136,2952,2990,2987,3043,3015,3052,2958,3083,3024,3073,3037,3118,3054,3029,3029,2935,2987,2972,3064,2956,3058,3052,2995,3092,3050,3051,3000,3028,3002,2994,2934,3054
128,1280,right,3282,3162,3180,3076,3212,3276,3195,3186,3152,3273,3251,3111,3173,3254,3258,3279,3132,3200,3193,3245,3201,3206,3248,3143,3237,3211,3126,3175,3226,3209,3148,3229,3369,3380,3498,3412,3471,3267,3400,3468,3461,3407,3486,3465,3547,3384,3429,3364,3402,3362,3417,3422,3344,3300,3441,3237,3272,3401,3296,3326,3364,3332,3339,3316,3174,3338,3246,3190,3261,3253,3193,3224,3328,3188,3272,3260,3188,3212,3181,3286,3264,3208,3358,3196,3221,3319,3271,3184,3243,3218,3258,3211,3166,3202,3312,3150
129,1290,right,3035,3092,3023,3038,2969,3225,2997,3129,3099,3057,3174,3146,3151,3008,3121,3122,3063,3159,3073,3004,3070,3193,3122,3250,3090,2948,3075,3119,3129,3102,3095,3119,3182,3264,3219,3224,3130,3280,3091,3142,3100,3091,3189,3166,3085,3214,3162,3175,3151,3291,3112,3237,3136,3124,3200,3176,3101,3095,3224,3196,3157,3125,3127,3122,3112,3065,3143,3224,3101,3224,3134,2992,3187,3108,3111,3212,3121,3171,3149,3114,3249,3222,3157,3196,3200,3106,3149,3105,3160,3089,3182,3230,3221,3114,3033,3167
130,1300,right,3065,3211,3211,3028,3141,3141,3050,3157,2998,3120,3225,3118,3268,3192,3097,3111,3052,3247,3239,3128,3210,3160,3139,3067,3289,3135,3142,3130,3091,3103,3126,3240,3245,3254,3266,3357,3371,3375,3294,3360,3371,3223,3290,3388,3276,3445,3291,3239,3280,3303,3409,3254,3413,3180,3350,3289,3382,3334,3324,3333,3326,3357,3439,3273,3068,2912,3210,3139,3241,3181,3186,3261,3124,3192,3186,3165,3182,3118,3221,3141,3120,3192,3226,3132,3183,3148,3157,3149,3032,3215,3100,3120,3106,3193,3227,3164
131,1310,right,3114,3122,3243,3085,3186,3051,3169,3139,3074,3128,3290,3136,3138,3099,3150,3136,3070,3172,3148,3089,3145,3065,3152,3123,3035,3065,3211,3193,3088,3107,3094,3049,3186,3349,3145,3259,3324,3294,3305,3302,3321,3283,3346,3217,3243,3294,3399,3264,3455,3245,3368,3312,3327,3310,3370,3358,3299,3305,3307,3216,3284,3315,3257,3393,3088,3085,3253,3169,3102,3113,3164,3058,3155,3239,3116,3195,3133,3237,3129,3070,3243,3070,3116,3082,3193,3162,2974,3154,3166,3139,3143,3184,3123,3153,3137,3074
132,1320,right,3203,3190,3103,3162,3192,3213,3095,3203,3208,3158,3209,3347,3237,3239,3098,3221,3154,3194,3169,3173,3159,3205,3225,3077,3178,3109,3229,3094,3158,3142,3215,3140,3302,3346,3416,3477,3529,3423,3356,3342,3310,3365,3454,3422,3334,3412,3389,3342,3322,3474,3273,3362,3294,3426,3349,3333,3403,3413,3420,3352,3330,3429,3399,3404,3195,3164,3141,3128,3083,3079,3118,3170,3092,3146,3107,3259,3300,3248,3145,3182,3243,3147,3215,3152,3118,3223,3129,3192,3164,3204,3284,3258,3074,3159,3103,3169
133,1330,right,2999,3050,3050,3171,3072,3095,3149,3108,3177,3107,3084,3115,3156,3048,3122,3059,3028,3160,3135,3105,3146,3044,3071,3116,3124,3084,3157,3041,3077,3157,3032,3093,3233,3342,3271,3281,3271,3335,3316,3237,3300,3243,3290,3254,3300,3408,3332,3147,3320,3163,3290,3150,3233,3283,3305,3304,3270,3252,3303,3321,3280,3322,3360,3277,3095,3215,3123,3138,3125,3132,3012,3093,3090,3038,3142,3243,3096,3167,3113,3176,3011,3147,3103,3112,3142,3057,3161,3172,3089,3057,3117,3120,3167,3143,3176,3105
134,1340,right,3144,3130,2998,3129,3153,3244,3120,3236,3043,3093,3129,3173,3106,3169,3091,2925,3115,3030,3124,3116,3211,3073,3121,3084,3082,3070,3101,3122,3075,2987,3034,3065,3252,3252,3263,3161,3281,3222,3235,3023,3253,3183,3161,3221,3161,3255,3352,3173,3288,3160,3224,3163,3146,3171,3147,3168,3224,3139,3143,3144,3228,3170,3146,3215,3074,3062,3095,3111,3049,3109,3102,3088,3182,3059,3092,3096,3093,3200,3037,2977,3161,3089,3137,3071,3073,3114,3197,3086,3104,3124,3215,3052,2964,3179,3035,3032
135,1350,right,3211,3187,3099,3178,3126,3214,3221,3107,3147,3178,3124,3098,3093,3181,3328,3049,3108,3098,3094,3099,3102,3113,3228,3139,3013,3056,3140,3129,3103,3096,2978,3125,3320,3283,3328,3316,3336,3263,3290,3361,3290,3345,3385,3221,3448,3346,3309,3323,3290,3303,3402,3418,3268,3409,3339,3187,3404,3260,3332,3306,3363,3249,3294,3191,3111,3212,3138,3195,3202,3273,3309,3080,3174,3110,3159,3215,3242,3057,3084,3143,3083,2968,3222,3107,3179,2989,3057,3174,3070,3188,3189,3107,3222,3094,3184,3145
136,1360,right,3074,2954,3088,3064,2994,3047,3101,2923,3052,3136,3118,3039,3112,3054,3034,3113,2999,3123,3090,3029,3054,3106,3013,3074,3135,3118,3081,3023,3091,3071,3097,3139,3272,3210,3221,3252,3236,3191,3196,3281,3282,3151,3246,3266,3214,3239,3185,3291,3250,3305,3341,3349,3355,3238,3171,3365,3278,3213,3324,3301,3197,3272,3108,3193,3209,3021,3061,3119,3116,3034,3067,3052,3033,3062,3004,3034,3012,3035,3090,3034,2983,3070,3055,3056,3037,3072,3011,3029,3012,3024,3085,3001,3042,3096,3016,2981
137,1370,right,3085,3061,3139,3058,3171,3062,3049,3035,3063,3058,3125,3045,3103,2964,3022,3101,3122,3012,3016,3099,3074,3050,3017,2938,3086,3031,3010,3096,2953,3094,3046,2959,3144,3260,3281,3285,3222,3072,3239,3263,3219,3214,3174,3245,3185,3238,3368,3191,3226,3219,3381,3200,3253,3284,3273,3207,3211,3220,3290,3301,3267,3234,3203,3195,3075,3073,2982,2959,3065,2971,2932,3078,3044,2987,3113,3033,3123,3050,3053,3047,3102,3036,3097,3139,3046,3016,2933,3018,3055,3008,3060,2993,3067,3024,3033,3084
138,1380,right,3130,3115,3195,3200,3147,3215,3198,3090,3250,3095,3183,3158,3162,3100,3133,3063,3124,3035,3000,3122,3102,3124,3081,3185,3242,3094,3099,3079,3167,3061,3239,3143,3322,3299,3343,3242,3275,3292,3361,3279,3272,3295,3293,3339,3326,3264,3299,3374,3321,3251,3298,3304,3281,3340,3314,3472,3257,3318,3408,3302,3264,3342,3297,3325,3195,3106,3173,3151,3147,3098,3116,2989,3183,3115,3109,3208,3164,3162,3118,3128,3099,3186,3078,3136,3155,3068,3147,3218,3108,3168,3169,3126,3073,3095,3130,3082
139,1390,right,3160,3153,3165,3097,3027,3179,3163,3095,3341,3215,3165,3089,3136,3167,3079,3161,3026,3103,3212,3137,3137,3095,3177,3116,3221,3022,3265,3214,3159,3097,3029,3088,3244,3277,3303,3353,3246,3288,3357,3271,3365,3280,3314,3274,3302,3314,3376,3250,3280,3387,3333,3388,3289,3269,3381,3343,3353,3376,3344,3331,3357,3292,3365,3337,3258,3175,3125,3225,3080,3145,3155,3059,3224,3159,3170,3135,3139,3230,3090,3087,3132,3149,3185,3120,3172,3272,3106,3115,3193,3134,3123,3093,3131,3177,3113,3189
140,1400,right,3194,3054,3185,3170,3043,3098,3112,3043,3100,3149,3212,3063,3178,3151,3102,3035,3143,3261,3075,3067,3092,3133,3070,3111,3222,3063,3105,3125,3209,3108,3205,3114,3330,3290,3273,3248,3363,3358,3225,3314,3273,3322,3313,3278,3246,3221,3228,3160,3145,3359,3227,3331,3229,3278,3236,3281,3247,3309,3238,3224,3375,3386,3321,3236,3186,3064,3065,3065,3200,3157,3132,3178,3064,3098,3157,3081,3098,3102,3119,3058,3067,3131,3130,3175,3115,3076,3108,3153,3120,3007,3164,2970,3178,3159,3165,3153
141,1410,right,3076,3071,3086,3094,3055,3111,3176,3223,3101,3101,3218,3094,3180,3076,3147,3094,3048,3049,3150,3138,3181,3179,3112,3141,3164,3180,3154,3064,3159,3178,3104,3090,3306,3225,3346,3360,3265,3198,3260,3374,3242,3333,3346,3224,3255,3370,3339,3235,3292,3399,3281,3258,3302,3369,3284,3250,3274,3218,3370,3437,3219,3294,3340,3251,3090,3072,3164,3035,3115,3122,3115,3066,3107,3037,3014,3085,3062,3150,3119,3117,3064,3108,3173,3206,3148,3112,3128,3143,3202,3109,3219,3158,3177,3038,3096,3086
142,1420,right,2957,2960,2932,3072,2994,3018,2923,2961,3053,2937,2930,3082,2966,2985,3035,2956,3044,3082,3021,2998,2935,2979,2987,3036,2978,3026,3109,2857,3112,2988,3029,3071,3253,3236,3140,3207,3185,3229,3138,3259,3147,3169,3385,3223,3209,3225,3210,3243,3287,3268,3097,3199,3186,3284,3177,3181,3282,3149,3224,3116,3181,3157,3195,3183,3053,3069,3061,3165,2932,2949,2980,3143,3024,3016,3077,3014,3124,3024,3118,3024,2985,3107,2983,2909,3080,3096,3052,2969,3086,3162,2891,3010,3122,3011,3051,3003
143,1430,right,3154,3044,3131,3096,3226,3151,3053,3074,3130,3213,3095,3115,3087,3211,3108,3222,3168,3285,3152,3167,3136,3180,3135,3183,3132,3152,3107,3077,3265,3180,3290,3135,3260,3271,3308,3278,3337,3398,3361,3382,3260,3227,3323,3375,3320,3305,3337,3347,3336,3470,3311,3277,3384,3356,3389,3354,3291,3410,3375,3378,3357,3374,3411,3358,3192,2990,3168,3114,3151,3120,3162,3213,3165,3215,3011,3212,3091,3157,3199,3046,3186,3037,3227,3204,3107,3135,3114,3166,3088,3056,3143,3144,3238,3246,3147,3122
144,1440,right,3079,3082,2982,3131,3002,2968,3027,2985,3066,2953,3088,3069,3049,3124,3032,2972,3037,3010,3029,2989,3009,3061,3010,3040,3028,3033,3060,3038,3108,3104,3039,3039,3135,3109,3175,3299,3370,3214,3219,3180,3194,3328,3191,3120,3143,3321,3196,3399,3234,3202,3224,3246,3237,3230,3178,3179,3290,3256,3288,3298,3279,3374,3203,3245,3046,3096,3039,3075,3073,3095,2996,2964,2990,2935,3019,3003,3092,3087,3018,3007,3150,3005,3031,2982,3070,3006,2962,3050,3015,3044,3102,3110,3117,2998,3053,3065
145,1450,right,3021,3044,2942,2952,2929,3050,3151,3043,3092,2940,2957,3234,3048,3072,2906,2978,2992,3082,3025,2933,3029,3152,2954,3102,3098,2907,3133,3042,3011,2930,3085,3102,3214,3099,3232,3253,3252,3254,3118,3236,3205,3269,3168,3265,3227,3300,3123,3262,3150,3201,3230,3180,3251,3174,3238,3146,3205,3221,3276,3213,3215,3133,3286,3095,3053,3160,3089,3013,3058,3068,3131,3069,3039,3009,3087,3028,3118,2956,3052,3045,2991,2966,2965,3079,3085,3060,3096,3038,3145,3017,3140,3132,2990,3090,3051,3059
146,1460,right,3155,3066,3071,3125,3063,3124,3016,3109,3027,3038,2980,3109,3120,3096,3087,3141,3019,3085,3087,3081,3069,3026,3090,3052,3036,2973,2953,3052,3117,3035,3121,3023,3365,3361,3320,3202,3236,3327,3208,3214,3178,3331,3181,3165,3245,3218,3289,3121,3350,3152,3330,3260,3244,3112,3250,3256,3167,3179,3159,3240,3287,3191,3225,3244,3227,2984,3009,3080,3161,3033,3146,2995,3013,3062,3153,3154,3019,3084,3054,3029,3002,3142,2974,2950,3006,3056,3090,3036,2964,2971,3156,3069,3068,3006,3066,3098
147,1470,right,3196,3219,3157,3199,3260,3179,3131,3198,3127,3167,3132,3154,3160,3152,3098,3104,3178,3084,3160,3139,3182,3178,3268,3292,3135,3191,3180,3214,3147,3200,3162,3154,3347,3265,3316,3288,3370,3251,3473,3282,3324,3253,3391,3329,3416,3284,3269,3337,3399,3245,3326,3237,3281,3351,3185,3413,3364,3378,3365,3322,3389,3359,3279,3395,3191,3223,3191,3212,3135,3150,3205,3063,3192,3188,3183,3150,3214,3151,3193,3166,3187,3214,3220,3112,3162,3132,3135,3160,3206,3156,3172,3175,3037,3255,3146,3139
148,1480,right,3107,3101,3097,3105,3110,3079,3129,3063,3120,3060,3154,3058,3086,3107,3234,3110,3111,3117,3023,3167,3115,3091,3136,3001,3122,3067,3054,3103,3019,3097,3074,2997,3328,3311,3319,3328,3284,3221,3349,3254,3284,3196,3303,3236,3244,3205,3230,3264,3365,3336,3303,3277,3392,3243,3254,3265,3388,3271,3242,3389,3327,3211,3236,3157,3173,3059,3079,3183,3108,3140,3114,3097,3130,3113,3080,3129,3037,3057,3128,3155,3110,3116,3058,3074,3120,3068,3148,3097,3133,3063,3036,3129,3054,3150,3061,3167
149,1490,right,3101,3042,2965,3054,2933,3054,2995,3014,3035,2998,3049,2996,2985,3063,2972,3041,3065,3045,3038,3043,3019,3037,3072,2938,3010,2932,2930,2948,3099,2968,3047,3090,3195,3185,3218,3223,3269,3135,3229,3195,3162,3051,3184,3220,3246,3163,3160,3228,3205,3194,3190,3317,3283,3279,3348,3236,3305,3282,3269,3215,3262,3131,3234,3256,2999,3037,2969,3040,3116,3122,2879,3170,3084,2918,3155,3026,3129,3035,3016,2917,3038,2973,2956,2966,3054,3075,3067,3092,3027,2907,3002,2979,3034,3057,2933,3077
150,1500,right,3083,3140,3134,3068,3051,3099,3007,3042,3154,3030,3061,2902,3042,2979,3092,3069,3082,3076,3151,3039,3043,3019,3012,3044,3111,3026,3078,3117,3069,3081,3062,3057,3247,3268,3306,3231,3342,3238,3289,3154,3306,3232,3216,3290,3326,3280,3223,3312,3237,3262,3315,3289,3273,3328,3262,3355,3237,3294,3299,3276,3310,3297,3272,3268,3064,3075,3106,2945,3049,3216,3155,3100,3052,3088,3114,3102,3207,3142,3065,3120,3094,2989,3120,3154,3013,3036,3052,3114,3062,2972,3091,3167,2989,3097,3010,2966
151,1510,right,3105,3050,3077,3076,3103,3051,3090,3104,3043,3024,3020,2962,3044,3096,3259,3172,3215,3035,3049,3152,3056,2919,3077,3034,3013,3059,3025,3036,3039,3134,3119,2975,3191,3334,3284,3325,3175,3240,3170,3248,3174,3285,3181,3366,3323,3263,3199,3116,3180,3227,3166,3233,3167,3264,3204,3221,3163,3232,3211,3239,3360,3197,3303,3283,2987,3085,3111,3119,3138,3043,3094,3091,3140,3065,3134,2999,3035,3067,3061,3059,3112,3066,3004,3009,3052,3054,3114,3077,3037,3045,3066,3001,3031,3098,3098,3007
152,1520,right,3134,3214,3096,3089,3140,3034,3031,3140,3150,3036,3166,3158,3157,3021,2985,3155,3077,3093,3076,3128,3093,3162,3068,3054,3123,3121,3077,3055,3084,3201,3057,3046,3233,3296,3441,3339,3255,3266,3259,3271,3280,3234,3326,3188,3336,3308,3232,3275,3303,3363,3367,3409,3369,3257,3238,3327,3295,3279,3393,3199,3238,3266,3507,3425,3097,3086,2999,3209,3090,2998,3099,3085,3085,3220,3100,3201,3062,3201,3216,3087,3154,3145,3067,2966,3138,3192,3116,3125,3191,3109,3014,3068,3094,3174,3168,3051
153,1530,right,3051,2986,3032,2992,3088,2909,2892,2963,2901,2908,2961,2963,3000,3023,3011,3035,3002,3006,3088,2892,3013,2898,2980,3089,3022,3088,2956,2905,3142,2999,3037,3088,3106,3128,3303,3241,3181,3289,3086,3242,3127,3215,3161,3185,3079,3164,3184,3170,3306,3255,3172,3142,3259,3242,3084,3278,3177,3093,3218,3203,3152,3288,3156,3172,3020,2984,2966,3083,2990,3050,2942,2927,2946,2947,3059,2943,3050,3017,3015,2995,2995,3082,2979,3128,3015,3126,3061,3009,3050,2987,2950,3055,3016,3035,2922,2953
154,1540,right,3064,3027,3139,3188,3068,3063,3035,3043,2971,3056,3042,3047,3013,3160,3148,3023,3009,3102,3117,3029,2862,3034,3059,3095,3114,3073,3004,3029,3074,3000,3099,3086,3291,3212,3249,3360,3292,3238,3245,3259,3276,3174,3275,3238,3207,3184,3390,3193,3195,3295,3296,3180,3247,3305,3204,3316,3217,3241,3223,3366,3294,3199,3322,3249,3122,3123,3109,2970,3061,3099,3080,3099,3120,2986,3171,2976,2977,3034,3106,3015,3118,3235,3097,3016,3190,3088,3094,2953,2976,3101,3184,3107,3066,3095,3019,3178
155,1550,right,3117,3026,3058,2944,2928,2983,3187,2991,3124,3122,3188,2949,3128,3096,3006,3051,3036,3046,3002,3060,3065,3046,3084,3080,3052,3078,3135,3161,3098,2970,3074,3145,3131,3289,3366,3153,3174,3248,3220,3173,3220,3205,3326,3186,3192,3287,3285,3215,3230,3271,3170,3264,3253,3297,3253,3293,3296,3288,3158,3227,3243,3293,3230,3242,3066,3082,3071,3043,3014,3022,3163,3076,3083,3050,3009,2984,3000,3054,2958,3113,3067,3089,2951,3038,3157,3173,3038,3025,3097,3098,3106,2991,3251,3035,3046,3021
156,1560,right,3162,3107,3026,3115,3202,3057,3084,3188,3112,3116,3198,3130,3129,3083,3254,3109,3086,3084,3200,3082,3081,3022,3199,3018,3205,3201,3064,3108,3130,3099,3126,3141,3298,3310,3272,3339,3341,3337,3369,3296,3317,3214,3247,3396,3330,3295,3370,3329,3362,3347,3302,3248,3302,3379,3340,3256,3340,3192,3323,3293,3208,3209,3274,3191,3215,3267,3144,3231,3222,3141,3153,3145,3201,3112,3077,3251,3151,3155,3229,3114,3092,3158,3110,3131,3076,3088,3096,3174,3129,3109,3017,3056,3264,3140,3192,3050
157,1570,right,3247,3127,3193,3199,3155,3068,3179,3160,3030,3187,3111,3204,3205,3140,3203,3114,3288,3221,3202,3273,3214,3133,3109,3124,3141,3067,3155,3189,3258,3157,3139,3211,3329,3331,3468,3429,3351,3417,3351,3447,3375,3398,3328,3397,3449,3323,3388,3410,3318,3418,3392,3419,3295,3421,3395,3361,3440,3376,3358,3382,3246,3326,3252,3330,3048,3089,3149,3196,3129,3103,3140,3274,3168,3134,3133,3204,3169,3252,3134,3209,3252,3229,3129,3202,3079,3351,3180,3125,3240,3160,3061,3264,3231,3266,3109,3156
158,1580,right,3018,3166,3168,3199,3162,3115,3144,3093,3062,3247,3142,3179,3141,3083,3100,3161,3163,3094,3111,3112,3095,2929,3119,3077,3051,3106,3089,3005,3066,3078,3146,3146,3291,3309,3340,3250,3304,3319,3320,3258,3378,3441,3340,3307,3345,3267,3388,3373,3261,3400,3302,3351,3248,3329,3406,3306,3185,3348,3409,3259,3218,3317,3216,3357,3195,3211,3123,3158,3040,3104,3176,3048,3081,3084,3029,3064,3009,3210,3202,3124,3061,3080,3097,3021,3114,3093,3204,3190,3123,3064,3238,3076,3098,3047,3121,3100
159,1590,right,3296,3178,3171,3310,3215,3201,3294,3228,3269,3269,3177,3224,3273,3225,3247,3304,3166,3215,3135,3233,3285,3218,3210,3178,3295,3245,3339,3205,3246,3314,3157,3116,3410,3317,3350,3452,3405,3346,3517,3367,3353,3457,3519,3364,3326,3481,3457,3420,3550,3312,3425,3480,3406,3494,3304,3334,3387,3408,3359,3362,3383,3391,3327,3375,3259,3292,3323,3369,3278,3202,3215,3248,3220,3193,3233,3321,3281,3234,3266,3239,3300,3229,3074,3163,3264,3207,3317,3282,3145,3233,3246,3225,3353,3162,3254,3262
160,1600,right,3139,3092,3110,3039,3222,3119,3106,3095,3125,3107,3158,3173,3167,3032,2994,3120,3192,3021,3099,3109,3223,3176,3048,3190,3080,3198,3157,3070,3148,3189,3103,3144,3207,3205,3302,3224,3294,3323,3268,3387,3363,3333,3194,3156,3245,3365,3284,3368,3236,3242,3381,3300,3290,3391,3284,3247,3271,3279,3398,3420,3287,3283,3304,3206,3170,3177,3106,3067,3096,3106,3064,3092,3105,3215,3100,2978,3060,3128,3170,3142,3120,3061,3070,3249,3146,3132,3101,3212,3089,3180,3042,3139,3030,3164,3086,3088
161,1610,right,3051,3068,3016,2976,3101,3014,3103,3004,3073,3011,3103,3179,2999,3079,2997,3048,2974,3119,3033,3101,3121,3109,3054,3103,2999,3056,3090,3027,3043,2977,3119,3137,3219,3368,3216,3216,3271,3192,3213,3299,3285,3239,3062,3270,3198,3209,3175,3256,3095,3160,3286,3306,3326,3313,3343,3243,3144,3217,3257,3287,3289,3251,3361,3252,3053,3176,3067,3089,3144,3129,3095,3062,3121,3006,3053,3025,3110,3078,3010,3059,2992,3061,3221,3198,2951,3047,3089,3080,3158,3110,3048,3082,2975,2969,3071,3099
162,1620,right,3092,3037,3112,3075,3216,3064,3097,3206,3185,3160,3048,3226,3139,3116,3090,3091,3130,3134,3077,3146,3121,3254,3166,3233,3181,3104,3131,2976,3104,3136,3191,3110,3086,3136,3255,3327,3220,3393,3266,3236,3251,3217,3272,3123,3266,3164,3272,3213,3243,3192,3255,3248,3262,3257,3231,3232,3297,3185,3123,3241,3228,3195,3285,3385,3248,3165,3205,3300,3092,3271,3323,3267,3277,3139,3216,3245,3272,3115,3209,3152,3124,3158,3142,3114,3239,3218,3167,3237,3181,3242,3211,3203,3195,3356,3207,3222
163,1630,right,3052,3058,3130,3169,3073,3198,3117,3187,3212,3158,3043,3050,3125,3168,3110,3132,3061,3048,3080,3099,3163,3096,3044,3099,3091,3089,3097,3042,3042,3102,3028,3192,3273,3340,3301,3310,3225,3463,3428,3279,3234,3362,3300,3330,3274,3336,3352,3370,3293,3224,3194,3261,3316,3388,3223,3397,3272,3367,3334,3336,3363,3265,3296,3333,3181,3073,3114,3120,2976,3098,3199,3241,3109,3130,3148,3029,3117,2999,3131,3151,3179,3157,2976,3167,3207,3140,3170,3079,2982,3092,3110,3185,3183,3050,2982,3147
164,1640,right,3156,3109,3057,3005,3015,3086,3136,2961,3102,3077,2985,2985,3044,3091,3109,3099,3138,2985,3022,3130,2989,2999,3012,3067,3001,3099,2977,3057,3034,2970,3005,3073,3249,3291,3175,3183,3085,3218,3273,3164,3246,3164,3286,3119,3222,3200,3118,3217,3279,3156,3282,3255,3212,3259,3307,3192,3130,3235,3269,3132,3221,3232,3201,3272,3038,3000,3111,3022,3019,3080,2990,3083,3042,3110,3127,3043,3040,3060,3196,3061,3078,3005,3022,2902,2930,3011,3108,3168,3094,2978,3053,3130,3051,3030,3054,3091
165,1650,right,3139,3110,3148,3273,3189,3142,3112,3228,3127,3106,3191,3194,3274,3190,3166,3113,3253,3115,3209,3194,3251,3213,3273,3241,3302,3165,3283,3181,3187,3230,3295,3201,3173,3098,3105,3070,3104,3065,3024,3114,3124,3176,3059,3138,3098,2964,2974,3124,2933,3030,3158,3107,3072,2997,3079,3097,3022,3159,3022,3000,3141,3026,2954,3031,3086,3092,3061,3170,3051,3112,3006,3026,3043,3058,3122,2981,2988,3042,3083,3013,3004,2953,2953,3031,3015,3016,2836,3045,3108,3093,3077,3072,2972,2862,3070,3059
166,1660,right,3123,3132,3010,3067,3030,2966,3095,3007,3005,3114,3102,3148,3088,3119,3089,3084,3062,3096,3114,3092,3209,3096,3134,3017,2970,3047,3047,3066,3114,3035,3018,3045,3308,3192,3250,3172,3304,3275,3328,3283,3313,3172,3288,3302,3192,3185,3342,3282,3225,3338,3295,3195,3351,3208,3344,3248,3168,3211,3257,3270,3306,3268,3160,3290,3122,3132,3115,3088,3125,3030,3108,3072,3075,3119,3121,3101,3090,3013,3147,3016,3022,3140,3038,3120,3150,3053,3106,3129,2999,3190,3057,3004,3145,3157,3091,3101
167,1670,right,3024,3097,3068,3121,3096,3076,3144,3171,3084,3141,2969,3040,3025,3165,3059,2946,3079,3087,3129,3123,3020,2964,3102,3201,3128,3004,3071,3084,3163,3101,2958,3106,3245,3239,3318,3247,3199,3321,3194,3301,3205,3249,3275,3220,3261,3192,3199,3218,3200,3240,3193,3173,3299,3309,3202,3190,3316,3363,3127,3206,3184,3293,3320,3310,3053,3043,3113,3133,3178,3085,3096,3017,3021,3045,2990,3117,3051,3137,2997,2981,3139,3116,3056,2991,3057,3039,2997,3046,3105,3046,3177,3027,3008,3092,3131,3058
168,1680,right,3057,2962,3168,3134,3063,3022,3082,2972,3109,2982,3005,3129,3139,3048,3017,2962,3028,3074,2970,3009,3105,2925,3033,3164,3054,3113,3009,2959,3044,3033,3034,3044,3295,3325,3214,3247,3227,3190,3272,3289,3194,3249,3153,3296,3218,3302,3205,3330,3283,3289,3256,3225,3186,3221,3219,3288,3220,3246,3188,3335,3238,3248,3269,3347,3067,3057,2992,3038,3003,3148,2993,2945,3070,3005,3056,3022,3085,3000,3144,3091,3102,3065,3122,3040,3041,3055,3054,3055,3156,3087,3033,3087,3090,3161,3120,3075
169,1690,right,3035,3171,3006,3059,3119,3079,3035,3032,3019,3041,3072,3079,3077,3102,3075,2962,3114,3070,2991,3088,2993,3092,3111,3038,3017,3079,3080,3125,3100,3012,3042,2978,3301,3232,3236,3296,3268,3205,3351,3235,3298,3223,3274,3274,3267,3280,3392,3355,3160,3208,3274,3259,3192,3154,3240,3273,3299,3273,3259,3293,3222,3276,3292,3254,3041,3099,3183,3136,3075,3131,3126,3093,2969,3155,3123,3030,3061,3118,3120,3006,3011,3042,3090,3039,3087,3050,3067,3200,3085,3081,3089,2974,3105,2952,3081,3091
170,1700,right,3010,3066,3017,3069,2983,3022,3045,3040,3006,3116,3062,3035,2989,3100,2962,3097,3140,2954,3062,3049,2985,3039,3098,3086,2905,2971,3088,3010,3015,3013,2999,3029,3240,3155,3150,3176,3212,3161,3145,3319,3236,3169,3264,3272,3167,3225,3171,3204,3219,3219,3109,3174,3231,3121,3173,3104,3143,3219,3284,3305,3120,3351,3210,3271,3013,3069,2965,3083,3142,3101,3101,3076,3133,3060,3008,3044,3097,3036,3131,3176,2976,2948,3024,3080,3092,3007,3087,3090,3007,2962,3072,3085,2976,3100,3116,3004
171,1710,right,3241,3144,3187,3210,3214,3233,3170,3164,3145,3352,3215,3147,3147,3251,3193,3254,3255,3288,3189,3268,3254,3130,3120,3178,3240,3186,3276,3185,3235,3188,3210,3185,3362,3445,3360,3460,3294,3432,3506,3493,3403,3369,3320,3424,3411,3340,3347,3301,3367,3431,3384,3364,3427,3495,3492,3443,3415,3334,3386,3263,3465,3294,3423,3272,3187,3280,3301,3109,3184,3248,3144,3156,3213,3146,3358,3228,3197,3208,3169,3197,3164,3281,3244,3231,3208,3150,3319,3263,3203,3206,3170,3259,3202,3188,3160,3210
172,1720,right,3139,3041,3005,2977,2956,2966,3076,3166,3046,3117,3070,3097,3163,3050,2979,3077,2995,3047,2995,3122,3150,3020,2970,3019,2981,3097,2969,3096,3055,3041,3028,3012,3150,3145,3196,3246,3215,3349,3204,3197,3238,3232,3089,3212,3308,3165,3260,3283,3254,3181,3151,3199,3269,3245,3264,3255,3159,3259,3245,3313,3221,3290,3323,3265,3041,2928,2988,3016,3056,2987,3151,3081,3166,3001,3102,3034,3016,2999,2994,2937,3127,3122,2968,3123,2991,3075,2970,3147,3024,3127,3054,3039,2995,3051,3090,3225
173,1730,right,3177,3263,3173,3178,3155,3281,3206,3152,3202,3292,3233,3204,3178,3207,3224,3277,3197,3172,3252,3265,3279,3261,3175,3281,3287,3163,3276,3221,3262,3187,3171,3213,3390,3347,3435,3508,3365,3392,3458,3408,3420,3392,3333,3338,3316,3425,3397,3410,3310,3447,3462,3364,3408,3391,3357,3437,3427,3440,3464,3379,3239,3412,3480,3550,3194,3241,3130,3253,3242,3211,3197,3180,3283,3265,3250,3275,3093,3111,3115,3276,3160,3124,3226,3213,3178,3241,3232,3161,3101,3134,3335,3158,3229,3224,3146,3224
174,1740,right,3025,3250,3259,3207,3196,3153,3149,3146,3224,3216,3274,3067,3325,3188,3174,3229,3157,3139,3272,3294,3095,3204,3186,3270,3127,3254,3259,3230,3137,3178,3241,3166,3370,3391,3297,3341,3347,3345,3514,3415,3350,3368,3357,3402,3280,3438,3365,3200,3379,3526,3476,3367,3208,3394,3318,3422,3467,3466,3392,3288,3410,3296,3497,3425,3109,3154,3156,3235,3253,3183,3170,3289,3255,3141,3190,3223,3340,3251,3216,3216,3057,3226,3200,3208,3187,3188,3292,3213,3273,3130,3067,3132,3162,3252,3152,3194
175,1750,right,3184,3189,3210,3144,3088,3097,3197,3200,3097,3261,3143,3133,3193,3144,3137,3151,3150,3089,3087,3086,3155,3187,3197,3111,3077,3185,3117,3137,3287,3231,3199,3146,3268,3302,3268,3378,3321,3382,3327,3304,3362,3266,3304,3397,3299,3253,3151,3282,3252,3388,3302,3304,3275,3249,3299,3339,3296,3328,3372,3353,3364,3438,3235,3255,3110,3172,3196,3078,3072,3180,3252,3087,3229,3043,3176,3135,3128,3168,3155,3116,3097,3092,3205,3196,3082,3063,3152,3170,3104,3177,3113,3076,3252,3137,3142,3145
176,1760,right,3201,3195,3325,3190,3233,3156,3217,3242,3166,3121,3229,3178,3133,3058,3390,3192,3240,3093,3117,3121,3159,3125,3215,3284,3164,3269,3182,3187,3090,3086,3240,3150,3328,3389,3366,3415,3265,3390,3479,3423,3417,3269,3377,3365,3258,3309,3389,3520,3331,3339,3355,3380,3355,3357,3308,3359,3419,3351,3299,3350,3392,3327,3374,3367,3222,3190,3095,3095,3073,3129,3148,3089,3084,3121,3119,3185,3101,3205,3190,3175,3207,3040,3196,3183,3143,3170,3187,3190,3142,3257,3159,3259,3196,3141,3178,3128
177,1770,right,3091,3126,3042,3110,3078,3070,2989,3187,3111,3153,3178,3160,3069,3129,3275,3013,3117,3063,3070,3067,3313,3146,3256,3136,3176,3211,3102,3152,3104,3041,3124,3165,3228,3258,3304,3366,3358,3222,3389,3303,3172,3258,3412,3268,3322,3328,3271,3300,3241,3253,3204,3302,3337,3214,3204,3290,3344,3181,3306,3394,3250,3316,3296,3263,3233,3149,3119,3080,3057,3139,3042,3104,3124,3317,3157,3069,3200,3067,3118,3184,3124,3072,3102,3173,3149,3083,3091,3077,3116,3183,3098,3141,3234,3229,3181,3172
178,1780,right,3153,3157,3094,3019,3245,3114,3134,3177,3157,3150,3107,3171,3114,3120,3079,3136,3083,3165,3001,3122,3086,3124,3184,3128,3122,3070,3132,2995,3178,2963,3106,3101,3312,3385,3277,3289,3251,3321,3316,3228,3278,3211,3282,3267,3398,3376,3335,3306,3307,3399,3320,3255,3271,3308,3290,3293,3261,3207,3276,3247,3337,3271,3167,3179,3199,3063,3053,3053,3142,3061,3143,3165,3222,3103,3058,3054,3105,3081,3036,3105,3088,3096,3140,3159,3105,3095,3156,3242,3113,3117,3149,3079,3066,3114,3145,3151
179,1790,right,3076,3030,3126,3019,3005,3111,3091,3069,3084,3068,3055,3020,3110,3096,3202,2956,3000,3152,3027,3123,2932,3120,3119,3050,3106,3016,3067,3145,3095,3126,3119,3169,3266,3228,3231,3235,3247,3238,3236,3173,3330,3266,3301,3150,3251,3276,3252,3236,3212,3314,3257,3335,3298,3257,3274,3419,3379,3178,3312,3271,3313,3294,3287,3296,3074,3174,3181,3083,3124,3200,3127,3075,3160,3120,3061,3187,3062,3237,3066,3155,3004,3116,3066,3130,3130,3155,3042,3087,3071,3159,3170,3081,3093,3085,3025,3000
180,1800,right,3038,3038,3040,3095,2995,3065,3092,3076,2911,2971,2901,3085,3002,3040,2962,3126,3108,3036,3068,2927,2865,3112,2997,3081,3057,3037,2978,3079,2990,3131,3128,2911,3273,3203,3153,3270,3267,3179,3182,3230,3248,3262,3183,3211,3190,3199,3147,3280,3143,3237,3176,3257,3189,3223,3246,3382,3151,3279,3106,3228,3198,3128,3244,3157,2993,3086,2951,2970,2940,3069,3028,2994,3075,3013,3083,2975,2907,2985,3098,3086,3076,3012,3041,3001,3001,2932,3099,3071,2997,3088,3009,2992,3114,3050,2941,2923
181,1810,right,3199,3076,3062,3216,3178,3157,3201,3119,3164,3142,3231,3274,3083,3098,3284,3093,3075,3129,3065,3145,3178,3111,3097,3200,3173,3071,3172,3134,3166,3136,3145,3170,3225,3367,3266,3313,3274,3427,3283,3360,3405,3339,3448,3204,3358,3263,3358,3359,3306,3491,3473,3287,3369,3383,3396,3256,3352,3364,3144,3254,3335,3368,3282,3360,3201,3260,3200,3167,3182,3133,3192,3135,3064,3204,3197,3209,3140,3177,3125,3111,3110,3153,3127,3187,3088,3150,3060,3189,3137,3144,3173,3076,3167,3126,3227,3160
182,1820,right,2979,2938,2988,2968,2853,2974,2997,3006,3034,3002,2951,3086,2909,2958,3025,3106,3061,3082,2951,2888,3016,3046,2920,2935,2862,3017,3019,3004,2898,3040,3063,2857,3224,3080,3179,3119,3079,3195,3151,3174,3083,3182,3142,3105,3118,3237,3241,3121,3174,3259,3320,3177,3109,3143,3033,3219,3145,3175,3336,3184,3208,3153,3230,3253,3037,3013,2988,2967,2979,2978,2984,2958,3033,2883,3054,2943,3037,2997,2912,2939,2978,2995,2902,2934,2907,3034,3080,3039,2993,3006,3067,3123,2855,2883,3059,2919
183,1830,right,3128,3246,3107,3238,3210,3161,3162,3118,3097,3172,3177,3197,3240,3237,3223,3139,3208,3187,3217,3252,3036,3091,3087,3062,3075,3142,3050,3125,3040,3224,3130,3091,3481,3405,3251,3432,3318,3276,3351,3245,3348,3337,3301,3376,3292,3306,3271,3380,3221,3334,3425,3361,3399,3335,3347,3340,3358,3446,3241,3280,3310,3279,3238,3275,3178,3125,3166,3199,3213,3136,3168,3168,3147,3259,3183,3158,3167,3157,3272,3197,3230,3038,3122,3062,3214,3194,3233,3187,3169,3117,3161,3143,3024,3239,3160,3179
184,1840,right,3089,3009,2970,3075,3064,3054,3137,3082,3024,3089,2948,3056,3181,3109,3052,3030,3105,3102,3011,3103,3030,3138,2963,3061,3078,3108,3060,3048,3048,3055,3067,3026,3335,3244,3281,3299,3227,3188,3217,3167,3169,3173,3276,3105,3377,3279,3192,3231,3289,3256,3355,3225,3230,3278,3177,3322,3179,3153,3327,3202,3343,3325,3158,3263,3114,3173,3057,3135,3005,2960,3094,3081,3044,2999,3053,2976,3095,2937,3149,3087,3055,3095,3048,3147,3053,3045,3016,3130,3007,3089,3108,3086,3101,3045,3004,3069
185,1850,right,3107,3261,3203,3101,3157,3086,3131,3026,3175,3136,3110,3136,3023,3154,3172,3060,3152,3113,3190,3196,3173,3168,3078,3225,3226,3177,3178,3164,3133,3111,3056,3113,3377,3270,3377,3375,3307,3314,3318,3373,3312,3225,3395,3280,3280,3326,3271,3397,3334,3330,3128,3305,3379,3225,3247,3310,3360,3321,3326,3323,3288,3264,3256,3285,3097,2969,3068,3088,3088,3134,3129,3098,3150,3039,3104,3135,3125,3157,3098,3069,3076,3098,3164,3112,3156,3217,3152,3132,3118,3118,3294,3110,3161,3128,3075,3138
186,1860,right,3107,2976,2943,3052,3050,2919,2974,3089,3092,2954,2953,2976,3061,2963,2989,3004,3005,2926,2983,3058,3084,2993,3140,2964,3080,3066,2973,2979,3063,3084,2986,3087,3140,3219,3220,3180,3222,3299,3218,3223,3214,3302,3127,3139,3082,3186,3182,3254,3150,3234,3207,3328,3189,3287,3276,3167,3299,3031,3191,3138,3161,3157,3238,3237,3001,3101,3094,2954,2978,3054,3035,2973,3063,3021,3081,3046,2981,3040,2923,2922,3006,3071,2865,2971,3070,3110,3040,3106,2952,3038,2970,3000,3125,3109,3054,2997
187,1870,right,3207,3176,3166,3257,3197,3232,3138,3112,3252,3217,3129,3122,3204,3160,3221,3094,3162,3171,3232,3108,3234,3247,3142,3111,3065,3200,3145,3192,3104,3253,3079,3173,3270,3371,3415,3306,3374,3341,3367,3313,3386,3262,3449,3386,3305,3373,3336,3303,3290,3368,3344,3263,3269,3318,3391,3259,3333,3268,3325,3278,3255,3342,3264,3292,3165,3269,3093,3205,3119,3119,3072,2997,3206,3120,3136,3238,3195,3221,3170,3122,3171,3077,3090,3148,3114,3140,3202,3156,3129,3115,3145,3133,3091,3254,3252,3183
188,1880,right,3096,3136,2987,3184,3164,3098,3147,3154,3081,3233,3119,3126,3188,3084,3140,3078,3106,3071,3119,3023,3105,3114,3005,3210,3185,3033,3077,3198,3124,3079,3105,3057,3371,3335,3234,3250,3219,3287,3331,3276,3296,3284,3259,3371,3269,3350,3230,3236,3296,3306,3265,3208,3074,3300,3250,3232,3223,3331,3319,3158,3210,3293,3332,3300,3147,3169,3104,3199,3117,3191,3030,3253,3043,3112,3004,3168,3113,3201,3252,3096,3059,3156,3124,3060,3086,3000,3097,3129,3166,3059,3036,3178,3031,3121,3130,3009
189,1890,right,3202,3228,3181,3172,3183,3176,3230,3047,3105,3031,3054,2997,3149,2997,3274,3064,3134,3205,3127,3121,3139,3277,3110,3155,3240,3068,3087,3212,3176,3087,3043,3081,3223,3296,3445,3345,3395,3353,3307,3342,3348,3355,3331,3343,3317,3345,3322,3374,3277,3330,3373,3416,3335,3321,3327,3223,3310,3360,3471,3330,3307,3223,3411,3258,3045,3065,3200,3069,3118,3059,3275,3236,3152,3069,3145,3006,3152,3091,3097,3188,3165,3256,3277,3052,3171,3101,3180,3101,3158,3134,3012,3234,3140,3159,3160,3161
190,1900,right,3179,3062,3101,3063,3160,3137,3155,3062,3125,3088,3072,3175,2973,3094,3116,3109,3107,3162,3163,3013,3179,3129,3002,3198,3229,3225,3180,3176,3142,3064,3124,3106,3329,3338,3286,3285,3278,3265,3323,3284,3234,3350,3294,3313,3326,3243,3347,3234,3245,3297,3297,3208,3372,3201,3328,3134,3289,3337,3270,3286,3212,3256,3231,3305,3026,3166,3107,3069,3257,3073,3058,3092,3133,3129,3083,3215,3221,3027,3104,3107,3091,3141,3065,3130,3095,3059,3118,3154,3148,3089,3209,3093,3084,3121,3121,3077
191,1910,neutral,3140,2976,3017,3169,3145,3108,3171,3097,3286,3219,3156,3008,3129,3080,3195,3162,3083,2950,3058,3228,3181,3169,3201,3146,3112,3042,3018,3141,3030,3202,3162,3152,3377,3330,3372,3297,3349,3263,3326,3297,3310,3350,3314,3386,3332,3337,3334,3356,3418,3364,3296,3291,3274,3341,3286,3337,3324,3279,3285,3353,3191,3286,3290,3280,3112,3154,3110,3171,3100,3147,3100,3151,3097,3098,3166,3107,3160,3141,3082,3089,3056,3158,3138,3111,3107,3065,3162,3146,3118,3080,3047,3030,3147,3011,3080,3181
192,1920,right,2982,2977,3008,3066,3039,3022,2918,2993,2936,2961,3025,2968,2991,2982,3049,3104,2935,3002,2977,3088,3062,3086,3106,3067,3023,3012,3156,3075,3006,3109,2977,3035,3194,3240,3224,3223,3178,3269,3212,3195,3119,3271,3156,3105,3161,3269,3286,3203,3182,3255,3245,3325,3213,3175,3223,3139,3210,3143,3168,3212,3157,3330,3248,3175,3008,3151,3055,2993,3035,3050,3103,2999,3158,3063,2944,3026,3092,3200,3019,3075,2986,2971,3067,2998,2998,3052,3134,3071,3147,3063,2901,3067,2989,3011,3014,2953
193,1930,right,3047,3042,2940,3136,3090,3040,3034,3061,3069,3006,3013,3148,3110,3168,3112,2935,3062,3096,3062,2963,3095,3021,3121,3235,3137,3071,3033,3026,3075,3101,3013,3098,3188,3173,3238,3230,3329,3292,3261,3167,3118,3156,3170,3210,3242,3261,3283,3211,3234,3315,3199,3126,3236,3327,3272,3230,3267,3315,3246,3241,3273,3190,3267,3231,3120,3071,3053,3196,3197,3052,3077,3070,3100,3091,2943,3077,3019,3024,2999,3064,3117,3051,3149,3085,3102,3030,2980,3093,3118,3129,3030,3128,3163,3122,3091,3100
194,1940,right,3258,3185,3029,3280,3266,3175,3142,3215,3201,3243,3102,3245,3208,3176,3164,3278,3200,3096,3172,3236,3126,3269,3264,3154,3083,3179,3184,3207,3216,3158,3297,3218,3348,3550,3536,3392,3460,3380,3400,3467,3347,3347,3379,3464,3216,3270,3312,3335,3391,3383,3422,3450,3356,3433,3283,3402,3317,3298,3427,3276,3426,3442,3431,3277,3193,3136,3258,3207,3125,3238,3108,3207,3178,3279,3278,3230,3205,3116,3183,3240,3146,3189,3225,3154,3051,3190,3131,3214,3213,3158,3285,3192,3187,3239,3177,3198
195,1950,right,3129,3039,3044,3082,3104,3079,3062,3097,3098,3188,3096,3184,3226,2950,3083,3128,3091,3084,3023,3166,3053,3192,3129,3117,3071,3142,3235,3165,3054,3189,3087,3113,3286,3281,3224,3326,3283,3190,3305,3253,3247,3271,3355,3250,3295,3339,3223,3231,3297,3228,3285,3278,3290,3374,3276,3299,3369,3223,3325,3304,3266,3317,3325,3276,3150,3206,3069,3105,3125,2996,3058,3155,2975,3161,3119,3150,3178,3124,3197,3075,3012,3201,3202,3077,3170,3016,3096,3153,3106,3121,3186,3097,3131,3090,3115,3108
196,1960,right,3200,3132,3163,3116,3243,3090,3239,3136,3172,3165,3181,3155,3259,3063,3159,3197,3217,3197,3211,3137,3108,3060,3132,3205,3248,3238,3071,3214,3174,3149,3185,3159,3323,3315,3448,3293,3372,3342,3329,3369,3328,3404,3364,3325,3337,3285,3313,3386,3312,3397,3344,3356,3346,3329,3464,3478,3292,3416,3403,3402,3276,3355,3337,3290,3077,3103,3146,3257,3207,3241,3171,3189,3301,3193,3097,3204,3113,3291,3114,3063,3251,3289,3137,3177,3202,3150,3116,3072,3152,3213,3141,3126,3150,3078,3127,3140
197,1970,right,3174,3115,2996,3136,3045,3161,2976,3117,3210,3191,3142,3173,3103,3050,3036,3105,3080,3012,3093,3094,3111,3052,3062,3007,3171,3076,3063,3083,3146,2995,2989,3133,3260,3151,3210,3223,3239,3245,3312,3406,3143,3280,3262,3371,3175,3372,3338,3278,3270,3198,3335,3275,3309,3367,3301,3176,3330,3248,3272,3354,3309,3288,3364,3327,3118,3191,3065,3112,3083,3144,3166,3025,3102,3111,3076,3131,3156,3196,3081,3161,3089,3079,3129,3044,3123,3053,3109,3091,3056,3194,3135,3126,3096,3041,3082,3075
198,1980,right,3128,3233,3216,3233,3117,3185,3103,3173,3187,3203,3128,3145,3054,3062,3194,3145,3122,3182,2906,3138,3116,3218,3064,3212,3203,3073,3203,3191,3142,3131,3131,3022,3254,3322,3340,3285,3307,3254,3297,3435,3359,3312,3439,3307,3355,3367,3403,3246,3340,3347,3319,3326,3298,3268,3276,3329,3263,3363,3259,3336,3305,3258,3206,3218,3108,3209,3113,3062,3186,3200,3150,3185,2988,3164,3170,3091,3203,3152,3086,3054,3129,3062,3120,3206,3142,3089,3200,3141,3114,3141,3080,3049,3146,3171,3149,3000
199,1990,right,3156,3217,3112,3228,3154,3230,3164,3213,3147,3162,3255,3213,3239,3261,3072,3259,3198,3110,3150,3207,3178,3079,3122,3039,3179,3193,3066,3144,3135,3070,3121,3191,3402,3317,3341,3343,3313,3327,3292,3351,3381,3362,3376,3389,3295,3276,3396,3403,3237,3371,3334,3360,3301,3436,3406,3273,3344,3392,3424,3510,3333,3422,3272,3378,3163,3111,3206,3088,3157,3071,3072,3135,3134,3160,3234,3001,3133,3232,3148,3093,3190,3131,3096,3185,3132,3113,3166,3089,3118,3246,3091,3123,3150,3239,3130,3185
200,2000,right,3063,3170,3044,3219,3111,3004,3094,2978,3117,3104,2974,3165,3077,3195,3164,3077,3138,3047,3081,3065,3249,3140,3144,3170,3104,3087,3045,3055,3103,3192,3223,3129,3223,3331,3349,3199,3273,3241,3293,3304,3332,3333,3194,3363,3336,3399,3349,3351,3303,3317,3323,3227,3199,3270,3234,3283,3205,3317,3364,3192,3229,3265,3346,3315,3011,3184,3203,3183,3038,2968,3078,3146,3103,3148,3031,3183,3238,3095,2979,3254,3165,3079,3066,3067,3153,3158,3130,3142,3036,3010,3170,3054,3144,3020,3096,3188
201,2010,right,3203,3194,3205,3159,3259,3099,3149,3116,3297,3152,3181,3182,3151,3189,3156,3139,3228,3050,3150,3181,3181,3144,3110,3186,3217,3191,3217,3168,3178,3209,3097,3157,3307,3305,3344,3300,3320,3329,3437,3347,3346,3375,3351,3340,3375,3393,3450,3400,3302,3333,3357,3477,3392,3298,3484,3331,3302,3317,3368,3413,3348,3383,3457,3376,3165,3249,3089,3230,3140,3173,3076,3176,3251,3185,3134,3127,3322,3197,3155,3186,3245,3221,3239,3266,3197,3168,3129,3226,3198,3183,3069,3189,3191,3187,3168,3170
202,2020,right,3254,3145,3146,3151,3092,3099,3088,3084,3167,3097,3093,3099,3114,3085,3005,3085,3132,3080,3036,3037,3203,3119,3239,3016,3073,3102,3073,3079,3161,3163,3097,3035,3368,3329,3214,3303,3256,3355,3276,3276,3384,3267,3344,3246,3318,3305,3209,3262,3267,3300,3218,3287,3239,3335,3350,3318,3170,3352,3273,3228,3307,3241,3348,3200,3088,3049,3102,3040,2969,3133,2952,3064,2982,3095,3052,3051,3153,3041,3034,3082,3055,3020,3117,3145,3086,3174,3126,3012,3144,3096,3177,3056,3092,3172,3098,3107
203,2030,right,3158,3155,3127,3127,3145,3364,3110,3084,3184,3185,3170,3049,3280,3237,3035,3148,3095,3140,3099,3102,3131,3106,3306,3190,3110,3163,3208,3042,3109,3180,3161,3211,3255,3375,3283,3375,3397,3316,3348,3378,3303,3391,3350,3352,3442,3260,3263,3325,3281,3272,3287,3357,3339,3321,3329,3367,3285,3198,3380,3329,3283,3349,3289,3253,3161,3006,3149,3073,3090,3316,3108,3228,3211,3127,3205,3109,3167,3168,3114,3155,3194,3235,3172,3229,3144,3166,3041,3161,3108,3117,3135,3221,3053,3155,3216,3144
204,2040,right,3068,3196,3065,2990,3166,3091,3198,3101,3030,3152,3159,3085,3124,3181,3080,3214,3028,3147,3038,3182,3212,3158,3149,3155,3197,3161,3184,3132,3119,3139,3001,3151,3300,3227,3294,3311,3221,3259,3392,3292,3333,3181,3343,3441,3314,3331,3243,3414,3276,3283,3313,3282,3374,3218,3369,3243,3221,3243,3315,3311,3260,3114,3413,3306,3130,3077,3120,3211,3072,3143,3088,3069,3083,3154,3133,3042,3167,3100,3156,3140,3216,3067,3142,3157,3100,2961,3080,3077,3097,3076,3013,3113,3172,3044,3089,3137
205,2050,right,3233,3200,3246,3240,3180,3227,3248,3212,3189,3288,3173,3225,3342,3159,3155,3152,3244,3252,3267,3247,3203,3200,3231,3213,3213,3215,3326,3254,3262,3283,3266,3284,3401,3410,3392,3396,3420,3396,3435,3423,3248,3369,3379,3437,3353,3491,3347,3394,3286,3386,3334,3498,3307,3338,3429,3425,3426,3419,3393,3370,3442,3332,3321,3303,3242,3278,3272,3273,3236,3145,3199,3326,3166,3294,3156,3292,3301,3314,3111,3228,3246,3304,3230,3245,3290,3225,3272,3360,3239,3187,3273,3199,3192,3198,3240,3188
206,2060,right,2963,3118,3136,3043,3198,3172,3184,3140,2993,3101,3158,3156,3173,3056,3172,3172,3010,3137,3106,2990,3148,3003,3047,3095,3196,3126,3016,3102,3062,3070,3067,3192,3272,3259,3322,3253,3189,3313,3298,3301,3227,3165,3349,3293,3329,3254,3249,3189,3319,3258,3233,3282,3301,3227,3227,3377,3324,3236,3250,3285,3166,3287,3255,3320,3260,3056,3060,3059,3165,3041,3126,3046,3011,3165,2975,3133,3059,3066,3102,3117,3051,3091,3068,3014,2954,3117,3106,3013,2997,3123,3126,3120,3076,3185,3098,2948
207,2070,right,3022,2995,3036,3089,3156,3042,3059,3078,3053,3089,3048,3059,3002,3007,3176,3036,3105,3084,3031,3035,3062,3084,3224,3139,3092,3092,3227,3115,2995,3248,3088,3062,3179,3291,3238,3204,3241,3280,3305,3306,3340,3297,3265,3341,3213,3277,3144,3159,3241,3205,3216,3150,3270,3364,3300,3354,3302,3253,3254,3206,3139,3260,3250,3200,3054,3108,3106,3067,3166,3006,3068,3041,3122,3149,3159,3060,3097,3148,3054,3096,3042,3174,3005,3105,3112,3003,3107,3045,2956,3127,3258,3024,2992,3148,3053,3120
208,2080,right,3349,3196,3138,3265,3172,3168,3258,3254,3010,3236,3128,3330,3136,3168,3164,3218,3216,3151,3207,3121,3077,3168,3169,3076,3283,3110,3211,3149,3157,3202,3150,3143,3433,3286,3260,3390,3299,3326,3296,3365,3345,3279,3341,3415,3418,3347,3373,3368,3423,3337,3423,3309,3467,3410,3335,3304,3355,3382,3362,3391,3487,3417,3370,3371,3146,3164,3028,3254,3229,3110,3161,3119,3208,3153,3195,3170,3125,3151,3178,3124,3150,3160,3142,3163,3188,3165,3205,3206,3091,3244,3054,3172,3158,3162,3169,3072
209,2090,right,3076,3094,3137,3112,3154,3087,3059,3211,3047,2995,3107,3103,3096,3103,3155,3291,3081,3278,3080,3215,3133,3213,3072,3024,3114,3157,2999,3051,3127,3135,3111,3142,3248,3380,3346,3182,3361,3335,3302,3332,3347,3228,3320,3291,3290,3237,3290,3312,3331,3180,3359,3346,3335,3326,3316,3279,3246,3335,3195,3309,3262,3259,3282,3339,3138,3147,3095,3059,3119,3151,3031,3171,3153,3063,3089,3168,3096,3053,3072,3127,3064,3140,3096,3088,3141,3214,3174,3104,3141,3254,3138,3121,3203,3118,2938,3034
210,2100,right,3140,3039,3056,3107,3033,3048,3037,3074,3081,3215,3087,3006,3091,3014,3011,3120,3062,3070,3129,3092,3172,3162,3004,2999,3055,3158,3095,3085,3047,3091,3001,3125,3210,3338,3329,3192,3326,3376,3408,3344,3249,3212,3314,3229,3220,3232,3303,3277,3232,3281,3258,3233,3252,3280,3052,3277,3272,3301,3232,3284,3205,3342,3293,3242,3186,3137,3070,3210,3072,3102,3044,3166,3011,3136,3158,3020,3150,3025,3023,3126,3168,3018,3007,3131,3054,3067,2977,3177,3037,3053,3086,3066,3088,3098,3039,2934
211,2110,right,3153,3029,3120,3107,3274,3118,3065,3124,3025,3061,3064,3080,3098,3126,3231,3061,3120,3106,3036,3053,2971,2954,3138,2994,2984,3117,3167,3062,3123,3151,3065,3099,3321,3379,3203,3115,3265,3263,3218,3196,3257,3215,3335,3235,3334,3247,3233,3220,3273,3239,3346,3188,3329,3224,3317,3286,3298,3196,3355,3345,3231,3321,3369,3340,2965,3161,3148,3111,3015,3161,3055,3002,3162,3068,3107,3009,3120,3068,3106,3060,3109,3219,3032,3123,3047,3124,3124,3179,2972,3091,3062,3171,3083,2975,3108,3195
212,2120,right,3123,3089,3048,3160,3186,3114,3119,3121,3107,3253,3156,3134,3103,3101,3093,3150,3081,3012,3064,3083,3137,3141,3048,3123,3118,3126,3123,2990,3210,3131,3049,3109,3396,3262,3326,3287,3379,3446,3242,3271,3340,3408,3334,3246,3295,3244,3322,3207,3370,3342,3233,3232,3331,3268,3247,3334,3275,3239,3319,3398,3248,3229,3388,3278,3085,3041,3144,3111,3143,3094,3236,3110,3088,3092,3133,3213,3219,3170,3181,3016,3110,3167,3174,3169,3110,3092,3235,3059,3183,3097,3118,3146,3188,3047,3057,3129
213,2130,right,3149,3117,3086,3092,3058,3090,3094,3087,3146,3123,3174,3112,3074,3036,3160,3079,3112,3211,3151,3049,3038,3152,3035,2969,3135,3094,3105,3172,2966,3138,3101,3102,3379,3357,3345,3257,3267,3322,3280,3290,3241,3370,3337,3331,3376,3414,3382,3329,3388,3280,3198,3343,3352,3261,3277,3313,3093,3301,3413,3258,3334,3362,3401,3212,3153,3134,2996,3105,3021,3028,3083,3116,3145,3049,3099,3146,3111,3079,3133,3096,3048,3158,3083,3106,3178,3128,3229,3022,3113,3193,3121,3111,2959,3259,3162,3157
214,2140,right,3038,3100,3095,3037,3000,3057,3110,3005,3115,2883,3178,3127,3088,3122,3141,3100,2989,3043,3076,3094,2990,3082,3109,3127,2991,3065,3114,3098,3085,3147,3077,3127,3209,3337,3224,3184,3287,3165,3182,3214,3219,3281,3193,3201,3208,3320,3214,3291,3352,3340,3353,3227,3346,3198,3319,3392,3269,3209,3079,3314,3206,3206,3296,3208,3089,3116,3124,3072,3130,3049,3132,3172,3089,3075,3054,3139,3075,3008,3221,3097,3103,3065,3088,3021,3126,3139,3094,3045,3138,2998,3104,3106,2938,3081,3125,3079
215,2150,right,3017,3120,2984,3085,3091,3059,3036,2993,3069,3049,2977,3158,3063,3010,2962,3145,3092,3072,3083,3126,2994,3078,3039,3102,3093,3046,3028,3008,2925,3051,2955,3053,3190,3166,3179,3141,3124,3310,3199,3303,3178,3194,3116,3208,3237,3262,3228,3209,3246,3189,3267,3278,3243,3194,3225,3281,3267,3151,3248,3106,3249,3221,3108,3247,3107,3080,3147,3129,2984,3021,3021,2950,2987,2988,2934,3018,2947,2940,2996,2999,3032,2971,3070,3064,2989,3149,2957,3032,3118,2971,3001,2977,3028,3057,3010,3012
216,2160,right,3139,3080,3064,3036,3151,3209,3098,3176,3131,3150,3148,3168,3095,3164,3084,3241,3203,3097,3013,3049,3124,3261,3200,3200,3111,3104,3045,3099,3193,3032,3097,3048,3372,3447,3366,3373,3349,3193,3347,3317,3419,3337,3422,3374,3225,3289,3314,3277,3307,3204,3322,3325,3397,3252,3261,3386,3331,3244,3292,3234,3385,3303,3293,3311,3179,3102,3085,3089,3057,3182,3157,3092,3021,3230,3151,3080,3194,3072,3195,3173,3137,3043,3175,3144,3210,3100,3085,3209,3219,3165,3130,3077,3170,3053,3042,3030
217,2170,right,3061,3098,3037,3016,3021,3100,3128,3103,2988,3100,3116,2959,3112,3072,3120,3183,3036,3050,3054,2942,3074,3030,3130,2988,3132,2950,2995,3001,3135,3041,3145,3107,3223,3377,3301,3417,3254,3289,3290,3224,3212,3198,3266,3242,3225,3221,3313,3245,3345,3337,3252,3190,3369,3217,3125,3256,3327,3256,3198,3321,3219,3262,3293,3367,3004,3150,2897,3024,3119,3015,3059,3108,3018,3123,3086,3068,3118,3184,3142,3209,3106,3117,3092,3093,3015,3127,3049,2985,3022,3181,3077,3008,3085,3045,3015,3073
218,2180,right,3076,3047,3096,3073,3102,3046,3013,2949,2970,3002,3013,3003,3109,3177,3076,3139,3102,3163,2990,3079,3018,3012,2967,3089,3085,3168,2999,3059,3075,3002,2955,3015,3216,3193,3137,3285,3339,3222,3208,3312,3170,3174,3181,3269,3281,3210,3238,3270,3166,3299,3206,3166,3246,3298,3170,3192,3170,3211,3123,3166,3237,3215,3214,3248,3114,3101,3081,2932,3015,3211,3039,3089,3123,3007,3105,3107,3193,2997,3084,2997,3137,3017,3092,3065,3014,3064,3105,3104,3059,3036,3069,3128,3019,3004,3025,3074
219,2190,right,3166,3104,3114,3020,3108,3114,3058,3229,3175,3071,3149,3073,3097,3088,3239,3118,3091,3124,3095,3111,3184,3218,3121,3123,3146,3098,3090,3131,3097,3131,3077,3085,3178,3379,3233,3266,3292,3264,3275,3327,3305,3239,3297,3391,3230,3242,3345,3357,3344,3249,3291,3369,3280,3324,3368,3475,3322,3267,3303,3277,3257,3191,3234,3396,3085,3119,3026,3041,3136,3177,3111,3145,3221,3130,3160,3027,3108,3044,3052,3164,3103,3031,3188,3126,3119,3138,3140,3079,3182,3171,3047,3197,3134,3150,3134,3245
220,2200,right,3129,3168,3102,3146,3075,3066,3056,2981,3218,3166,3210,3145,3108,3208,3162,3252,3113,3175,3131,3178,3103,3079,3135,3142,3141,3256,3139,3176,3215,3205,3147,3166,3294,3306,3350,3252,3355,3287,3199,3327,3331,3333,3257,3281,3334,3302,3352,3276,3348,3434,3353,3389,3321,3363,3343,3199,3371,3260,3244,3221,3353,3364,3237,3363,3077,3135,3064,3153,3175,3276,3118,3154,3234,3194,3194,3193,3152,3067,3211,3018,3230,3192,3015,3104,3214,3076,3070,3175,3078,3109,3093,3120,3118,3025,3272,3165
221,2210,right,3233,3184,3143,3144,3157,3211,3230,3266,3097,3168,3146,3108,3176,3207,3166,3134,3168,3289,3121,3115,3108,3186,3092,3071,3111,3085,3165,3194,3166,3171,3154,3204,3421,3339,3242,3322,3327,3353,3409,3217,3319,3280,3168,3381,3310,3285,3325,3367,3320,3299,3346,3440,3332,3288,3285,3303,3256,3322,3290,3358,3290,3326,3322,3384,3028,3147,3139,3124,3188,3114,3139,2980,3164,3136,3125,3132,3138,3192,3195,3018,3132,3178,3079,3133,3220,3230,3114,3077,3137,3019,3099,3145,3127,3088,3280,3141
222,2220,right,3156,3293,3187,3248,3214,3204,3182,3214,3142,3220,3343,3228,3248,3156,3195,3291,3008,3222,3176,3153,3241,3151,2995,3146,3244,3180,3153,3222,3171,3127,3150,3087,3294,3390,3421,3429,3282,3369,3230,3456,3422,3451,3444,3354,3323,3340,3261,3306,3372,3286,3261,3429,3299,3217,3254,3349,3323,3374,3376,3461,3406,3348,3319,3417,3099,3083,3116,3236,3173,3055,3127,3171,3160,3228,3255,3232,3169,3182,3125,3194,3223,3199,3254,3151,3279,3174,3296,3179,3161,3118,3231,3132,3163,3134,3092,3180
223,2230,right,3017,3040,3097,3177,3065,3146,3057,3071,3087,3143,3072,3191,3001,3173,3218,3096,3098,3123,3128,3184,3117,3192,3149,3182,3239,3210,3066,3082,3067,3124,3018,3175,3336,3222,3370,3288,3281,3317,3248,3233,3242,3281,3202,3283,3359,3375,3323,3355,3333,3328,3310,3371,3354,3286,3258,3253,3297,3321,3330,3322,3317,3320,3417,3333,3160,3040,3109,3167,3182,3195,3031,3197,3192,3121,3071,3104,3118,3261,3062,3159,3121,3184,3125,3168,3092,3110,3134,3183,3001,3044,3061,3140,3084,3146,3167,2964
224,2240,right,3059,3027,3093,3091,3063,3082,2972,3181,3003,2948,3005,3142,2999,2981,3133,3144,3156,3063,3045,3111,3023,3062,3123,3092,3057,3047,3026,3061,3055,3069,3094,3173,3132,3343,3284,3278,3245,3250,3247,3213,3184,3074,3246,3191,3104,3163,3298,3250,3146,3250,3042,3200,3352,3303,3208,3234,3254,3250,3258,3187,3157,3325,3272,3210,3107,3074,3048,3128,3107,3000,3141,2960,3084,3054,3026,3064,3120,3064,3164,3148,3181,2967,3084,3000,3070,3042,3020,3152,2936,3002,3091,3072,3063,3063,3005,3072
225,2250,right,3214,3142,3003,3153,3133,3234,3209,3159,3152,3106,3211,3209,3168,3099,3208,3097,3296,3174,3131,3282,3051,3169,3155,3185,3174,3099,3274,3101,3078,3114,3204,3163,3237,3337,3438,3319,3328,3295,3392,3347,3316,3304,3298,3413,3323,3303,3384,3339,3350,3398,3283,3236,3330,3298,3292,3336,3406,3403,3295,3373,3308,3389,3427,3318,3087,3101,3212,3129,3142,3172,3099,3176,3158,3160,3099,3232,3189,3222,3039,3111,3165,3150,3254,3288,3167,3263,3178,3207,3162,3185,3046,3068,3177,3138,3234,3178
226,2260,right,3015,3008,3114,2994,3035,3142,3120,3095,3141,3009,3103,3073,3128,3142,3051,3161,3246,3058,3164,3032,3023,3036,3022,3039,3072,3153,3000,2986,3043,3059,3069,3029,3231,3293,3182,3315,3271,3252,3173,3252,3253,3138,3193,3168,3296,3253,3273,3315,3221,3268,3157,3188,3238,3316,3388,3218,3293,3176,3266,3320,3175,3265,3257,3292,2980,3045,3081,3194,3038,3201,3100,3136,3020,3088,3072,3039,3055,3130,3046,3011,3072,3087,3039,2994,3013,2972,3085,3011,3038,3116,3065,3145,3025,3063,3027,2975
227,2270,right,3219,3105,2983,3153,3247,3154,3145,3062,3188,3163,3163,3127,3179,3183,3207,3189,3187,3071,3120,3155,3161,3168,3081,3085,3212,3106,3113,3196,3253,3103,3183,3124,3249,3382,3378,3329,3267,3284,3350,3420,3412,3260,3271,3426,3353,3397,3300,3336,3302,3294,3336,3302,3344,3395,3308,3175,3386,3265,3454,3291,3320,3314,3303,3339,3114,3179,3049,3113,3268,3064,3090,3173,3190,3159,3183,3080,3148,3119,3138,3089,3206,3190,3176,3262,3125,3135,3008,3177,3189,3080,3128,3240,3181,3223,3248,3183
228,2280,right,3145,3198,3130,3150,3090,3191,3112,3100,3089,3038,3123,3058,3044,3053,3130,3113,3188,3188,3061,3119,3058,3057,2974,3083,3026,3120,3123,3079,3110,3169,3213,3230,3323,3325,3287,3299,3430,3272,3359,3308,3385,3204,3339,3349,3305,3263,3384,3347,3337,3271,3316,3417,3292,3329,3311,3294,3289,3246,3358,3315,3131,3303,3224,3361,3091,3089,3101,3098,3148,3155,3039,3029,3188,3183,3251,3167,3126,3079,3121,3049,3068,3168,3074,3077,3154,3091,3220,3112,3139,3149,3221,3145,3058,3014,3072,3027
229,2290,right,3196,3066,3128,3133,3105,3185,3038,3141,3079,3187,3172,3095,3029,3167,3031,3146,3164,3140,3164,3103,3142,3124,2984,3076,3238,3148,3255,3039,3158,3124,3067,3113,3269,3255,3317,3239,3329,3244,3267,3355,3228,3290,3320,3321,3444,3328,3249,3263,3318,3278,3177,3335,3286,3321,3276,3245,3349,3238,3294,3276,3303,3281,3315,3321,3080,3067,3143,3085,3164,3031,3167,3182,3161,3078,3093,3062,3113,3067,3080,3158,3066,3220,3002,3094,3188,3140,3134,3183,3084,3017,3089,3091,3041,3053,3143,3077
230,2300,right,3201,3253,3206,3142,3068,3259,3166,3156,3155,3229,3124,3230,3147,3194,2995,3194,3113,3198,3203,3096,3044,3274,3266,3202,3234,3179,3245,3167,3304,3221,3271,3144,3316,3351,3341,3403,3349,3283,3407,3382,3412,3281,3273,3244,3386,3288,3292,3310,3429,3429,3434,3301,3424,3345,3332,3402,3475,3302,3411,3257,3297,3296,3329,3331,3216,3035,3132,3214,3096,3097,3090,3212,3307,3081,3172,3118,3119,3083,3244,3149,3191,3104,3147,3155,3170,3181,3109,3151,3255,3155,3161,3065,3218,3198,3183,3309
231,2310,right,3064,3159,3033,3091,3149,3085,3052,3109,3164,3119,3166,3129,3297,3122,3216,3112,3117,3179,3084,3038,3053,3131,3142,3169,3021,3075,3140,3085,3167,3020,3122,3134,3189,3311,3332,3264,3372,3470,3403,3304,3268,3282,3300,3174,3315,3337,3303,3341,3288,3367,3229,3282,3324,3287,3304,3325,3311,3359,3346,3295,3189,3240,3435,3326,3114,3104,3160,3184,3167,3133,3151,3056,3058,3014,3069,3092,3109,3060,3150,3124,3110,3140,3079,3042,3179,3173,3124,3222,3103,3096,3076,3115,3180,3156,3109,3103
232,2320,right,3201,3130,3175,3106,3115,3160,3142,3062,3186,3191,3158,3198,3092,3182,3237,3153,3203,3154,3270,3119,3100,3171,3198,3206,3214,3161,3146,3113,3102,3218,3197,3147,3370,3274,3386,3425,3319,3419,3348,3323,3307,3253,3388,3391,3289,3403,3261,3300,3210,3397,3310,3363,3384,3435,3365,3286,3243,3248,3209,3388,3346,3273,3244,3359,3044,3168,3078,3060,3175,3239,3194,3109,3075,3205,3136,3319,3149,3028,3146,3161,3066,3076,3246,3138,3115,3149,3025,3134,3149,3189,3155,3185,3247,3142,3132,3085
233,2330,right,3185,3207,3161,3133,3137,3114,3220,3220,3153,3117,3232,3097,3143,3113,3036,3241,3214,3131,3047,3222,3282,3193,3177,3173,3210,3270,3157,3240,3095,3194,3144,3304,3332,3306,3353,3336,3235,3416,3373,3413,3550,3405,3394,3380,3389,3252,3328,3335,3315,3364,3364,3319,3356,3451,3328,3340,3348,3317,3394,3301,3376,3436,3317,3340,3203,3129,3160,3168,3085,3115,3189,3176,3194,3276,3253,3229,3155,3151,3150,3258,3057,3191,3158,3179,3223,3215,3139,3132,3137,3197,3170,3260,3277,3178,3139,3210
234,2340,right,3198,3158,3212,3060,3128,3159,3067,2993,3064,3131,3112,3146,3101,3175,3083,3023,3145,3131,3120,3160,3078,2966,3038,3002,3068,3186,3198,3217,3056,3044,3158,3021,3324,3386,3297,3294,3287,3250,3331,3277,3375,3318,3234,3206,3337,3349,3356,3262,3310,3328,3293,3375,3306,3251,3386,3298,3315,3294,3230,3285,3296,3230,3204,3277,3125,3206,3082,3159,3149,3090,3168,3035,3091,3050,3095,3207,3197,3161,3121,3060,3144,3199,3071,3040,3143,3007,3189,3082,3113,3038,2987,3107,3066,3134,3126,3145
235,2350,right,3236,3200,3252,3328,3278,3239,3178,3237,3095,3215,3214,3185,3187,3332,3299,3227,3227,3365,3223,3299,3211,3214,3313,3233,3184,3261,3209,3226,3181,3209,3271,3230,3421,3383,3349,3403,3380,3372,3408,3401,3342,3323,3401,3409,3367,3422,3323,3311,3395,3436,3444,3434,3375,3441,3356,3416,3474,3371,3428,3358,3503,3330,3298,3409,3220,3261,3223,3282,3259,3181,3133,3233,3203,3299,3324,3253,3211,3357,3286,3142,3213,3153,3346,3233,3240,3163,3259,3097,3207,3289,3166,3257,3295,3183,3140,3236
236,2360,right,2997,3129,3178,3140,3050,3223,3156,3141,3203,3093,3100,3180,3106,3005,3086,3166,3110,3059,3188,3135,3176,3198,3190,3104,3010,3123,3137,3132,3166,3112,3177,3151,3312,3339,3305,3225,3178,3314,3443,3295,3352,3335,3195,3324,3394,3324,3354,3266,3360,3305,3355,3221,3328,3404,3216,3260,3314,3283,3350,3252,3278,3353,3328,3232,3209,3082,3098,3066,3106,3165,3151,3267,3114,3107,3114,3027,3112,3111,3190,3113,3160,3210,3191,3173,3075,3081,3100,3093,3134,3100,3200,3146,3000,3173,3106,3188
237,2370,right,3045,3130,3112,3125,3174,3067,3069,3037,3165,3118,3043,3059,3141,3061,3131,3072,3112,3192,3109,3119,3093,3065,3163,3298,3104,3127,3070,3129,3135,2969,3186,3209,3320,3423,3270,3267,3271,3407,3371,3240,3377,3295,3278,3293,3351,3323,3240,3284,3219,3235,3336,3182,3150,3263,3236,3274,3296,3367,3289,3210,3346,3333,3301,3155,3183,3144,3177,3156,3116,3191,3051,3017,3142,3192,3165,3055,3072,3076,3121,3150,2995,3053,3175,3194,3076,3085,3026,3180,3160,3142,3176,3155,3210,3118,3209,3177
238,2380,right,3104,3028,3026,3111,3019,3074,3194,2978,3177,3032,3191,3129,3185,2953,3189,3072,3137,3085,3028,3132,3052,3091,3040,3103,3111,3047,3140,3159,3199,3087,3218,3138,3246,3246,3296,3301,3289,3332,3353,3295,3337,3248,3278,3280,3379,3279,3306,3275,3271,3341,3344,3313,3348,3275,3168,3313,3233,3296,3126,3337,3319,3263,3338,3289,3067,3079,3075,3243,3128,3113,3011,3064,3072,3098,3178,3165,3113,3126,3057,2983,3208,3091,3137,3134,3068,3124,3204,3184,3215,3072,3074,3172,3079,3117,3166,3123
239,2390,right,3112,3131,3153,3159,3036,3162,3163,3159,3162,3106,3140,3175,3189,3123,3123,3118,3236,3181,3159,3017,3099,3091,3144,3100,3177,3080,3101,3093,3086,3049,3141,3017,3317,3425,3334,3316,3289,3352,3309,3370,3310,3321,3395,3251,3248,3313,3311,3251,3256,3306,3201,3364,3319,3281,3301,3347,3267,3258,3344,3178,3207,3197,3197,3288,3056,3163,3109,3116,3076,3180,3121,3097,3048,3161,3178,3220,3072,3100,3241,3099,3127,3235,3124,3188,3201,3045,3084,3043,3200,3095,3155,3159,3096,3063,3230,3123
240,2400,neutral,3200,3149,3209,3252,3171,3195,3191,3118,3103,3169,3103,3108,3149,3111,3155,3139,3165,3195,3185,3098,3226,3021,3156,3145,3296,3139,3155,3194,3142,3138,3109,3166,3083,3049,3050,3068,2972,2987,3091,3126,3136,2976,3078,3101,3016,3182,3050,3122,3008,2979,3133,3071,3056,2943,3032,3030,3085,3008,3096,2961,3059,3080,3165,3090,3034,3095,3014,3059,3060,3079,3043,2995,3110,3077,3186,3023,2941,3141,3065,3055,3103,3023,3062,3069,2927,3032,3114,3040,3215,3070,3079,3002,2975,3009,3020,3056
241,2410,neutral,3085,3100,3089,3091,3118,3152,3132,3243,3095,3200,3187,3192,3184,3198,3149,3124,3182,3117,3158,3055,3074,3142,3130,3208,3149,3151,3216,3112,3167,3193,3181,3207,3098,3166,3241,3130,3190,3149,3154,3093,3145,3114,3086,3063,3190,3242,3115,3091,3166,3018,3105,3110,3222,3229,3159,3087,3307,3245,3146,3170,3191,3229,3119,3158,3248,3227,3155,3203,3292,3243,3093,3040,3110,3181,3138,3024,3238,3122,3115,3217,3160,3194,3167,3075,3187,3148,3064,3174,3088,3134,3048,3069,3081,3097,3068,3070
242,2420,neutral,3134,3062,3087,3080,3059,3100,3044,3154,3102,3127,3092,3107,3174,2969,3117,3010,3077,3152,3031,3180,3130,3039,3004,3088,3135,3194,3119,3073,3124,3117,3003,3116,3088,3091,3082,3203,3171,3110,3148,3044,3154,3162,3079,3085,3089,3067,3041,2942,3075,3023,3136,3174,2983,3209,3177,3186,3127,3109,3232,3059,3131,3039,3139,3100,3200,3101,3076,3013,3104,3155,3183,3061,3152,3171,3185,3114,3121,3138,3121,3086,3160,3104,3064,3019,3125,3064,3096,3081,3090,3078,3072,3105,3081,3120,2968,3095
243,2430,neutral,3197,3098,3132,3202,3120,3137,3136,3287,3075,3137,3209,3125,3252,3171,3222,3139,3197,3265,3103,3078,3111,3256,3206,3038,3214,3184,3123,3173,3264,3128,3103,3167,3135,3151,3185,3167,3149,3214,3124,3083,3116,3052,3174,3199,3192,3061,3079,3151,3166,3217,3190,3103,3089,3114,3109,3108,3126,3138,3094,3194,3033,3066,3147,3187,3119,3320,3146,3085,3182,3162,3189,3111,3150,3083,3146,3055,3152,3233,3087,3202,3178,3158,3187,3094,3111,3209,3196,3132,3119,3198,3088,3164,3120,3142,3203,3108
244,2440,neutral,3063,3139,3053,3124,3077,3125,3113,3088,3116,3094,3137,3095,3058,3223,3054,3116,3174,3059,3146,3118,3116,3204,3162,3067,3110,3098,3056,3038,3149,3188,3078,3183,3201,3144,3126,3045,3092,3053,3229,3038,3105,3116,3153,3096,3138,3022,3161,3128,3074,3149,3089,3113,3216,3152,3032,3046,3104,3017,3099,3205,3135,3169,3212,3112,3088,3037,3123,3093,3067,3029,3157,3131,3125,3018,3230,3070,3060,3038,3168,3142,3093,3092,3211,3150,3041,3060,3120,3114,3186,3072,3074,3018,3153,3180,3084,3163
245,2450,neutral,3237,3180,3098,3192,3235,3074,3098,3050,3151,3052,3158,3060,3063,3268,3112,3077,3122,3183,3117,3006,3037,3083,3088,3070,3136,3121,3088,3002,3089,3152,3187,3102,3189,3150,3118,3137,3145,3165,3035,3103,3138,3127,3152,3205,3153,3100,3176,2990,3104,3003,3036,3193,3111,3200,3033,3171,3110,3140,3175,3190,3160,3197,3116,3038,3081,3207,3208,3130,3096,3096,3197,3116,3183,3121,3076,3162,3202,3132,3022,3091,3074,3171,3089,3071,3123,3129,3143,3205,3205,3076,3161,3092,3122,3097,3156,3082
246,2460,neutral,3250,3159,3212,3150,3099,3174,3089,3262,3139,3172,3238,3262,3306,3241,3310,3229,3127,3249,3173,3080,3042,3267,3206,3236,3192,3184,3224,3180,3177,3134,3204,3197,3157,3100,3066,3170,3097,3197,3218,3190,3135,3240,3061,3167,3246,3227,3187,3182,3135,3186,3144,3174,3295,3164,3236,3177,3139,3237,3210,3291,3233,3200,3137,3078,3187,3069,3181,3132,3163,3185,3199,3163,3086,3139,3186,3224,3171,3179,3223,3136,3133,3159,3083,3208,3152,3260,3135,3206,3145,3222,3234,3209,3155,3183,3298,3249
247,2470,neutral,3135,3148,3099,3097,3056,3129,3040,3034,3178,3124,3182,3048,2987,2997,3123,3158,3167,3000,3093,3025,3055,3120,3071,3151,3023,3058,3308,3039,3099,3122,2998,3003,3077,3139,3038,3087,3190,3132,3008,3167,3230,3079,3041,3113,3023,3117,3081,3046,3019,3172,3045,3127,3085,3125,3156,3088,3096,3103,3082,2989,3027,3041,3252,3054,3121,2983,3139,3181,3157,3097,3125,3135,3242,3109,3186,3064,3166,3108,3154,3122,3156,3055,3127,3098,3001,3002,3167,3052,3213,3140,3142,3212,3219,3125,3195,3154
248,2480,neutral,3164,3068,3141,3183,3231,3100,3111,3178,3227,3087,3167,3174,3124,3287,3189,3083,3129,3197,3150,3134,3098,3176,3127,3278,3049,3190,3232,3051,3200,3122,3164,3074,3118,3169,3042,3146,3100,3057,3158,3151,3080,3036,3314,3079,3144,3166,3029,3132,3136,3227,3041,3075,3164,3185,3169,3190,3170,3163,3213,3160,3119,3199,3107,3101,3185,3166,3189,3201,3239,3243,3323,3157,3270,3133,3141,3196,3103,3237,3226,3323,3199,3127,3204,3181,3129,3223,3211,3201,3245,3159,3348,3238,3184,3200,3223,3158
249,2490,left,2933,3055,3085,3224,3082,3053,3060,3055,3112,2996,2978,2988,3185,3193,2995,3058,3016,3043,2938,2958,3046,3054,2964,2931,2986,3014,2969,3027,3003,2940,2952,3032,2923,3045,3220,2940,3130,3046,3104,2969,3040,3120,3021,3053,3129,3073,2987,3015,3077,3006,3143,2977,3024,3030,3037,3000,2961,2991,3003,3057,2952,3096,3089,3038,2925,3031,3029,3043,2992,3033,2967,2987,3053,2975,3019,2967,3133,3085,2884,2998,3033,2995,3031,3166,3082,3106,3038,2978,2993,2967,3079,2977,3051,2974,3090,2964
250,2500,neutral,3078,3034,3147,3058,2996,3128,3087,3174,3076,3064,3069,3074,3138,3155,3147,3050,3065,3107,3065,3019,3097,3182,3170,3174,3093,3046,3099,3122,3163,3141,3081,3087,3151,3107,3161,3009,3069,3099,3164,3181,3075,3153,3117,3033,3163,3186,3038,3127,3098,3111,3068,3032,3180,3177,3126,3174,3056,3007,3123,3138,3128,3043,3117,3102,3101,3052,3067,3144,3010,3063,2974,3101,3104,3171,3094,3211,3007,3038,3165,3018,3203,3057,3131,3203,3113,3120,3079,3171,3077,3145,3045,3075,3117,3057,3035,3195
251,2510,neutral,3278,3168,3336,3089,3178,3143,3192,3151,3151,3232,3207,3186,3138,3193,3140,3244,3114,3149,3228,3154,3047,3291,3225,3126,3107,3221,3218,3042,3198,3311,3098,3153,3130,3191,3217,3140,3083,3193,3158,3187,3176,3139,3184,3135,3230,3221,3216,3071,3255,3210,3201,3082,3233,3118,3163,3193,3222,3183,3121,3204,3071,3070,3138,3251,3115,3175,3175,3121,3114,3190,3095,3138,3223,3152,3285,3189,3157,3035,3138,3241,3122,3168,3146,3243,3052,3384,3150,3177,3133,3254,3233,3188,3153,3231,3212,3119
252,2520,neutral,3179,3211,3220,3076,3106,3249,3192,3129,3129,3129,3119,3069,3131,3153,3076,3201,3228,3143,3167,3126,3104,3130,3206,3075,3221,3227,3194,3226,3168,3111,3140,3127,3105,3201,3129,3216,3173,3183,3129,3176,3142,3235,3098,2994,3095,3095,3200,3156,3203,3186,3096,2986,3241,3098,3192,3115,3168,3229,3194,3169,3208,3112,3096,3125,3187,3059,3106,3054,3166,3220,3139,3241,3179,3123,3176,3096,3285,3112,3077,3080,3184,3222,3146,2992,3133,3151,3170,3233,3108,3125,3106,3198,3126,3148,3235,3098
253,2530,neutral,3161,3252,3114,3212,3139,3208,3137,3183,3189,3221,3223,3100,3160,3070,3278,3170,3217,3210,3095,3153,3214,3133,3148,3056,3155,3202,3132,3148,3123,3240,3241,3153,3075,3155,3216,3242,3155,3216,3193,3090,3277,3206,3137,3167,3124,3114,3195,3099,3216,3208,3238,3206,3168,3203,3145,3161,3107,3128,3152,3092,3128,3094,3192,3113,3089,3115,3182,3201,3152,3164,3111,3231,3191,3150,3150,3191,3133,3152,3169,3277,3145,3108,3256,3167,3200,3254,3092,3220,3202,3139,3008,3110,3222,3195,3147,3235
254,2540,neutral,3131,3084,3060,3153,3062,3064,3128,3100,3044,3167,3011,3150,3174,3044,3108,3146,3151,3050,3075,3042,3128,3000,3047,3012,3172,3045,3084,3154,3127,3096,3084,3202,3173,3156,3152,3067,3113,3102,3075,3166,3156,3113,3056,3104,3172,3064,3095,3039,3068,3144,3122,3056,3113,3098,3113,3075,3147,2978,3125,3072,3019,2988,3105,3164,3178,3177,3176,3147,3170,3144,3051,3196,3115,3179,3091,3182,3088,3106,3223,3032,3234,3119,3160,3025,3052,3027,3056,3148,3062,3026,3109,3011,3098,3203,3176,3095
255,2550,neutral,3162,3074,3054,3139,3232,3091,3096,3018,3157,3101,3067,3155,3224,3200,3169,3081,3137,3198,3082,3153,3205,3187,3125,3141,3145,3180,3148,3157,3180,3060,3176,3127,3134,3126,3184,3117,3160,3152,3195,3239,3148,3133,3053,3211,3102,3179,3064,3135,3115,3245,3193,3259,3232,3163,3234,3210,3178,3175,3204,3171,3307,3177,3080,3132,3113,3146,3222,3173,3162,3265,3161,3130,3131,3216,3122,3103,3066,3128,3290,3123,3184,3185,3234,3126,3146,3115,3150,3160,3141,3089,3207,3257,3283,3335,3206,3098
256,2560,neutral,3176,3141,3266,3245,3120,3168,3119,3194,3228,3228,3089,3151,3168,3121,3192,3253,3159,3140,3151,3077,3159,3105,3161,3217,3179,3165,3199,3117,3155,3101,3198,3118,3138,3161,3094,3202,3199,3180,3140,3197,3146,3203,3028,3128,3192,3197,3201,3100,3211,3134,3098,3243,3093,3276,3079,3168,3231,3139,3245,3126,3160,3202,3160,3212,3252,3222,3324,3228,3117,3175,3256,3193,3178,3207,3246,3304,3222,3198,3335,3289,3287,3209,3205,3257,3291,3260,3228,3202,3208,3198,3169,3165,3279,3213,3369,3265
257,2570,neutral,3132,3005,3032,3088,3081,3135,2943,3143,3079,3024,3123,3048,3032,3074,3064,3093,3032,3102,3000,3081,3037,3024,3121,3077,3040,3108,3042,3004,3020,3009,3108,3022,3061,3093,3089,3111,2971,3080,3028,2975,3065,3052,3123,3027,3090,3074,3220,3111,3072,3037,3062,3175,3199,2947,3045,3085,3121,3219,3003,3001,3021,3124,3102,3101,3092,3088,3102,3134,3078,2967,2972,3025,3050,3095,3080,3097,3075,3058,3118,3116,3103,2943,2938,3042,3088,2979,3078,3034,3048,3115,3048,3094,3065,2941,3059,3066
258,2580,neutral,3106,3127,3250,3175,3119,3002,3109,3121,3163,2988,3021,3190,3113,3095,3232,3196,3103,3081,3174,3115,3156,3035,3259,3259,3217,3228,3129,3191,3257,3209,3129,3236,3164,3123,3243,3106,3125,3168,3228,3141,3121,3340,3106,3207,3175,3146,2989,3240,3128,3115,3103,3197,3131,3261,3225,3124,3116,3043,3160,3290,3165,3097,3066,3062,3118,3061,3188,3177,3100,3013,3177,3195,3104,3155,3237,3101,3285,3094,3121,3108,3166,3127,3053,3172,3168,3244,3115,2980,3254,3163,3118,3146,3188,3147,3136,3189
259,2590,neutral,3246,3138,3356,3177,3243,3226,3172,3190,3171,3305,3235,3370,3312,3225,3271,3232,3212,3239,3267,3269,3223,3178,3193,3280,3247,3209,3241,3294,3211,3212,3262,3256,3241,3101,3133,3273,3157,3088,3029,3166,3122,3152,3067,3111,3117,3102,3189,3041,3089,3160,3095,3294,3194,3180,3252,3226,3180,3176,3194,3048,3213,3207,3159,3126,3130,3129,3177,3132,3197,3292,3225,3173,3127,3188,3215,3101,3211,3159,3189,3137,3126,3189,3115,3135,3169,3127,3132,3229,3243,3064,3133,3138,3146,3153,3149,3193
260,2600,neutral,3311,3294,3347,3349,3282,3335,3333,3156,3286,3315,3369,3373,3335,3256,3231,3310,3185,3290,3311,3172,3392,3358,3275,3223,3244,3242,3277,3324,3345,3185,3125,3212,3151,3208,3146,3123,3171,3064,3092,3151,3117,3133,3069,3175,3136,3192,3148,2993,3126,3182,3181,3138,3113,3159,3161,3193,3167,3216,3311,3333,3160,3147,3256,3162,3069,3119,3210,3119,3136,3224,3205,3211,3117,3135,3125,3116,3114,3253,3091,3075,3150,3178,3236,3079,3070,3203,3214,3163,3201,3252,3291,3196,3274,3194,3119,3076
261,2610,neutral,2952,3026,2934,3072,3036,2983,3052,3085,2970,3036,3108,3061,2981,3011,2978,3097,3023,3057,3069,2992,3033,3010,3050,3056,3050,3023,3089,3103,3044,2965,3074,3053,3003,3066,2962,3047,3083,2985,2976,2859,3053,2886,2990,3026,2994,2942,3043,3064,3029,2956,2914,2928,2975,3010,2993,2959,3067,3141,3042,2968,3136,2993,2909,2994,2993,3054,3020,3092,3002,3152,3049,3078,3073,3002,2982,2976,2982,2945,3013,2946,2899,2990,2979,2985,2964,3051,3066,3056,3095,2933,3054,3058,3105,3038,2996,2969
262,2620,neutral,3150,3142,3129,3212,3153,3165,3093,3090,3175,3085,3168,3103,3051,3185,3160,2992,3171,3232,3171,3170,3204,3047,3100,3200,3258,3123,3120,3093,3225,3153,3105,3080,3050,3087,3087,3083,3219,3086,3191,3106,3203,3160,3253,3152,3113,3199,3201,3087,3126,3113,3142,3141,3147,3163,3242,3142,3171,3160,3213,3196,3154,3147,3194,3130,3146,3148,3211,3143,3219,3191,3187,3151,3195,3266,3126,3052,3241,3228,3210,3129,3123,3095,3044,3112,3128,3118,3101,3030,2999,3115,3184,3170,3062,3126,3218,3211
263,2630,neutral,3120,3268,3203,3166,3058,3134,3132,3201,3161,3174,3030,3191,3121,3149,3175,3145,3210,3091,3065,3065,3139,3270,3149,3217,3127,3090,3168,3231,3168,3100,3107,3154,3037,3200,3053,3257,3148,3294,3174,3166,3297,2940,3131,3214,3133,3137,3045,3172,2977,3086,3171,3182,3066,3161,3084,3119,3049,3163,3190,3073,3184,3144,3177,3195,3267,3292,3081,3272,3133,3239,3205,3109,3350,3183,3225,3218,3240,3078,3255,3340,3197,3181,3229,3270,3151,3197,3182,3268,3262,3219,3159,3178,3133,3227,3230,3247
264,2640,neutral,3113,3052,3128,3059,3046,3104,3000,3120,3062,3086,3054,3081,3047,3130,2976,3123,3151,3028,3075,3067,3115,3030,3096,2924,2985,3096,3088,2971,3009,3053,3191,2981,3196,3144,3041,3127,3078,3114,3158,3120,3005,2999,3069,3075,3079,3139,3102,3103,2967,3065,3174,3089,3004,2986,2980,3113,2946,3010,3032,3031,3094,3102,3130,3035,3056,3058,3164,3154,3009,2962,2953,3013,3085,3115,3060,2973,3058,3137,2977,3100,3031,3060,2997,3140,2984,3135,3081,3135,3118,2956,3170,3044,3046,3040,3044,3085
265,2650,neutral,3025,3157,3153,3143,3079,3218,3174,3117,3156,2961,3068,3112,3119,3073,3253,3045,3077,3031,3219,3107,3120,3041,3152,3018,3168,3135,3099,3016,3090,3090,3072,3080,3275,3095,3113,3168,3058,3032,3045,3030,3115,3072,3120,3057,3066,3013,3060,3058,3148,3071,3181,3054,3146,3154,3230,3034,3062,3051,2932,3067,3031,3093,3063,2988,3226,3141,3199,3200,3115,3109,3112,3068,3062,3130,3029,3029,3045,3132,3021,3095,3133,3114,3035,3192,3104,3136,3059,3023,3138,3148,2985,3005,3123,3126,3167,3017
266,2660,neutral,3059,3108,3254,3077,3127,3051,3085,3192,3078,3031,3195,3130,3182,3224,3324,3180,3210,3115,3232,3156,3117,3190,3194,3238,3221,3168,3041,2989,3262,3177,3112,3073,2954,3110,3082,3099,3202,3024,3062,3116,3094,3166,3207,3042,3220,3093,3079,3177,3186,3087,3218,3214,3112,3208,3168,3132,3149,3144,3233,3112,3176,3138,3167,3180,3081,3263,3210,3124,3085,3132,3257,3171,3161,3227,3227,3256,3218,3041,3059,3020,3099,3184,3121,3133,3137,3177,3189,3142,3134,3151,3122,3063,3226,3049,3122,3182
267,2670,neutral,3296,3293,3101,3138,3069,3170,3033,3112,3149,3070,3062,3127,3147,3174,3171,3123,3143,3163,2966,3213,3156,3079,3032,3127,3075,3252,3144,3114,3078,3079,2994,3062,3060,3080,3106,3117,3075,3057,2979,3084,3129,3104,3093,3099,3158,3134,3169,3099,3139,3088,3018,3145,3032,3154,3126,3071,3084,3092,2950,3095,3102,3107,2961,3073,3063,3195,3008,3143,2976,3169,3065,3093,3101,3027,3152,3038,3046,3074,3134,3204,3155,3023,3117,3000,3186,3059,3114,3158,3158,3043,3062,3153,3077,3090,3153,3123
268,2680,neutral,3061,3058,3081,3186,3037,3010,3175,3062,3129,3124,3102,3066,3021,3098,3033,3216,3060,3115,3099,3105,3127,3132,3082,3155,3099,3148,3163,3054,3129,2998,3159,3186,3021,3084,3071,3127,2989,3111,3102,3178,3025,3162,3110,3146,3194,3030,3083,3106,3056,3137,3064,3057,3028,3020,3114,3110,3221,3045,3139,3092,3037,3142,3051,3075,3167,3152,3090,3147,3069,3176,3105,3170,3106,3078,3096,2926,3107,3159,3029,3028,3170,3054,3155,3082,3099,3057,3099,3092,3001,3091,3090,3091,3111,3173,3031,3084
269,2690,neutral,3154,3147,3092,3124,3281,3164,3133,3134,3208,3135,3108,3112,3127,3071,3127,3189,3059,3234,3056,3120,3111,3074,3182,3003,3088,3187,3187,3177,3161,3148,3035,3175,3104,3253,3269,3155,3182,3173,3204,3150,3200,3227,3121,3205,3280,3054,3168,3074,3136,2964,3145,3196,3152,3081,3225,3146,3160,3158,3163,3155,3154,3179,3146,3082,3144,3018,3059,3073,3106,3070,3109,3140,3200,3049,3181,3092,3131,2952,3125,3140,3103,3148,3119,3109,3149,3082,3092,3145,3059,3094,3181,3170,3094,3230,3134,3187
270,2700,neutral,3215,3140,3165,3278,3116,3160,3140,3090,3156,3167,3206,3099,3149,3168,3143,3246,3201,3136,3066,3084,3167,3102,3196,3217,3175,3169,3093,3155,3111,3346,3187,3232,3052,3239,3181,3252,3252,3082,3087,3196,3127,3258,3215,3120,3140,3097,3228,3081,3114,3228,3193,3087,3011,3213,3076,3174,3298,3197,3209,3138,3155,3048,3280,3199,3174,3213,3169,3130,3018,3128,3093,3255,3097,3144,3212,3149,3140,3126,3021,3194,3192,3180,3143,3167,3077,3230,3138,3322,3168,3112,3183,3146,3014,3123,3199,3204
271,2710,neutral,3153,3225,3129,3178,3181,3112,3165,3061,3247,3175,3194,3150,3191,3163,3066,3098,3157,3122,3178,3148,3173,3155,3206,3079,3205,3160,3142,3173,3158,3179,3257,3085,3205,3074,3237,3149,3285,3181,3147,3161,3209,3211,3126,3157,3163,3106,3134,3073,3213,3086,3115,3236,3114,3109,3132,3204,3309,3264,3252,3173,3221,3050,3077,3169,3140,3255,3216,3204,3124,3245,3077,3255,3109,3192,3147,3106,3178,3207,3126,3129,3155,3215,3069,3133,3042,3179,3105,3109,3142,3229,3155,3150,3048,3119,3190,3138
272,2720,neutral,3119,3107,3217,3205,3292,3169,3126,3105,3335,3254,3222,3140,3184,3217,3093,3170,3181,3228,3149,3247,3120,3325,3144,3120,3230,3246,3173,3128,3108,3154,3085,3149,3082,3204,3106,3207,3156,3151,3128,3131,3177,3168,3245,3134,3106,3127,3128,3188,3173,3173,3103,3258,3225,3176,3236,3148,3208,3150,3234,3244,3282,3140,3086,3148,3154,3202,3206,3188,3138,3127,3120,3174,3113,3268,3169,3209,3091,3229,3186,3101,3279,3213,3109,3148,3177,3275,3273,3191,3182,3246,3174,3140,3137,3079,3130,3215
273,2730,neutral,3182,3033,3124,3088,3110,3166,3082,2997,3020,3111,3064,3082,3053,3195,3049,2999,3071,3160,3133,3193,3161,3135,3111,3083,2982,3052,3047,3037,3205,3065,3018,3015,3174,3058,3012,3016,3125,3091,3160,3043,3083,3046,3100,3033,3147,3096,3124,3024,3128,3132,3116,3108,3018,3158,3180,3072,3000,3133,3076,2974,3156,3097,3142,3084,3150,3079,3103,3174,3070,3065,3116,3145,3075,3007,3092,3095,3054,3010,3129,3160,3179,3144,3170,3179,3084,3036,3042,3122,3043,3105,3145,3101,3156,3200,3266,3110
274,2740,neutral,3312,3136,3121,3158,3263,3159,3208,3192,3127,3238,3101,3183,3146,3203,3281,3257,3159,3114,3171,3285,3133,3254,3189,3173,3169,3176,3230,3120,3256,3241,3166,3124,3209,3141,3261,3193,3084,3043,3165,3240,3194,3147,3253,3228,3147,3217,3250,3272,3111,3079,3252,3235,3218,3220,3181,3287,3228,3328,3285,3180,3265,3196,3185,3080,3176,3168,3131,3259,3203,3146,3257,3165,3196,3198,3195,3115,3159,3298,3112,3238,3092,3217,3197,3152,3110,3259,3227,3259,3180,3199,3128,3110,3252,3159,3175,3157
275,2750,neutral,3150,3152,3127,3081,3142,3092,3077,3133,3070,3058,3056,3247,3265,3055,3133,3113,3165,3158,3085,3145,3158,3181,3166,3013,3049,3094,3107,3089,3155,3202,3158,3078,3199,3084,3060,3099,3031,3050,3153,3086,3164,3154,3207,3086,3148,3170,3175,3134,3225,3205,3123,3170,3145,3117,3159,3307,3174,3148,3179,3135,3039,3116,3204,3112,3134,3164,3183,3103,3121,3056,3092,3137,3060,3088,3197,3152,3140,3207,3226,3120,3244,3041,3185,3127,3191,3221,3134,3126,3173,3128,3172,3158,3145,3071,3156,3020
276,2760,neutral,3291,3257,3147,3178,3173,3145,3108,3255,3121,3169,3231,3164,3242,3162,3267,3169,3170,3203,3231,3139,3171,3205,3172,3171,3101,3228,3241,3233,3345,3196,3269,3152,3099,3101,3167,3251,3195,3192,3218,3206,3266,3322,3266,3272,3189,3249,3294,3264,3278,3272,3221,3185,3252,3201,3152,3276,3218,3070,3098,3192,3255,3200,3240,3236,3204,3221,3194,3108,3116,3328,3172,3235,3190,3173,3131,3149,3122,3126,3219,3164,3293,3175,3150,3098,3269,3199,3179,3189,3170,3320,3155,3240,3352,3200,3241,3167
277,2770,neutral,3235,2969,3162,3078,3176,3023,3062,2992,3115,3099,3082,3070,3156,3158,3182,3186,3240,3178,3087,3087,3163,3156,3115,3153,3118,3204,3150,3111,3202,3208,3168,3006,3200,3134,3117,3036,3066,3044,3109,2988,3089,3158,3011,3153,3081,3099,3088,3106,3120,3112,3203,3245,3190,3085,3201,3101,3152,3166,3075,3049,3200,3096,3127,3212,3228,3123,3151,3179,3097,3111,3146,3105,3094,3141,3100,3258,3164,3120,3044,3144,3204,3142,3080,3161,3209,3202,3140,3145,3203,3136,3094,3154,3019,3046,3084,3162
278,2780,neutral,3196,3055,3168,3171,3145,3195,3124,3247,3089,3070,3095,3199,3136,3162,3124,3072,3073,3178,3115,3081,3035,3224,3276,3204,3168,3119,2980,3091,3141,3087,3160,3118,3203,3122,3169,3201,3098,3226,3201,3174,3178,3133,3204,3142,3116,3155,3196,3172,3160,3205,3203,3104,3139,3052,3132,3212,3145,3199,3128,3129,3199,3168,3007,3177,3110,3079,3178,3222,3146,3178,3024,3105,3167,3136,3191,3186,3168,3101,3152,3206,3243,3122,3199,3168,3145,3100,3086,3085,3246,3117,3097,3162,3252,3144,3205,3192
279,2790,neutral,3259,3256,3301,3196,3205,3243,3315,3176,3233,3213,3322,3214,3366,3240,3128,3201,3198,3185,3212,3217,3230,3270,3158,3292,3235,3230,3287,3292,3355,3278,3211,3220,3223,3195,3180,3182,3385,3132,3180,3077,3168,3119,3131,3192,3323,3117,3208,3158,3200,3207,3238,3139,3217,3153,3117,3295,3213,3072,3186,3159,3137,3258,3179,3250,3118,3153,3169,3139,3137,3145,3124,3098,3214,3305,3111,3266,3143,3157,3296,3220,3079,3203,3209,3248,3178,3137,3189,3114,3114,3294,3183,3105,3113,3085,3207,3130
280,2800,neutral,3052,3119,3115,2996,3224,3205,3111,3086,2991,3052,3016,3135,3100,3171,3185,3186,3150,3066,3131,3174,3221,3248,3095,3195,3098,3148,3282,3236,3114,3204,3145,3274,3096,3113,3007,3062,3169,3155,3158,3032,3128,3163,3135,3080,3202,3083,3222,3236,3088,3128,3234,3126,3110,3123,3129,3115,3103,3126,3188,3081,3128,3061,3180,3046,3239,3109,3123,3143,3058,3158,3079,3180,3064,3129,3173,2980,3008,3193,3131,3035,3070,3119,3121,3120,3161,3118,3097,3034,3088,3076,3164,3208,3117,3144,3115,3086
281,2810,neutral,3056,3092,3201,3180,2990,3109,3077,3099,3033,3197,3118,3069,3149,3123,3157,3084,3152,3067,3133,3119,3114,3043,3199,3120,3114,3084,3115,3134,3048,3137,3081,3150,3152,3058,3144,3141,3120,3057,3136,3209,3151,3136,3122,3125,3122,3100,3036,3180,3125,3038,3173,3067,3084,3159,3110,3051,3098,3028,3087,3106,3148,3153,3156,3236,3152,3135,3107,3184,3195,3226,3085,3052,3134,3136,3100,3208,3186,3196,3127,3125,3028,3100,3124,3099,3162,3048,3127,3060,3086,3127,3202,3198,3116,3202,3084,3153
282,2820,neutral,2977,3019,3078,3016,3206,3111,3008,3105,3104,2897,2940,3112,3048,3136,2993,3098,3080,2992,3102,3068,3053,3261,3071,3112,3051,3170,3061,3045,3127,3063,3035,3002,3126,3029,3110,2980,3052,3073,2992,3112,3145,3138,3007,3052,2951,3022,3189,3011,2968,3101,3093,3198,3125,3062,3064,3020,3147,3106,3113,3227,3094,3035,2995,3071,3156,3182,3122,3074,3153,3118,3083,3128,3076,3155,2987,3167,3084,3141,3086,3161,2998,3042,3109,2935,3103,3076,3129,3006,3054,3019,3084,3036,3083,3079,3083,3070
283,2830,neutral,3167,3175,3188,3150,3208,3047,3219,3216,3208,3100,3092,3214,3237,3100,3183,3241,3190,3157,3155,3192,3238,3187,3192,3221,3218,3154,3144,3245,3161,3281,3168,3242,3211,3166,3375,3268,3258,3237,3224,3262,3155,3154,3147,3239,3222,3176,3216,3238,3228,3237,3229,3223,3193,3238,3158,3060,3200,3155,3186,3150,3152,3220,3221,3253,3329,3237,3149,3148,3220,3190,3229,3366,3238,3175,3184,3086,3268,3114,3183,3190,3012,3152,3186,3226,3095,3241,3152,3259,3234,3164,3262,3226,3191,3222,3247,3102
284,2840,neutral,3214,3155,3163,3270,3176,3190,3114,3177,3113,3136,3157,3164,3138,3193,3208,3041,3084,3143,3055,3167,3089,3131,3236,3171,3126,3196,3158,3140,3098,3205,3084,3103,3119,3158,3119,3079,3244,3133,3149,3155,3147,3035,3131,3145,3089,3257,3153,3155,3163,3289,3169,3241,3127,3234,3001,3135,3203,3187,3134,3061,3124,3066,3159,3178,3204,3078,3179,3098,3108,3165,3196,3162,3177,3252,3294,3180,3095,3189,3181,3143,3134,3175,3238,3108,3185,3170,3193,3169,3109,3164,3089,3207,3152,3224,3182,3249
285,2850,neutral,3110,3055,3121,3072,3146,3132,3097,3108,3103,3064,3042,3157,3110,3036,3045,3162,3153,3137,3180,3061,3076,3105,3148,3146,3013,3227,3057,3169,2953,3051,3039,3042,3064,3111,3103,3051,3036,3202,3036,2932,3133,3081,3003,3145,3144,3200,3102,3092,3107,3131,3047,3105,3001,3035,3184,3054,3072,3090,3077,3226,3151,3096,3044,3108,3058,3076,3136,3213,3160,3110,3025,3045,3089,3143,3189,3061,3075,3163,3072,3010,3116,3158,3108,3170,3040,3067,3112,3053,3007,3053,3229,3070,3135,3042,3094,3091
286,2860,neutral,3230,3126,3150,3167,3131,3112,3230,3135,3090,3048,3187,3094,3198,3251,3056,3108,3110,3188,3174,2995,3160,3145,3091,3003,3233,3078,3013,3113,3029,3114,3123,3045,3167,3129,3118,3122,3150,3086,2979,3115,3177,3096,3077,3104,3155,3156,3091,3238,3141,3238,3190,3097,3105,3155,3111,3222,3167,3092,3164,3236,3019,3101,3079,3161,3219,3211,3095,3197,3092,3177,3119,3097,3215,3056,3192,3042,3109,3255,3192,3210,3109,3051,3093,3053,3195,3206,3154,3091,3088,3133,3115,3148,3172,3166,3033,3151
287,2870,neutral,3163,3122,3222,3016,3167,3115,3029,3146,3092,3107,3047,2990,3107,3020,3119,3101,2992,3168,3119,3074,3097,3116,3194,3174,3029,3204,3056,3091,3202,3052,3071,3050,3031,3049,3120,3085,3103,3020,3152,3008,3012,3087,3055,2978,3048,2984,3112,3065,3001,3077,3100,3100,3055,3071,3071,3042,3131,3080,3094,3103,3109,3075,3062,3168,3095,3104,3277,3013,3145,3186,3037,3066,3072,3051,3035,3168,2995,3202,3025,3184,3176,3192,2990,3136,3014,3026,3082,3040,3070,3068,3094,2969,3117,3052,3071,3124
288,2880,neutral,3105,3196,3213,3310,3211,3181,3145,3285,3169,3102,3259,3208,3239,3286,3191,3159,3217,3193,3339,3258,3165,3207,3266,3165,3331,3391,3242,3336,3151,3243,3212,3216,3193,3363,3242,3294,3138,3210,3221,3371,3304,3356,3355,3198,3227,3375,3194,3181,3290,3267,3154,3130,3288,3118,3179,3318,3258,3199,3230,3319,3206,3306,3156,3200,3215,3147,3196,3210,3149,3343,3270,3227,3177,3128,3278,3280,3250,3154,3234,3201,3248,3246,3242,3248,3297,3272,3251,3283,3186,3335,3320,3112,3265,3284,3228,3213
289,2890,neutral,3173,3117,3155,3203,3201,3197,3207,3186,3249,3145,2990,3240,3148,3245,3272,3137,3238,3308,3208,3233,3109,3185,3090,3224,3117,3083,3205,3152,3218,3089,3183,3162,3240,3199,3236,3100,3179,3170,3252,3249,3234,3149,3214,3216,3242,3303,3199,3265,3167,3228,3254,3202,3228,3334,3174,3153,3281,3165,3082,3200,3103,3114,3172,3328,3258,3332,3312,3209,3336,3240,3155,3169,3214,3314,3269,3367,3327,3393,3257,3195,3195,3239,3275,3370,3303,3161,3171,3189,3321,3226,3234,3317,3306,3237,3330,3268
290,2900,neutral,3080,3164,3004,3125,3049,3028,3094,3128,3091,3131,3103,3067,3147,3144,3153,2999,3084,3019,3063,3117,3164,3192,3049,3108,3221,3094,3150,3144,3079,3096,3135,3149,3047,3099,3009,3118,3102,3071,3108,3194,3133,3173,3100,2990,3076,3192,3097,3189,3145,3092,3046,3027,3056,3138,3149,3095,2984,3089,3012,3101,3103,3108,3060,3043,3292,3100,3212,3249,3067,3119,3170,3151,3048,3145,3167,3216,3238,3166,3188,3334,3129,3178,3112,3134,3233,3101,3206,2975,3254,3167,3126,3169,3078,3211,3223,3139
291,2910,neutral,3111,3083,3147,3122,3114,3154,3171,3083,3112,3139,3159,3196,3077,3116,3125,3214,3192,3164,3095,3087,3065,3153,3146,3148,3164,3084,3154,3140,3192,3159,3178,3122,3112,3150,3121,3057,3142,3177,3145,3163,3077,3163,3109,3192,3158,3095,3116,3140,3151,3129,3164,3131,3215,3189,3258,3195,3172,3197,3092,3113,3134,3124,3175,3193,3167,3216,3200,3125,3275,3114,3210,3091,3135,3071,3082,3054,3112,3059,3140,3196,3225,3162,3057,3173,3194,3137,3136,3171,3166,3244,3185,3180,3245,3210,3242,3229
292,2920,neutral,3118,3198,3190,3208,3232,3165,3155,3133,3064,3187,3143,3226,3256,3180,3295,3205,3156,3166,3275,3184,3309,3148,3187,3158,3248,3238,3152,3093,3190,3264,3253,3186,3143,3123,3186,3195,3146,3209,3082,3182,3121,3216,3169,3239,3151,3226,3120,3128,3258,3173,3240,3304,3249,3216,3176,3270,3226,3207,3147,3182,3204,3355,3147,3060,3214,3210,3156,3322,3256,3214,3217,3315,3199,3174,3235,3143,3317,3247,3301,3299,3143,3172,3341,3237,3179,3155,3183,3170,3119,3253,3167,3132,3194,3337,3151,3226
293,2930,neutral,3211,3172,3085,3095,3184,3010,3076,3143,3025,3011,3100,3116,3155,3158,3007,3131,3225,3128,3025,3197,3092,3061,3090,3174,3144,3178,3163,3168,3141,3040,3030,3091,3172,3155,3056,3101,3099,3067,3144,3090,3120,3152,3110,3036,3129,3064,3131,3129,3144,3155,3135,3090,3210,3155,3111,3064,3175,3219,3103,2980,3033,3115,3087,3247,3105,2968,3005,3151,3132,3083,3180,3234,3224,3106,3114,3130,3044,3039,3259,3065,3101,3145,3066,3190,3184,3105,3167,3040,3118,3150,3150,3197,3126,3204,3182,3127
294,2940,neutral,3114,3132,3266,3132,3172,3116,3183,3135,3112,3071,3215,3185,3078,3182,3220,3072,3194,3177,3202,3252,3238,3238,3100,3174,3194,3195,3079,3082,3267,3196,3150,3217,3347,3174,3136,3146,3251,3153,3146,3240,3173,3210,3213,3237,3160,3229,3178,3199,3182,3223,3204,3197,3188,3147,3088,3178,3144,3149,3144,3152,3236,3241,3090,3103,3165,3149,3106,3134,3155,3130,3163,3156,3198,3213,3191,3228,3167,3225,3045,3145,3079,3180,3191,3149,3088,3117,3035,3110,3068,3144,3169,3130,3133,3259,3140,3191
295,2950,neutral,3121,3147,3202,3277,3115,3192,3248,3154,3137,3186,3137,3118,3185,3176,3283,3272,3179,3213,3176,3016,3165,3174,3220,3221,3146,3231,3137,3092,3222,3191,3180,3063,3210,3210,3162,3162,3067,3164,3106,3244,3309,3203,3169,3297,3223,3213,3106,3193,3182,3190,3208,3197,3102,3155,3128,3221,3043,3247,3252,3242,3222,3294,3166,3174,3171,3189,3217,3277,3148,3192,3228,3183,3075,3123,3202,3177,3153,3068,3141,3200,3167,3249,3147,3159,3255,3165,3260,3125,3194,3210,3056,3108,3200,3223,3115,3137
296,2960,neutral,3161,3273,3183,3088,3282,3196,3168,3179,3139,3320,3169,3173,3115,3115,3235,3315,3103,3225,3273,3152,3113,3266,3194,3230,3072,3210,3166,3148,3220,3160,3119,3228,3184,3192,3192,3222,3226,3121,3305,3260,3127,3162,3323,3328,3332,3149,3175,3124,3136,3082,3142,3227,3317,3234,3164,3252,3174,3122,3270,3176,3292,3126,3187,3303,3298,3212,3158,3197,3234,3250,3213,3102,3147,3159,3241,3255,3211,3130,3255,3261,3287,3187,3150,3132,3234,3425,3228,3220,3098,3117,3142,3172,3250,3211,3118,3167
297,2970,neutral,3205,3157,3110,3077,3185,3101,3054,3139,3017,3256,3149,3131,3136,3133,3062,3297,3103,3167,3108,3219,3064,3229,3167,3089,3075,3124,3062,3204,3227,3182,3077,3084,3140,3244,3166,3242,3092,3167,3214,3148,3002,3094,3149,3197,3188,3147,3051,3140,3102,3131,3129,3193,3168,3014,3103,3140,3186,3152,3167,3248,3123,3126,3147,3185,3066,3211,3163,3123,3222,3126,3248,3149,3126,3168,3192,3094,3122,3041,3132,3048,3280,3048,3130,3156,3184,3183,3152,3172,3162,3108,3219,3145,3207,3180,3163,3141
298,2980,neutral,3039,3280,3186,3121,3231,3151,3114,3237,3167,3130,3236,3122,3250,3196,3142,3159,3283,3173,3157,3132,3266,3136,3208,3077,3207,3087,3252,3188,3137,3158,3266,3290,3152,3219,3209,3164,3206,3114,3196,3141,3255,3160,3240,3269,3196,3067,3328,3142,3214,3149,3168,3210,3128,3199,3129,3261,3120,3230,3088,3133,3039,3217,3228,3229,3214,3158,3154,3230,3101,3139,3104,3226,3108,3197,3223,3260,3075,3295,3114,3134,3118,3267,3072,3136,3243,3144,3201,3168,3244,3237,3229,3195,3206,3188,3176,3177
299,2990,neutral,3288,3213,3197,3168,3163,3118,3256,3337,3193,3137,3194,3248,3241,3351,3192,3229,3166,3312,3235,3294,3235,3246,3235,3136,3263,3248,3164,3103,3188,3252,3118,3180,3216,3208,3215,3137,3100,3234,3197,3222,3121,2998,3172,3152,3080,3174,3194,3172,3153,3161,3204,3100,3087,3055,3077,3183,3123,3097,3131,3192,3168,3177,3210,3216,3139,3231,3277,3152,3143,3080,3069,3161,3187,3041,3199,3154,3229,3283,3217,3142,3169,3139,3116,3125,3146,3140,3227,3073,3128,3224,3124,3241,3206,3129,3113,3139
300,3000,neutral,3162,3161,3128,3124,3250,3132,3112,3251,3143,3157,3136,3095,3123,3130,3137,3128,3169,3111,3168,3174,3126,3090,3190,3115,3152,3104,3139,3121,3100,3176,3194,3129,3177,3210,3241,3028,3094,3169,3104,3159,3201,3116,3098,3144,3124,3136,3167,3163,3170,3201,3218,3193,3125,3171,3096,3109,3180,3245,3154,3079,3205,3116,3061,3178,3088,3110,3086,3128,3116,3098,3185,3135,3136,3169,3091,3178,3257,3225,3083,3211,3153,3240,3232,3111,3087,3168,3170,3079,3173,3059,3277,3144,3178,3082,3197,3201
301,3010,neutral,3231,3261,3196,3279,3249,3310,3061,3265,3260,3209,3178,3113,3135,3168,3169,3214,3258,3022,3194,3172,3130,3184,3141,3119,3218,3270,3089,3145,3164,3135,3252,3153,3075,3211,3209,3179,3043,3254,3250,3174,3189,3227,3219,3221,3261,3109,3183,3133,3236,3164,3162,3139,3201,3078,3258,3021,3235,3241,3292,3246,3181,3170,3294,3187,3219,3152,3090,3116,3249,3131,3180,3081,3186,3309,3168,3089,3129,3162,3135,3126,3231,3256,3176,3139,3151,3148,3192,3092,3189,3234,3165,3137,3227,3200,3245,3210
302,3020,neutral,3278,3339,3298,3205,3091,3218,3166,3286,3142,3309,3177,3166,3190,3185,3300,3232,3203,3174,3243,3118,3170,3186,3277,3293,3249,3291,3164,3120,3217,3172,3252,3068,3215,3295,3249,3174,3163,3209,3245,3327,3234,3217,3229,3326,3251,3192,3240,3190,3183,3149,3255,3192,3310,3254,3155,3223,3296,3256,3242,3141,3191,3243,3210,3211,3249,3383,3284,3244,3206,3176,3290,3304,3189,3171,3224,3281,3274,3307,3153,3197,3193,3253,3192,3256,3189,3190,3193,3184,3292,3214,3110,3165,3264,3101,3289,3247
303,3030,neutral,3245,3170,3066,3229,3305,3153,3169,3125,3201,3257,3184,3140,3146,3208,3275,3218,3220,3278,3208,3241,3153,3172,3163,3212,3100,3147,3123,3172,3120,3182,3079,3114,3106,3120,3226,3170,3165,3214,3221,3166,3227,3284,3158,3245,3229,3141,3209,3095,3119,3115,3128,3117,3260,3224,3195,3230,3167,3200,3189,3205,3179,3197,3136,3111,3191,3187,3146,3169,3215,3113,3223,3202,3251,3175,3183,3212,3180,3014,3221,3220,3171,3172,3096,3117,3225,3230,3229,3091,3122,3198,3181,3090,3085,3178,3190,3096
304,3040,neutral,3160,3176,3070,3232,3285,3195,3279,3122,3066,3119,3219,3167,3247,3094,3145,3197,3138,3094,3136,3238,3233,3240,3182,3115,3209,3153,3116,3116,3149,3130,3112,3141,3185,3228,3112,3183,3164,3252,3158,3188,3206,3166,3148,3186,3169,3239,3027,3119,3224,3125,3204,3068,3209,3093,3229,3321,3226,3224,3051,3198,3208,3091,3207,3227,3154,3315,3171,3167,3250,3202,3175,3290,3233,3029,3243,3135,3123,3140,3183,3115,3120,3178,3185,3168,3143,3090,3144,3193,3188,3062,3225,3120,3276,3164,3165,3136
305,3050,neutral,3108,3126,3043,3174,3164,3138,3141,3114,3247,2989,3244,3194,3107,3232,3205,3101,3188,3132,3139,3134,3095,3133,2977,3136,3092,3200,3199,3201,3146,3096,3150,3123,3172,3146,3199,3274,3094,3059,3109,3247,3046,3139,3135,3231,3053,3103,3035,3171,3148,3239,3172,3105,3201,3172,3053,3085,3147,3218,3134,3203,3166,3048,3113,3174,3044,3127,3196,3017,3186,3038,3151,3182,3250,3138,3140,3142,3171,3205,3087,3212,3108,3128,3057,3118,3088,3147,3192,3123,3051,3134,3175,3139,3213,3097,3028,3223
306,3060,neutral,3226,3105,3171,3140,3167,3154,3237,3283,3215,3144,3098,3214,3134,3217,3203,3298,3159,3120,3281,3231,3180,3194,3220,3158,3158,3214,3118,3241,3090,3273,3266,3187,3149,3198,3200,3355,3317,3220,3143,3244,3177,3133,3109,3178,3274,3155,3156,3208,3216,3212,3173,3041,3075,3208,3186,3173,3184,3187,3202,3148,3170,3089,3304,3113,3121,3185,3207,3258,3272,3157,3237,3199,3289,3342,3181,3236,3093,3156,3191,3286,3241,3176,3157,3109,3206,3208,3101,3095,3071,3244,3213,3170,3197,3110,3190,3240
307,3070,neutral,3016,3162,3076,3169,3110,3174,3113,3093,3119,3070,3166,3204,3246,3128,3077,3287,3284,3250,3109,3199,3066,3066,3269,3137,3051,3195,3171,3130,3160,3067,3158,3151,3366,3281,3207,3330,3212,3333,3345,3227,3267,3250,3205,3319,3233,3286,3245,3313,3245,3319,3305,3223,3254,3312,3220,3128,3265,3297,3245,3294,3150,3215,3278,3349,3219,3149,3173,3123,3058,3126,3150,3172,3220,3091,3067,3136,3151,3160,3234,3131,3097,3203,3150,3122,3100,3200,3062,3148,3202,3087,3150,3064,3063,3239,3246,3134
308,3080,neutral,3336,3341,3321,3279,3308,3359,3246,3225,3308,3193,3384,3293,3269,3299,3268,3361,3317,3237,3208,3292,3195,3252,3247,3366,3302,3330,3284,3235,3223,3191,3284,3257,3274,3138,3256,3242,3254,3028,3178,3178,3268,3170,3210,3208,3136,3156,3250,3256,3205,3223,3145,3266,3125,3240,3184,3144,3222,3158,3287,3221,3194,3252,3258,3300,3232,3204,3196,3159,3245,3221,3279,3302,3209,3288,3212,3259,3173,3170,3223,3190,3196,3235,3351,3184,3180,3059,3154,3231,3146,3203,3318,3346,3118,3233,3202,3217
309,3090,neutral,3178,3127,3212,3156,3125,3314,3226,3135,3288,3084,3125,3255,3230,3267,3078,3282,3217,3210,3174,3216,3298,3167,3186,3204,3170,3196,3276,3241,3119,3125,3104,3119,3187,3171,3375,3152,3354,3107,3230,3170,3229,3203,3219,3302,3159,3163,3172,3273,3187,3231,3166,3255,3155,3189,3209,3373,3174,3262,3214,3260,3201,3219,3284,3214,3180,3170,3336,3192,3247,3143,3281,3304,3226,3184,3255,3105,3186,3174,3240,3203,3213,3272,3224,3184,3234,3131,3187,3243,3172,3246,3259,3216,3262,3172,3312,3326
310,3100,neutral,3046,3116,3076,3092,3084,3127,3061,3114,3109,3225,3270,3164,3090,3045,3231,2970,3082,3129,3114,3097,3157,3126,3230,3123,3092,3094,3157,3214,3149,3120,3125,3232,3171,3041,3009,3135,3155,2966,3114,3142,3159,3220,3089,3267,3112,3091,3200,3050,3134,3203,3139,3156,3318,3212,3085,3182,3148,3144,3172,3209,3105,3156,3197,3092,3158,3140,3218,3063,3134,3237,3234,3160,3115,3152,3106,3058,3162,3256,3193,3164,3126,3123,3088,3225,3077,3103,3142,3115,3233,3206,3110,3160,3171,3192,3084,3203
311,3110,neutral,3224,3028,3121,3221,3165,3177,3215,3135,3146,3138,3127,3102,3132,3063,3191,3204,3106,3165,3173,3276,3149,3194,3153,3178,3197,3166,3055,3218,3169,3228,3260,3214,3041,3238,3220,3287,3219,3170,3220,3276,3085,3144,3171,3115,3134,3200,3122,3094,3137,3116,3152,3157,3189,3147,3210,3209,3086,3087,3127,3165,3164,3076,3149,3126,3174,3130,3176,3255,3109,3201,3111,3233,3116,3114,3285,3141,3202,3284,3171,3175,3230,3140,3157,3308,3181,3170,3106,3202,3154,3096,3202,3219,3291,3191,3167,3224
312,3120,neutral,3051,3222,3161,3168,3165,3074,3090,3290,3175,3176,3236,3208,3175,3228,3241,3209,3162,3188,3098,3157,3260,3260,3206,3227,3248,3243,3176,3169,3177,3148,3103,3273,3273,3262,3280,3261,3103,3120,3224,3163,3065,3125,3225,3179,3225,3200,3110,3220,3133,3298,3276,3149,3185,3175,3209,3275,3136,3212,3169,3232,3219,3151,3105,3128,3218,3210,3180,3204,3121,3094,3174,3149,3237,3228,3174,3178,3192,3181,3203,3056,3128,3232,3167,3096,3150,3151,3149,3226,3145,3132,3342,3222,3206,3103,3136,3126
313,3130,neutral,3219,3224,3146,3216,3138,3089,3143,3219,3228,3232,3207,3147,3248,3297,3231,3261,3138,3214,3140,3230,3234,3162,3193,3155,3164,3172,3135,3273,3236,3140,3176,3212,3123,3192,3253,3141,3262,3182,3191,3157,3106,3114,3197,3159,3150,3225,3218,3153,3138,3202,3220,3147,3243,3187,3163,3157,3289,3200,3259,3236,3147,3178,3193,3238,3085,3168,3173,3145,3086,3208,3185,3116,3101,3179,3221,3109,3148,3162,3241,3227,3105,3262,3191,3182,3113,3086,3134,3204,3189,3272,3168,3131,3228,3104,3304,3172
314,3140,neutral,3152,3045,3046,3092,3209,3163,3171,3015,3196,3069,3072,3189,3080,3146,3134,3141,3144,3186,3206,3096,3047,3089,3109,3057,3058,2998,3190,3089,3149,3104,2976,3084,3130,3001,3197,3179,3077,3146,3087,3204,3188,3249,3162,3097,3042,3229,3196,3198,3163,3140,3077,3068,3051,3110,3152,3062,2990,3136,3177,3086,3195,3141,3102,3139,3128,3186,3263,3093,3056,3190,2979,3173,3120,3140,3089,3010,3044,3225,3195,3093,3046,3077,3099,3153,3117,3147,3082,3133,3090,3144,3214,3156,3132,3158,3237,3164
315,3150,neutral,3178,3117,3171,3143,3083,3133,3075,3209,3163,3143,3139,3206,3036,3079,3056,3111,3204,3201,3125,3165,3113,3235,3212,3197,3166,3141,3116,3102,3086,3203,3237,3100,3160,3089,3274,3151,3256,3090,3140,3190,3088,3169,3152,3088,3161,3228,3281,3194,3230,3030,3130,3062,3138,3126,3180,3200,3203,3051,3172,3169,3095,3184,3145,3211,3153,3186,3170,3154,3191,3162,3189,3094,3151,3162,3185,3156,3016,3093,3151,3150,3176,3110,3104,3146,3108,3042,3281,3134,3265,3159,3131,3256,3198,3102,3141,3081
316,3160,neutral,3049,2987,3055,3083,3112,3073,3044,3102,3033,2967,3003,3089,3088,3139,2984,3031,3103,3052,3023,3052,2985,3009,3001,3010,3161,3182,3121,2982,3073,3128,2968,3005,3148,3076,3179,3159,3120,3154,3078,3134,3209,3023,3099,3190,3188,3162,3227,3114,3143,3084,3152,3106,3197,3015,3224,3154,3107,3141,3129,3226,3121,3177,3190,3058,3030,3081,3104,3041,3152,3059,3068,2893,3015,3003,3088,3017,3094,3063,2957,2940,3089,3038,3102,3148,3155,3086,3107,3103,3049,3074,3105,3116,3021,3021,2956,3041
317,3170,neutral,3045,3085,3093,3039,3075,3012,3078,3075,3027,2984,3025,2955,3106,3121,3053,3098,3083,3141,3092,3040,2893,3018,3099,3182,3114,3040,2988,2907,3062,3078,3086,3079,3109,3065,3012,2962,3046,3015,3001,3110,2999,3065,3110,2915,3077,3036,3063,3021,2905,3018,3026,2996,3077,2994,3021,3003,2973,3043,2970,2997,2991,3095,2988,3010,3079,2967,3081,3048,3006,3017,3094,3021,3116,3041,3157,3053,3079,3058,3088,3025,2990,3036,2982,2971,2962,3003,3016,2971,3049,3049,3030,2946,2927,2937,2936,2894
318,3180,neutral,3155,3269,3188,3147,3180,3120,3259,3246,3240,3206,3177,3281,3208,3153,3278,3209,3227,3261,3209,3262,3251,3150,3095,3220,3262,3127,3179,3349,3194,3200,3195,3268,3185,3164,3290,3166,3061,3143,3117,3162,3217,3114,3157,3127,3161,3146,3180,3018,3158,3070,3236,3103,3126,3101,3101,3070,3079,3168,3104,3274,3130,3088,3227,3119,3238,3071,3140,3112,3251,3171,3127,3117,3207,3255,3094,3082,3131,3074,3182,3136,3165,3244,3133,3121,3132,3175,3244,3134,3137,3138,3117,3143,3220,3136,3205,3233
319,3190,neutral,3225,3351,3411,3287,3291,3372,3260,3278,3246,3277,3424,3413,3334,3365,3267,3392,3370,3265,3360,3399,3272,3290,3375,3253,3372,3314,3335,3336,3254,3225,3341,3279,3148,3063,3198,3021,3118,3053,3091,3121,3134,2996,3087,3187,3191,3100,3069,3136,3099,3161,3056,3128,3070,2973,3042,3029,3074,3059,3129,2979,3070,3046,3159,2946,3155,3005,3109,3066,3028,3149,3190,2991,3198,3202,3247,3195,3064,3063,3114,3106,3073,3123,3010,3148,3142,3083,3085,3091,3009,3048,3077,3108,3171,3259,3146,3087
320,3200,neutral,3045,3069,3088,3053,3147,2999,3123,3013,3161,3134,3102,2987,3090,3099,3113,3063,3011,3150,3098,3107,3224,3066,3065,3106,3104,3169,3075,3127,3059,3088,3175,3136,3301,3013,3019,3030,3011,3117,3005,3105,3126,3094,3006,3033,3161,3124,3119,3079,3118,3016,3174,3054,3106,3047,3096,3121,2947,3123,3041,3182,3117,3157,3111,3085,3052,3170,3170,3098,3089,3058,3069,3120,3035,3077,3122,3021,2995,3100,3236,3073,3081,3059,3146,3107,3142,3017,3198,3008,2952,3085,3086,3050,3013,3127,3028,3136
321,3210,neutral,3215,3200,3155,3175,3081,3233,3206,3167,3107,3137,3198,3062,3136,3276,3197,3095,3232,3292,3297,3100,3178,3104,3071,3163,3036,3106,3080,3141,3155,3111,3084,3235,3178,3092,3167,3117,3178,3083,3151,3044,3140,3080,3220,3099,3134,3127,3169,3126,3182,3105,3118,3122,3106,3147,3092,3147,3122,3116,3184,3203,3148,3071,3112,3131,3025,3069,3172,3152,3229,3085,3234,3013,3212,3062,3116,3194,3182,3094,3037,3192,3184,3257,3167,3163,3144,3225,3113,3053,3132,3038,3040,3228,3205,3134,3206,3100
322,3220,neutral,3086,3173,3210,3174,3158,3181,3142,3094,3300,3076,3264,3191,3195,3180,3152,3298,3166,3321,3244,3095,3150,3196,3201,3168,3053,3133,3099,3193,3258,3218,3066,3193,3164,3158,3214,3173,3163,3168,3160,3164,3160,3091,3179,3173,3243,3277,3196,3159,3342,3222,3174,3058,3251,3222,3205,3108,3187,3185,3254,3080,3206,3140,3158,3106,3193,3089,3117,3123,3074,3226,3206,3242,3177,3252,3149,3215,3183,3069,3296,3041,3260,3230,3218,3231,3152,3214,3301,3112,3104,3200,3181,3192,3206,3331,3103,3201
323,3230,neutral,3135,3216,3212,3153,3140,3222,3214,3150,3126,3304,3105,3169,3124,3243,3174,3132,3112,3134,3212,3154,3157,3081,3263,3040,3083,3085,3155,3205,3165,3245,3158,3137,3173,3112,3092,3204,3116,3284,3218,3180,3191,3153,3177,3182,3159,3290,3078,3156,3105,3074,3188,3086,3176,3178,3166,3171,3198,3093,3187,3102,3157,3151,3089,3086,3121,3135,3153,3141,3127,3175,3133,3219,3121,3277,3104,3089,3139,3282,3166,3160,3036,3078,3173,3182,3195,3216,3169,3129,3170,3153,3139,3233,3219,3145,3094,3216
324,3240,neutral,3054,3056,3089,3018,3090,3142,3053,3100,3100,3132,3114,3165,2960,3082,3032,3142,3095,3161,3109,3236,3104,3165,3130,3162,3025,3087,2951,3127,3183,3082,3203,3141,3069,3195,3064,3102,3095,3030,3024,3060,3019,3049,3119,3163,3141,3113,3183,3125,3127,3076,3137,3149,3139,3126,3260,3175,3097,3019,3055,3175,3142,3025,3112,3054,3139,3068,3137,3104,3032,3056,3089,3080,3084,3079,3113,3024,3185,3166,3026,3164,3141,3106,3063,3117,3165,3134,3081,3103,3090,3074,2973,3103,3048,3164,3057,3165
325,3250,neutral,3089,3186,3108,3174,3245,3186,3249,3149,3177,3084,3211,3246,3067,3095,3230,3182,3207,3283,3145,3068,3089,3136,3195,3137,3145,3155,3193,3129,3169,3215,3151,3186,3089,3221,3204,3186,3229,3124,3106,3107,3233,3231,3240,3294,3289,3124,3297,3175,3105,3146,3121,3138,3038,3114,3158,3146,3221,3119,3267,3112,3145,3172,3291,3115,3198,3044,3090,3229,3140,3198,3074,3209,3059,3125,3159,3190,3162,3218,3171,3208,3086,3197,3208,3133,3204,3195,3130,3178,3166,3152,3155,3153,3090,3159,3053,3190
326,3260,neutral,3093,3128,3095,3159,3246,3171,3062,3149,3120,3073,3111,3178,3054,3164,3123,3205,3172,3031,3281,3175,3158,3143,3103,3113,3134,3105,3238,3188,3097,3197,3206,3141,3147,3097,3098,3120,3154,3174,3103,3088,3119,3134,3128,3138,3134,3072,3183,3111,3104,3067,3214,3113,3024,3190,3183,3161,2975,3162,3079,2991,3059,3114,3068,3140,3030,3143,3237,3131,3097,3124,2958,3148,3226,3101,3025,3214,3163,3164,3182,3196,3137,3247,3215,3156,3222,3219,3129,3124,3040,3102,3140,3065,3104,3106,3036,3080
327,3270,neutral,3157,3173,3249,3208,3173,3215,3064,3073,3136,3080,3189,3091,3128,3159,3128,3208,3187,3225,3174,3087,3148,3126,3165,3210,3042,3139,3032,3229,3157,3124,3120,3068,3229,3196,3218,3203,3084,3110,3124,3137,3104,3227,3148,3226,3044,3188,3224,3107,3076,3168,3140,3085,3163,3150,3246,3126,3093,3151,3115,3055,3151,3062,3089,3108,3162,3199,3170,3178,3192,3120,3028,3119,3221,3172,3182,3155,3204,3183,3193,3119,3098,3162,3185,3103,3153,3280,3157,3029,3246,3187,3253,3077,3294,3313,3192,3183
328,3280,neutral,3170,3144,3096,3048,3220,3072,3143,3122,3229,3234,3183,3113,3155,3060,3134,3151,3172,3124,3116,3146,3133,3126,3224,3136,3126,3008,3222,3071,3194,3053,3052,3127,3111,3177,3132,3093,3171,3085,3129,3127,3101,3125,3080,3264,3086,3073,3083,3105,3188,3152,3040,3087,3127,3171,3103,3116,3103,3147,3073,3256,3194,3204,3089,3119,3259,3356,3122,3309,3281,3280,3286,3264,3189,3209,3305,3361,3215,3360,3285,3264,3252,3353,3288,3213,3176,3317,3221,3377,3297,3195,3124,3184,3215,3279,3171,3380
329,3290,neutral,3124,3162,3240,3197,3089,3151,3054,3102,3057,3210,3234,3134,3125,3101,3172,3115,3102,3048,3115,3086,3124,3077,3108,3176,3111,3167,3166,3115,3080,3130,3045,3092,3107,3078,3122,3177,3082,3021,3169,3219,3086,3140,3121,3035,3091,3115,3093,3105,2969,3180,3179,3121,3223,3084,3127,3173,3154,3072,3160,3203,3139,3159,3157,3169,3077,3122,3147,3086,3082,3085,3148,3127,3001,3053,3142,3219,3122,3111,3048,3061,3141,3048,3136,3102,3127,3057,3057,3050,3205,3171,3164,2980,3151,3130,3171,3052
330,3300,neutral,3244,3204,3312,3227,3234,3227,3200,3199,3336,3280,3305,3194,3164,3124,3316,3172,3262,3256,3208,3358,3304,3279,3191,3317,3232,3230,3195,3178,3113,3116,3204,3215,3082,3209,3149,3176,3174,3196,3071,3166,3081,3141,3208,3203,3140,3142,3171,3188,3141,3155,3031,3175,3083,3140,3133,3206,3114,3142,3243,3135,3164,3223,3164,3123,3193,3228,3132,3164,3175,3100,3192,3284,3160,3167,3177,3142,3102,3135,3191,3110,3111,3088,3225,3099,3131,3169,3162,3191,3101,3091,3198,3147,3106,3042,3095,3127
331,3310,neutral,3146,3111,3057,3100,2983,3143,3076,3083,3134,3143,3214,3228,3062,3060,3128,3048,2999,3087,2976,3121,2956,3080,3104,3208,3054,3058,2996,3158,2995,3038,3312,3106,3119,3141,3114,3011,3012,3066,3128,3094,3135,3031,3070,3056,3130,3216,3081,3095,3086,3201,3049,3052,3078,3079,3156,3211,3093,3099,3179,2944,3120,3010,3087,3086,3107,2980,3135,3054,3003,3126,2991,3115,3114,3144,3116,3087,3118,3103,3045,3090,3193,2992,3171,3124,3029,3051,3132,2992,3063,3019,3096,3226,3071,3160,3093,3003
332,3320,neutral,3048,3099,3125,3093,3096,3107,2969,3070,3044,3112,3124,2993,3046,3159,3136,3041,3053,3067,3106,3007,3103,3113,3151,3055,3024,3126,3103,3096,3058,3039,3032,3026,3051,3179,3153,3113,3050,3013,3087,3101,3075,3067,3100,3099,3034,3113,3114,3117,3081,2968,3052,3088,3158,3131,3024,3209,3125,3084,3057,3070,3178,3118,3023,3075,3074,3028,3018,3053,3146,3108,3184,3026,3061,3025,3043,2962,3102,3126,3138,3001,3153,3064,2998,3092,3067,3084,2955,3078,3163,3030,3003,3115,3126,2933,3137,3052
333,3330,neutral,3077,3118,3142,3043,3117,3029,3121,3040,3112,3094,3152,3102,3025,3172,3117,3121,3055,3041,3015,3189,3065,3127,3099,3022,3166,3016,3139,2953,3182,3109,3217,3212,3131,3023,3081,3100,3111,3268,3116,3117,3313,3122,3145,3112,3124,3304,3194,3119,3098,3159,3140,3064,3146,3122,3240,3008,3077,3031,3248,3173,3207,3172,3167,3068,3212,3169,3208,3205,3132,3194,3105,3003,3094,3014,3083,3037,3094,3190,3116,3172,3108,2964,3162,3093,3166,3086,3076,3129,3100,3097,3126,3195,3135,3102,3215,3076
334,3340,neutral,3125,3101,3007,3143,3110,3112,2973,3045,3087,3048,3016,3015,3105,3108,3219,3112,3056,3077,3016,3113,3060,3090,3058,2983,3060,3072,3034,3125,3152,3169,3041,3133,3202,3092,3094,3040,3209,3022,3066,3018,3016,3108,3154,3069,3128,3107,3253,3151,3135,2974,3173,3087,3010,3112,2992,3103,3136,3072,3009,3014,3091,3090,3064,3138,3168,3065,3013,3068,3064,3075,3245,3096,3062,3123,3062,3006,3235,3037,3116,2971,3099,3043,3029,3087,3012,3024,3066,3131,3156,3070,3104,3101,3173,3090,3061,3129
335,3350,neutral,3251,3117,3055,3249,3183,3188,3188,3106,3246,3128,3099,3151,3097,3200,3045,3247,3210,3328,3161,3173,3187,3157,3092,3104,3175,3119,3295,3210,3273,3027,3124,3144,3193,3191,3171,3263,3151,3169,3110,3168,3140,3125,3131,3179,3086,3182,3156,3421,3210,3030,3173,3180,3161,3117,3240,3161,3066,3077,3077,3034,3067,3232,3069,3010,3159,3055,3177,3055,3250,3220,3184,3197,3122,3214,3111,3202,3179,3207,3221,3015,3155,3126,3214,3072,3154,3121,3182,3115,3115,3233,3157,3102,3198,3145,3183,3154
336,3360,neutral,3046,3077,3193,3300,3085,3209,3125,3075,3058,3118,3216,3198,3135,3142,3171,3116,3233,3252,3135,3262,3211,3124,3212,3064,3241,3167,3181,3149,3117,3046,3240,3209,3123,3152,3179,3204,3253,3210,3175,3160,3106,3258,3208,3221,3214,3241,3162,3149,3169,3214,3163,3180,3078,3111,3159,3089,3081,3161,3112,3101,3207,3110,3232,3143,3146,3138,3145,3042,3123,3129,3159,3095,3185,3174,3147,3193,3168,3116,3095,3110,3205,3253,3155,3127,3127,3205,3218,3144,3080,3188,3026,3118,3089,3134,3086,3243
337,3370,neutral,3071,3157,3271,3192,3229,3112,3194,3125,3118,3135,3162,3150,3108,3040,3116,3128,3224,3143,3134,3069,3165,3123,3107,3204,3214,3063,3188,3183,3100,3123,3076,3144,3101,3095,3081,3182,3074,3114,3084,3093,3194,3175,3124,3057,3147,3176,3169,3045,3144,3187,3161,3135,3194,3186,3083,3233,3148,3074,3123,3132,3114,3090,3235,3083,3141,3083,3111,3184,3045,3089,3202,3074,3153,3057,3036,3115,3160,3175,3096,3120,3047,3128,3224,3151,3044,3161,3207,3138,3203,3117,3138,3085,3203,3137,3066,3172
338,3380,neutral,2987,3151,3083,3211,3129,3109,3145,3150,3116,3224,3166,3132,3177,3220,3156,3258,3140,3122,3145,3102,3145,3193,3201,3075,3104,3199,3202,3104,3164,3137,3183,3079,3192,3048,3195,3116,3104,3189,3173,3047,3019,3216,3214,3290,3195,3078,3116,3134,3114,3266,3200,3199,3153,3147,3139,3196,3120,3160,3234,3189,3113,3097,3307,3190,3153,3106,3275,3208,3229,3152,3182,3138,3079,3149,3164,3193,3163,3118,3206,3106,3253,3116,3263,3085,3098,3113,3185,3153,3153,3177,3087,3115,3116,3072,3095,3124
339,3390,neutral,3109,2996,3153,3066,3142,3100,3063,3083,3084,3132,3117,3168,3033,3091,3251,3052,3076,3089,2995,3092,3042,3039,3076,3085,3000,3108,3018,2961,3104,3112,3033,2989,3087,3094,3101,3045,3141,3024,3030,2992,3094,3186,3005,3114,3035,3224,3156,2946,3195,3020,3023,3010,2884,3111,3141,3035,3129,3058,3149,3082,3073,3006,3144,3065,3056,3127,3089,2981,3129,3004,3061,3025,3033,3054,3037,3086,3079,3048,3116,3069,3097,3096,3053,3140,3159,3082,2962,3054,3036,3003,3051,3069,3029,3098,3088,3126
340,3400,neutral,3004,2969,3064,3103,3081,3080,3103,3152,2998,3075,2965,3061,2978,3081,3174,3052,3108,3015,2943,3138,3105,3258,2963,3047,3030,2896,3067,2996,3097,3002,3047,2962,3227,3063,3150,3047,3164,3067,3120,3085,3138,3134,3006,3099,3131,3085,3027,3029,3040,3070,3092,3077,3145,3065,3104,2976,2974,3070,3018,2965,3193,3117,3016,3048,3026,3043,3139,3065,3067,3123,3032,3135,3029,3079,3049,3103,3072,3088,3084,3021,2917,3068,3046,2998,3234,3039,3086,3109,3074,3002,3069,3009,3038,3092,2928,3007
341,3410,neutral,3053,3122,3159,3008,3165,3094,3145,2965,3083,3106,3029,3069,2955,3047,2996,3132,3146,3132,3025,2963,2968,3045,2997,3029,3075,3094,3190,3028,3118,2899,3001,3042,2993,3090,3137,3083,3143,3172,3114,3106,3127,3089,3092,3122,3079,3134,3172,3090,3030,3017,3020,2997,3024,2972,3144,3029,3021,2957,3018,3061,3034,2994,3002,3047,3125,3033,2939,3156,3122,3124,3029,3005,3094,3149,3005,3135,3057,2997,3105,3038,3018,3123,3052,3212,3021,3018,3119,2954,3120,3067,2988,3124,3072,3081,3100,3082
342,3420,neutral,3101,3234,3048,3228,3177,3111,3217,3128,3137,3154,3224,3196,3245,3141,3154,3194,3269,3281,3215,3071,3191,3204,3265,3179,3156,3218,3070,3102,3156,3082,3070,3099,3014,3179,3069,3189,3186,3208,3149,3257,3090,3163,3174,3083,3124,3134,3112,3133,3233,3186,3120,3048,3138,3156,3232,3125,3249,3237,3094,3094,3216,3242,3148,3141,3275,3302,3347,3227,3270,3149,3199,3187,3193,3175,3155,3188,3227,3243,3254,3219,3258,3198,3162,3220,3214,3236,3322,3239,3263,3182,3248,3269,3241,3158,3113,3288
343,3430,neutral,3023,2990,2999,3120,3014,3039,3054,2987,2944,3064,3127,2977,3097,3071,3012,3142,3033,3006,3130,2937,3030,2994,3001,3002,2946,2996,3054,3023,3037,3092,3044,3034,3048,3027,3143,3124,3060,3178,3048,3061,3094,2926,3122,3117,3046,3028,3071,2890,3053,3015,2965,3107,3074,2930,2977,3006,2947,2943,2974,3128,3087,3042,2983,3034,3064,3024,2998,2911,2940,3090,2923,2936,3050,3035,3076,3234,3021,3056,3096,3084,3010,3042,2975,3115,3050,2972,2926,2899,3033,3120,2923,3055,2931,2993,2997,3069
344,3440,neutral,3125,3028,3219,3098,3116,3135,3014,3175,3140,3080,3243,3125,3197,3214,3155,3255,3130,3103,3096,3057,3165,3057,3136,3117,3137,3178,3032,3140,2970,3111,3011,3172,3101,3163,3064,3218,3240,3164,3102,3216,3170,3207,3170,3121,3175,3164,3150,3225,3098,3226,3139,3006,3131,3132,3196,3129,3094,3122,3141,3176,3103,3059,3121,3124,3098,3124,3118,3039,3140,3148,3056,3167,3148,3068,3102,3135,3211,3080,3101,3226,3117,3087,3135,3116,3214,3252,3152,3212,3111,3073,3071,3150,3088,3110,3179,3186
345,3450,neutral,3058,3064,3163,3054,3120,3184,3200,3034,3144,3097,3190,3162,3084,3130,3122,3209,3115,3111,3174,3053,3114,3098,3086,3072,3023,3203,3200,3137,3164,3030,3171,3020,3107,3102,3133,3095,3094,3160,3094,3041,3169,3047,3190,3087,3171,3073,3119,3058,3082,3157,3090,3111,3103,3193,3170,3183,3183,3027,2957,3102,3177,3122,3163,3043,3042,3009,3127,3076,3127,3060,3137,3033,3150,3106,3133,3052,3152,3128,3123,3134,2967,3212,3092,3185,3124,3210,3028,3079,3097,3152,3169,3225,3103,3095,3108,3041
346,3460,neutral,3151,3132,3194,3235,3139,3067,3174,3120,3055,3099,3130,3065,3137,3072,3112,3157,3283,3054,3058,3112,3006,3186,3188,3091,3100,3135,3057,3085,3251,3130,3079,3193,3170,3125,3040,3020,3137,3079,3177,3120,3201,3116,3115,3087,3108,3136,3230,3054,3112,3075,3179,3094,3104,3119,3050,3174,3119,3116,3098,3165,3167,3195,3167,3211,3085,3219,3075,3152,3167,3072,3076,3238,3198,3095,3128,3116,3107,3124,3103,3070,3236,3120,3062,3122,3076,3135,3166,3119,3136,3102,3075,3091,3163,3073,3222,3107
347,3470,neutral,3073,3159,3186,3048,3196,3218,3145,3074,3078,3159,3124,3157,3197,3101,3140,3066,3159,3221,3096,3137,3234,3202,3071,3129,3176,3096,3146,3000,3089,3228,3127,3112,2929,2927,3027,3112,3108,3035,3022,3113,3020,2992,3139,3143,2959,3095,3000,3029,3017,3130,3059,3030,3091,3012,3111,3165,3074,3165,3040,3037,3125,2974,3079,3118,3239,3122,3166,3152,3197,3196,3132,3147,3242,3210,3245,3091,3067,3180,3248,3138,3139,3121,3132,3117,3095,3101,3104,3123,3227,3207,3156,3214,3215,3169,3167,3187
348,3480,neutral,3025,3039,3151,2986,3055,3012,3059,3011,3105,3084,3080,2981,3056,3146,3063,3092,3051,3081,3106,3047,3093,3050,3118,3016,3026,3027,2989,3032,3116,3034,3121,3058,3142,3160,3042,3014,3092,3124,3102,3027,3169,3065,3008,3123,3035,3110,3057,3101,3051,3172,3123,3086,3074,3249,3052,3137,3083,2983,3142,3009,3072,2987,3053,3115,3110,3029,3077,3133,3132,3161,3090,2893,2942,3095,3143,3042,3078,2962,3070,3025,3004,3053,3134,3063,3047,3072,3113,3108,3062,3056,3116,2969,3087,3043,3076,3017
349,3490,neutral,3106,3046,3138,3140,3057,3047,3054,3087,3060,3116,3094,3096,3119,3062,3092,3046,3164,3186,3070,3061,3136,3150,3088,3093,3047,3020,3155,3178,3012,3149,3087,3138,3156,3096,3116,3049,3024,3105,3181,3029,3165,3128,3205,3130,3208,3152,3059,2976,3110,3028,3120,3094,3135,3108,2969,3027,3082,3166,3049,3003,3078,2981,2829,3121,3165,3107,3091,3079,3049,3019,3068,3164,3120,3049,3185,3100,3061,3120,3098,3083,3153,3047,3113,3101,3228,3077,3103,3174,3105,3087,3155,3109,3142,3069,3054,3096
350,3500,neutral,3176,3211,3134,3168,3116,3097,3166,3140,3118,3167,3092,3139,3137,3182,3132,3164,3094,3217,3161,3163,3076,3186,3225,3132,2973,3089,3159,3123,3180,3147,3237,3175,3189,3135,3197,3110,3163,3129,3154,3180,3278,3151,3069,3137,3181,3053,3147,3334,3159,3266,3152,3168,3277,3232,3201,3177,3122,3136,3106,3058,3113,3108,3117,3142,3177,3301,3226,3203,3266,3131,3203,3215,3164,3162,3165,3172,3249,3146,3096,3042,3135,3089,3160,3020,3166,3112,3183,3176,3173,3179,3208,3175,3187,3110,3084,3117
351,3510,neutral,2881,3019,2955,3120,3051,2974,3053,2997,3049,3098,3063,3035,2994,3052,3048,3044,3211,3152,3040,3048,3034,3010,3103,3153,3055,3042,3048,3128,3052,3077,3076,3014,3077,3089,3045,3182,3012,3058,3065,3069,2948,3039,3070,3032,3209,3088,3074,2959,2965,2983,3095,3154,3050,3031,3096,2942,3002,3080,3087,3016,2990,3055,3049,3051,3096,3009,3073,3073,3010,2960,2946,3048,2920,3139,3054,2980,3060,3032,3064,3063,3011,3089,3028,3065,3080,3094,3086,3141,3220,3040,3154,3124,3056,3053,2999,2995
352,3520,neutral,3288,3262,3223,3265,3205,3189,3242,3201,3287,3244,3241,3271,3285,3264,3335,3298,3215,3158,3339,3239,3269,3273,3203,3240,3388,3254,3274,3296,3249,3271,3235,3297,3180,3181,3275,3194,3233,3153,3171,3186,3186,3088,3079,3119,3079,3090,3223,3199,3113,3082,3130,3111,3083,3120,3119,3140,3282,3176,3134,3082,3191,3144,3140,3097,3207,3250,3145,3103,3240,3204,3063,3200,3224,3287,3212,3244,3194,3118,3102,3152,3253,3287,3244,3209,3284,3148,3108,3064,3267,3274,3194,3195,3095,3234,3150,3260
353,3530,neutral,3073,3027,3089,2953,3041,3053,3166,3171,3068,3031,3072,3129,3068,3105,3126,2876,3114,3028,3059,3053,3095,3029,3038,3117,3012,3082,3013,3056,3061,3073,3063,3112,3120,3105,3004,3094,3086,3090,3120,3024,3175,3059,3080,3076,3166,3142,2953,3083,3044,3002,3155,3002,3070,3108,3139,3061,3132,3054,3142,3041,3113,3087,3124,3112,3033,3096,3109,3028,3037,3069,3046,2971,3089,3126,2963,3141,3081,3156,3122,3033,2999,3092,3020,3071,2993,3137,2938,3197,3035,3052,3021,3034,3073,2961,3010,3137
354,3540,neutral,3083,3121,3096,3131,3056,3077,3076,3162,3017,3211,2989,3077,3200,3176,3175,3063,3166,3025,2987,3120,3038,2987,3162,3062,3110,3019,3140,3074,3102,3059,3122,3042,3171,3227,3161,3132,3203,3091,3133,3160,3111,3216,3002,2982,3067,3046,3098,3223,3158,3113,3064,3236,3139,2967,3079,3064,2948,3116,3157,3144,3172,3106,3088,2985,3073,3157,3145,3144,3097,3077,3182,3130,3016,3071,3172,3045,3061,3102,3071,3016,3164,3108,3118,3133,3112,3047,3058,3106,3075,3128,3066,3029,3011,3139,3071,3155
355,3550,neutral,3070,3104,3082,3050,3016,3092,3113,3098,3010,3082,3036,3050,2970,3043,2958,2964,3135,3097,3101,3041,2955,2963,3082,3061,3150,2980,3015,2960,3059,3034,3081,2980,3035,3202,3044,3230,3018,3041,3066,3020,3013,3001,3069,3010,3099,3002,2996,3054,3000,3030,3182,3022,3080,3041,3108,3014,3076,3133,3117,3017,3011,3027,3120,3065,3063,3089,3123,3035,3126,3008,3131,2998,2962,3105,3093,2932,3045,3038,2916,3048,3090,3042,3053,3047,3072,3082,3221,3143,3008,3000,3001,3036,3144,3038,3064,3142
356,3560,neutral,3064,3016,2990,3182,3083,3039,3144,3022,3143,3099,3057,3143,3082,3055,3148,2953,2992,2979,3030,3099,3171,3063,3024,3169,3022,3103,3100,3046,3073,3073,3096,2995,2952,3058,3056,3005,3147,3082,2906,3081,3088,3131,3027,3004,3012,3200,2976,3000,3130,3008,3005,3124,3099,3064,3003,3088,3095,2928,3081,3074,2948,3128,3141,3027,3123,3135,3132,3062,3152,2952,3167,3072,3101,3056,3117,2995,2913,3121,3043,3086,3069,3061,3021,3066,3069,3016,3025,3069,3084,3020,3147,3064,3057,3066,3115,3058
357,3570,neutral,2994,2950,3110,3045,2984,3145,3178,3145,3072,3007,3161,3069,3179,3044,3138,3035,2992,3196,3047,2960,3076,3118,3073,3099,3027,3156,3079,3080,3134,3032,2977,3158,3105,2982,3086,3102,3152,3041,3072,3119,3067,3093,3036,3035,3120,3157,3008,3079,3020,3103,3146,3088,3131,2997,2986,3078,3014,3096,3101,2984,2980,3131,3079,3106,3076,3178,3003,3058,2975,3085,3017,3130,3026,3050,3086,3049,3185,3252,3183,3083,3082,3154,3113,3055,3105,3131,3087,3092,3210,3141,3090,3096,2966,3117,3039,3099
358,3580,neutral,3128,3118,3072,3152,3112,3105,3025,3136,3040,3020,3055,3095,3125,3212,3064,3133,3120,3167,3103,3085,3020,3076,2979,3053,3052,3143,2993,3029,3080,3080,3077,3050,3117,3088,3168,3120,3091,3055,3145,3036,3070,3139,3170,3082,2988,3068,3126,3111,2986,3015,3109,3148,3075,3095,3078,3125,2988,3116,3082,3068,3091,3039,3124,3098,3036,3224,3169,3168,3118,3037,3193,3196,3048,3020,3187,3115,3175,3137,3147,3155,3156,2905,3181,3048,3050,2972,3013,3066,3023,3091,3001,3025,3132,3055,3023,3051
359,3590,neutral,2922,2982,2952,3051,2919,3024,3066,3049,2956,2982,3022,2962,3069,2876,2980,2993,2990,3008,2955,3016,3078,3011,3010,2895,2937,3040,3034,2922,3059,2971,2986,2997,3111,3070,3122,3109,3101,2996,3052,3031,3054,2971,2978,3075,3211,3038,3122,3002,3005,3059,3070,3067,3186,3028,3139,3104,3099,3074,3148,3079,3126,3072,3162,3174,2994,3044,3045,2930,2968,2922,3021,2994,2978,3041,3170,3082,3090,3008,3070,3036,3107,3080,3026,2892,3010,3014,2917,3048,2964,2907,3024,2920,2948,3051,2938,3156
360,3600,clench,3059,3033,3171,3104,3124,3076,3017,3077,3169,3122,3200,3067,3031,3040,3006,3108,3170,3115,3093,2973,3053,2972,3167,3042,3135,3109,3077,3021,3011,2978,3006,3137,3047,3132,3131,3062,3018,3032,3064,3142,3051,2998,3120,3115,2973,3032,2992,3102,2918,3038,3035,2943,2988,3127,3208,3069,3077,3003,3224,3055,3065,3110,3112,3066,3219,3275,3211,3206,3184,3198,3202,3240,3263,3214,3317,3291,3239,3362,3240,3299,3300,3116,3293,3205,3267,3201,3131,3269,3258,3379,3280,3070,3259,3256,3252,3292
361,3610,clench,3063,3262,3106,2978,3027,3099,3087,3096,3156,3164,3167,3127,3058,3083,3016,3104,3032,3092,3107,3137,2973,3089,3040,3149,3175,3118,2979,3177,3017,3030,3097,3195,3051,3037,3070,3103,3100,3069,3021,3056,3016,3056,3080,3075,3079,3075,3016,3038,3086,3126,3133,3080,3047,3195,3176,3041,3088,2914,3066,3044,3027,3057,3047,3000,3257,3257,3372,3280,3344,3178,3366,3303,3323,3179,3125,3270,3305,3265,3244,3282,3257,3297,3284,3260,3329,3154,3299,3226,3341,3199,3306,3270,3264,3315,3381,3293
362,3620,clench,3113,3096,3062,3091,3079,3091,3140,3189,3116,3026,3117,3090,3064,2995,3086,3145,3068,3147,3192,3069,3184,3088,3027,3009,3073,3084,3053,3214,3049,3056,3039,3060,3042,3040,3033,3068,3079,3101,3105,3082,3042,3085,3177,3209,3174,3134,3216,3092,2991,3081,3136,3167,3196,2999,3129,3184,3150,3068,3122,3135,3131,3078,3101,2972,3250,3373,3313,3361,3253,3304,3421,3290,3186,3184,3363,3325,3292,3299,3250,3258,3188,3251,3274,3359,3256,3278,3287,3207,3337,3314,3358,3295,3232,3358,3239,3147
363,3630,clench,3238,3150,3127,3186,3150,3165,3040,3157,3211,3191,3235,3147,3228,3210,3231,3094,3125,3143,3192,3191,3087,3269,3158,3229,3152,3205,3280,3174,3235,3170,3137,3125,3204,3252,3124,3255,3235,3227,3216,3157,3241,3211,3186,3295,3186,3179,3238,3118,3267,3174,3229,3192,3175,3085,3257,3200,3122,3172,3228,3211,3094,3185,3164,3216,3429,3279,3451,3367,3278,3424,3345,3363,3354,3346,3374,3401,3328,3398,3395,3369,3381,3363,3338,3299,3476,3375,3379,3412,3297,3421,3382,3380,3386,3430,3409,3304
364,3640,clench,3164,3144,3115,3002,3083,3191,3068,3163,3119,2974,3102,3073,3056,3086,3088,3046,3086,3183,3118,2949,3095,3184,3036,2953,3096,2966,3122,2991,3144,3161,3003,3049,3108,3134,3131,3132,3092,3058,3137,3108,2987,2991,3084,3134,3072,3050,3048,3147,3121,2972,3007,3111,3057,3115,3064,3099,3055,3172,3198,3060,3172,3132,3108,3026,3275,3312,3193,3318,3250,3295,3299,3254,3166,3240,3257,3181,3261,3305,3219,3287,3230,3271,3347,3284,3339,3201,3230,3254,3171,3275,3271,3300,3341,3218,3326,3252
365,3650,clench,3036,3042,3130,3150,3086,3138,3097,3084,3048,3153,3078,3060,3136,3146,2988,3086,2985,3052,3116,3076,3079,3162,3076,3050,3136,3046,3083,3051,3172,3069,3042,3064,3060,3010,3092,3041,3093,3249,3063,3093,3174,3092,3148,3109,3128,3109,3101,3230,3067,3147,3088,3065,3105,3061,3116,3064,3165,3071,3022,3014,3038,3065,3061,3064,3329,3225,3251,3273,3201,3191,3348,3240,3273,3219,3252,3251,3256,3348,3190,3268,3327,3130,3259,3221,3265,3311,3298,3249,3269,3433,3268,3239,3264,3230,3208,3201
366,3660,clench,2969,3151,3092,3080,3065,3074,2917,3069,3084,3019,3070,3167,3027,3075,2937,3100,2963,3031,2986,2960,3011,3082,3067,3101,3081,3101,3062,2879,3010,2980,3035,3036,2982,3179,3124,3032,2944,3159,2975,3062,3045,3084,3040,3078,3050,3066,3075,3051,3030,3151,3063,3103,2954,3037,3029,2960,3074,3060,2985,2971,3131,3053,3026,3094,3144,3132,3218,3252,3241,3067,3245,3283,3197,3229,3303,3242,3142,3250,3206,3174,3204,3255,3262,3317,3225,3202,3159,3203,3283,3194,3142,3122,3152,3228,3258,3275
367,3670,clench,3075,3198,3138,3179,3108,3093,3007,3046,3003,3150,3135,2997,3153,3088,3118,3079,3171,3181,3198,3161,3069,3109,3153,3089,3138,2925,3255,3218,3213,3092,3075,3109,3070,3113,3058,3152,3037,3173,3187,3136,3142,3069,3185,3142,3160,2994,3088,3141,3158,3094,3128,3158,3114,3184,3270,3122,3116,3029,3102,3234,3034,3205,3140,3189,3201,3326,3330,3288,3222,3335,3378,3274,3271,3274,3337,3306,3329,3296,3250,3411,3323,3282,3306,3436,3349,3369,3316,3330,3300,3294,3287,3286,3261,3315,3399,3262
368,3680,clench,3106,3100,3153,3120,3157,3112,3080,3069,3144,3041,3158,3238,3132,3127,3063,2956,3100,3177,3168,2987,3108,3032,3117,3041,3164,3014,3016,3052,3076,3093,3158,3007,3246,3025,3049,3068,3064,3150,3102,3079,3146,3079,3098,3047,3157,3112,3017,3067,3197,3110,3066,3008,3010,3019,3076,2991,3132,3099,3100,3109,2994,3055,3101,3031,3323,3274,3256,3216,3258,3252,3244,3303,3251,3243,3262,3189,3254,3256,3266,3328,3292,3224,3175,3305,3235,3230,3209,3188,3325,3354,3335,3385,3267,3214,3364,3250
369,3690,clench,3136,3079,3102,3145,3250,3182,3062,3161,3078,3084,3249,3146,3136,3140,3049,3133,3049,3093,3143,3002,3029,3164,3120,3169,3263,3132,3081,3115,3273,3124,3029,3124,3081,3095,3013,3048,3062,3184,3080,3161,3063,3165,3041,3123,3148,3041,3112,3193,3061,3053,3156,3118,3097,3176,3165,3080,3191,3178,3087,3039,3167,3141,3099,3079,3301,3198,3259,3240,3417,3287,3317,3394,3391,3311,3099,3352,3308,3314,3223,3286,3244,3329,3145,3269,3303,3336,3262,3361,3256,3252,3309,3260,3363,3354,3383,3176
370,3700,clench,3173,3091,3180,3166,2956,3005,3021,3196,3067,3041,3101,3075,3086,2984,3109,3050,3109,2982,3031,3033,2985,3068,3109,3070,3141,3041,3143,3126,3149,3045,3042,3019,3068,3051,3100,3166,3116,3154,3073,3100,3147,3169,3064,3052,3090,2980,3078,3146,3099,3046,3051,2983,3095,3150,2987,3069,3013,3090,3128,2978,3077,3085,3043,3110,3350,3310,3247,3283,3157,3159,3253,3255,3218,3303,3259,3254,3326,3293,3176,3277,3260,3247,3232,3251,3243,3285,3302,3263,3177,3263,3280,3255,3306,3230,3180,3251
371,3710,clench,3113,3073,3071,3168,3091,3075,3071,3060,3172,3161,3169,3166,3181,3041,3204,3258,3118,3258,3023,3115,3143,3088,3032,3199,3173,3152,3089,3098,3053,3082,3171,3095,3150,3122,3108,3045,3189,3053,3166,3056,3143,3144,3214,3222,3128,3067,2991,3075,3103,3071,3194,3051,3065,3114,3124,3117,3213,3150,3143,3129,3065,3159,3123,3062,3314,3238,3194,3254,3452,3234,3254,3159,3315,3329,3284,3251,3247,3371,3264,3294,3261,3351,3409,3389,3338,3354,3381,3249,3223,3328,3374,3260,3276,3331,3269,3217
372,3720,left,3088,3093,3073,3011,2998,3108,3109,3027,3017,3077,3001,2951,3017,3015,3000,2959,3181,3047,3028,3019,3053,3129,3121,2978,3042,3141,3067,3060,2973,2971,3063,3016,3030,3066,3047,3109,3139,3043,3043,3099,3037,2969,3137,3068,3059,3019,3097,3068,3048,3024,2953,3073,2987,3017,2892,3058,3133,2996,3086,3042,2961,2970,3101,3036,3393,3284,3201,3255,3331,3213,3295,3173,3253,3301,3226,3106,3279,3306,3287,3119,3241,3118,3217,3262,3291,3302,3243,3112,3270,3167,3273,3239,3242,3198,3222,3256
373,3730,clench,3003,3044,3105,3026,2985,3072,3153,3024,2985,3004,3018,3023,3000,2984,2893,2889,3015,3067,2986,2902,3120,2996,3039,2963,3012,3054,2898,2883,3052,2923,2917,3028,2994,3040,3040,3012,3093,3110,3037,3067,2880,2959,2973,2978,3046,2887,3023,3018,3040,3045,2967,2948,2946,3021,3110,3105,2923,3034,2997,2912,2936,3037,3014,3045,3173,3235,3178,3173,3266,3187,3183,3253,3208,3101,3276,3251,3048,3232,3251,3203,3136,3225,3065,3194,3112,3273,3285,3117,3171,3158,3187,3137,3102,3162,3178,3140
374,3740,clench,2999,3208,3166,3116,3075,3088,3055,3071,2936,2907,3129,3095,2992,2957,3086,3029,3085,3012,2909,3079,3064,3045,3206,2994,3058,3087,3105,3116,3057,3179,3043,2976,3050,3138,3117,2960,3008,3135,3026,2994,3149,3086,3092,3040,3099,2986,3064,3085,3173,3093,3101,3155,3016,3003,2990,2924,3043,3076,3023,3043,3017,3068,3109,3022,3219,3279,3374,3298,3340,3121,3185,3199,3160,3173,3115,3302,3245,3240,3157,3254,3232,3113,3161,3216,3185,3195,3261,3159,3276,3302,3275,3233,3156,3188,3137,3251
375,3750,clench,3117,3191,3153,3150,3004,3169,3117,3269,3128,3252,3130,3146,2969,3105,3235,3059,3105,3029,3101,3067,3155,3081,3045,3176,3052,3059,3191,3037,2959,3045,2992,3043,3071,3110,3048,3159,3197,3153,3140,3027,3064,3100,3085,3015,3118,3053,3150,3114,3105,3107,3018,3114,3100,3077,3037,3061,3122,3061,2920,3087,3180,3070,3106,3100,3366,3328,3327,3335,3208,3283,3231,3275,3207,3221,3152,3260,3226,3252,3352,3308,3276,3299,3285,3315,3228,3300,3368,3261,3275,3152,3240,3275,3249,3263,3181,3260
376,3760,clench,3046,3266,3076,3119,3175,3113,3097,3219,3144,3144,3030,3074,3002,3099,3281,3137,3226,3073,3106,3128,3171,3097,3206,3105,3165,3187,3245,3041,3121,3157,3000,3204,3182,3041,3134,3159,3181,3142,3129,3151,3158,3139,3123,3199,3078,3030,3159,3086,3173,3092,3126,3132,3060,3215,3168,3122,3118,3169,3282,3090,3097,3125,3109,3120,3347,3392,3413,3244,3162,3279,3222,3218,3401,3270,3311,3268,3273,3298,3267,3257,3369,3395,3217,3350,3229,3323,3224,3327,3392,3239,3267,3374,3397,3243,3220,3237
377,3770,clench,3095,3212,3184,3106,3070,3175,3016,3175,3248,2997,3169,3099,3073,3150,3167,3023,3108,3128,2988,3065,3002,3110,3130,3050,3162,3107,3041,3083,3078,3048,3066,3205,3059,3029,3042,3153,3150,3157,3210,3096,3192,3131,2976,3122,3117,3162,3025,3116,3016,3192,3033,3163,3077,3099,3088,3164,3103,3130,3103,3063,2981,3059,3034,3048,3353,3277,3251,3287,3324,3367,3245,3307,3220,3346,3339,3283,3269,3157,3281,3318,3202,3250,3299,3375,3388,3314,3308,3325,3319,3340,3256,3325,3296,3213,3208,3110
378,3780,clench,3163,3097,3080,3117,3027,3025,3044,3085,2983,3078,3233,3120,2999,2971,3137,3057,3204,3036,3069,3021,3044,3019,3137,3103,3119,3205,3111,3104,3192,3016,3127,2992,3113,3136,2996,2923,3106,3053,2970,3198,3047,3080,3112,3062,3271,3182,3026,3187,3035,2940,3076,3123,3027,3013,3152,3093,3068,3218,2952,3107,3093,3100,3172,3189,3229,3405,3222,3254,3276,3280,3258,3268,3318,3277,3262,3273,3244,3208,3204,3347,3226,3355,3289,3331,3385,3331,3222,3314,3239,3277,3102,3338,3205,3254,3351,3266
379,3790,clench,3076,3088,2915,3015,3073,2957,2888,3033,3013,2936,2978,2989,2994,2896,3031,2924,3082,2934,3103,2994,3089,3067,3076,3025,3034,3015,3033,2991,2996,2930,3003,2943,2998,2973,3037,2972,3075,3063,3013,3070,3017,2987,3064,2958,3001,2890,3112,2967,3058,3079,2986,3017,3035,3098,2977,2893,3028,2941,3057,3009,2974,3023,2951,3086,3203,3205,3139,3214,3216,3110,3200,3290,3129,3232,3188,3182,3187,3174,3154,3238,3192,3267,3303,3178,3293,3214,3130,3220,3126,3291,3263,3178,3166,3243,3204,3208
380,3800,clench,3123,3071,2993,3099,3075,3099,3072,3028,3186,3047,2977,3100,2988,3145,3141,3116,3190,3097,3037,3095,3205,3188,3103,3188,3169,3140,3066,3071,3159,3004,3132,3122,3064,3056,3061,3025,3068,3178,3117,3109,3004,3138,3041,3062,3008,3119,3151,3141,3125,3087,3058,3120,3158,3129,3175,3104,3147,3129,3130,3041,3016,3193,3009,3108,3254,3332,3207,3279,3232,3277,3329,3264,3390,3299,3273,3213,3273,3318,3358,3143,3227,3221,3211,3211,3232,3342,3377,3213,3333,3240,3357,3372,3393,3310,3284,3309
381,3810,clench,3013,3160,3128,3074,3178,3172,3198,2987,3183,3187,3024,3155,3182,3002,3071,3158,3166,3124,3106,3119,3089,3086,3125,3088,3025,3147,3047,3106,2996,3046,3100,3087,3034,3154,3181,3155,3124,3177,3367,3064,3092,3188,3140,3044,3090,3140,3087,3136,3224,3220,3111,3114,3110,3169,3165,3106,3105,3124,3059,3168,3102,3118,3119,3258,3307,3327,3324,3268,3291,3292,3270,3294,3324,3298,3270,3276,3221,3280,3322,3275,3292,3368,3352,3356,3271,3217,3277,3193,3202,3319,3306,3308,3315,3274,3382,3240
382,3820,clench,3011,3078,3048,3041,3035,3168,3079,3055,3079,3092,2864,3248,3065,3019,3011,3028,3057,3075,3108,3133,3038,3029,2956,3232,3046,3088,3040,3147,3094,3175,2969,2952,2961,3045,3083,2940,3071,3111,3097,3020,2958,2996,3118,3043,3103,3016,3079,3051,3029,3111,3066,2955,2978,3131,3070,3090,3123,2982,3043,3063,3080,3198,3123,3047,3316,3231,3250,3328,3264,3288,3186,3268,3212,3205,3230,3245,3321,3291,3328,3249,3289,3258,3278,3283,3235,3213,3179,3288,3294,3278,3290,3161,3361,3209,3235,3208
383,3830,clench,3174,3118,3027,3211,3221,3119,3136,3110,3087,3087,3195,3135,3100,3208,3127,3085,3176,3137,3012,3125,3178,3093,3062,3290,3136,3015,3189,3199,3070,3146,3308,3196,3148,3119,3194,3085,3134,3111,3147,3089,3142,3101,3197,3071,3053,3152,3198,3165,2991,2981,3128,3096,3079,3203,3194,3169,3247,3258,3175,3062,3229,3052,3054,3214,3305,3275,3415,3381,3403,3269,3353,3272,3317,3340,3341,3342,3333,3278,3280,3302,3403,3211,3256,3364,3315,3424,3416,3227,3404,3306,3322,3352,3338,3350,3364,3364
384,3840,clench,3266,3132,3132,3140,3295,3021,3144,3064,3117,3132,3143,3159,3131,3112,3023,3120,3182,3151,3152,3110,3011,3153,3156,3008,3104,3038,2976,3058,3104,3145,3067,3120,3034,3134,3129,3207,3161,3112,3178,3117,3172,3013,2969,3087,3146,3024,3146,3107,3126,3162,3118,3135,3069,3058,3001,3210,3084,2977,3060,3079,3060,3115,3062,3163,3275,3320,3326,3278,3275,3251,3316,3169,3362,3252,3247,3326,3356,3245,3263,3294,3289,3345,3366,3296,3290,3300,3257,3391,3384,3275,3371,3278,3275,3259,3284,3318
385,3850,clench,3099,3100,3194,3234,3256,3261,3125,3129,3101,3172,3160,3098,3278,3206,3020,3136,3130,3129,3085,3093,3148,3040,3161,3064,3036,3020,3084,3158,3132,3019,3222,3202,3110,3106,3213,3147,3072,3115,3144,3155,3140,3124,3147,3169,3142,3054,3227,3095,3131,3159,3132,3164,3162,3089,3259,3162,3071,3201,3137,3125,3146,3189,3162,3131,3346,3361,3290,3274,3224,3363,3282,3285,3266,3253,3281,3301,3337,3234,3296,3357,3179,3363,3266,3308,3311,3262,3307,3245,3362,3297,3316,3176,3318,3277,3297,3304
386,3860,clench,3066,3075,3135,2995,3022,3044,3151,3116,3103,3049,3033,3082,3071,2999,3067,3093,3018,3103,3046,3038,3074,3126,3204,3115,3130,3084,3035,3153,3077,2944,3022,3178,3106,3172,3066,3063,3204,3140,3011,3107,3084,3035,3065,3038,3146,3144,3083,3114,3094,3131,3076,3070,3051,3093,3048,3067,3192,2959,3108,3102,3067,3089,3093,3024,3293,3202,3356,3298,3281,3245,3199,3109,3089,3227,3246,3218,3275,3284,3294,3322,3238,3334,3211,3242,3272,3233,3267,3317,3334,3198,3346,3261,3230,3179,3271,3290
387,3870,clench,3121,3171,3158,3094,3155,3068,3209,3233,3181,3144,3073,3212,3070,3199,3163,3154,3105,3106,3145,3138,3218,3135,3032,3187,3130,3125,3126,3048,3123,3209,3216,3033,3156,3193,3201,3068,3200,3121,3128,3293,3132,3142,3235,3255,3067,3179,3193,3114,3220,3142,3004,3217,3154,3202,3161,3139,3097,3121,3142,3125,3166,3107,3220,3083,3417,3300,3215,3444,3272,3302,3355,3342,3381,3366,3381,3251,3315,3324,3363,3204,3383,3374,3405,3409,3306,3349,3353,3388,3328,3377,3312,3335,3210,3297,3220,3324
388,3880,clench,3083,3135,3091,3087,2987,3050,3140,3190,3118,3201,3137,3200,3104,3099,3126,3108,3039,3108,3186,3138,3169,3050,3116,3020,3110,2967,3103,3092,3016,3124,3034,3098,3154,3235,3044,3187,3109,3160,3049,3159,3133,3129,3116,3090,3097,3151,2991,3138,3102,3177,3192,3072,3038,3110,3093,3186,3089,3086,3221,3110,2985,3142,3194,3089,3229,3315,3290,3275,3240,3300,3313,3206,3347,3361,3238,3384,3245,3294,3368,3216,3280,3372,3299,3326,3388,3204,3365,3227,3243,3315,3285,3334,3303,3317,3271,3287
389,3890,clench,3160,3141,3068,3073,3158,3026,3124,2981,3130,3114,3004,3034,3147,3091,3007,3049,3050,3085,3116,3087,3079,3166,3116,3096,3076,3046,3065,3149,2988,3103,3036,3095,3047,3008,3120,3049,3096,3203,3031,3064,3030,3094,3036,3101,3012,3037,3116,3023,3152,3059,3084,3158,3101,3017,3115,3155,3139,3034,3133,3078,3177,3048,3150,3110,3254,3239,3342,3233,3237,3296,3303,3193,3288,3326,3298,3299,3256,3414,3242,3301,3240,3256,3288,3227,3301,3318,3296,3202,3302,3308,3251,3148,3197,3226,3264,3250
390,3900,clench,3165,3073,3067,3201,3117,3054,3211,3061,3183,3142,3158,3097,3223,2994,3118,3139,3176,3061,3104,3106,3109,3193,3078,3064,3152,3063,3217,3001,3109,2993,3112,2988,3121,3096,3029,3180,3086,3128,3105,3111,3069,3090,3186,3218,3040,3044,3027,3228,3157,2943,2982,3084,3175,3157,3214,3202,3226,3129,3083,3035,3113,3097,3176,3196,3296,3338,3280,3291,3306,3312,3301,3327,3298,3253,3216,3283,3250,3286,3260,3303,3310,3409,3417,3192,3296,3264,3192,3285,3202,3240,3346,3237,3200,3313,3264,3400
391,3910,clench,3153,3171,3195,3139,3087,3142,3156,3122,3159,3069,3174,3164,3158,3107,3120,3123,3147,3226,3089,3187,3296,3210,3110,3312,3205,3072,3234,3162,3140,3126,3251,3151,3122,3165,3116,3110,3229,3089,3082,3195,3158,3110,3052,3203,3162,3179,3093,3124,3206,3145,3117,3292,3115,3127,3138,3250,3204,3139,3161,3158,3106,3218,3216,3151,3337,3290,3269,3326,3356,3359,3336,3326,3303,3278,3235,3319,3269,3282,3331,3316,3322,3376,3406,3407,3348,3274,3401,3325,3379,3320,3362,3423,3349,3345,3281,3309
392,3920,clench,3078,3105,3112,3220,3103,3077,3142,3105,3097,3204,3121,3051,3087,3222,3084,3076,3080,3017,3141,3195,3153,3254,3194,3082,3080,3189,3241,3297,3194,3182,3092,3235,3116,3031,3105,3164,3044,3181,3130,3222,3100,3068,3270,3006,3045,3159,3098,3166,3061,3229,3094,3039,3159,3254,3039,3150,3242,3107,3163,3182,3102,3076,3243,3054,3265,3290,3274,3287,3322,3281,3427,3288,3394,3442,3328,3204,3398,3403,3304,3352,3276,3217,3216,3317,3282,3345,3261,3361,3299,3315,3335,3341,3333,3315,3371,3370
393,3930,clench,3188,3239,3143,3103,3146,3224,3130,3233,3090,3233,3085,3163,3161,3198,3154,3099,3095,3093,3078,3056,3326,3149,3242,3192,3205,3163,3105,3185,3187,3073,3075,3111,3177,3144,3114,3137,3238,3195,3190,3135,3159,3200,3142,3227,3236,3106,3078,3098,3170,3170,3089,3134,3108,3154,3113,3132,3170,3043,3066,3095,3176,3200,3198,3133,3239,3337,3292,3149,3333,3345,3343,3418,3359,3298,3325,3313,3346,3311,3326,3260,3375,3284,3353,3228,3476,3336,3239,3345,3267,3219,3317,3284,3273,3273,3260,3406
394,3940,clench,3164,3205,3228,3104,3151,3216,3052,3111,3057,3160,3125,3034,3080,3141,3226,3193,3157,3144,3116,3070,3147,3207,3032,3194,3168,3071,3093,3053,3058,3133,3130,3076,3212,3215,3231,3296,3311,3155,3210,3277,3198,3177,3236,3202,3323,3304,3130,3253,3243,3255,3157,3097,3267,3241,3251,3152,3154,3325,3244,3223,3209,3098,3196,3147,3143,3218,3151,3097,3162,3116,3092,3178,3116,3064,3146,3205,3130,3102,3180,3195,3193,3182,3189,3064,3171,3168,3158,3155,3114,3108,3143,3130,3224,3057,3208,3202
395,3950,clench,3152,3006,3114,3078,3135,3033,3095,3011,3046,3113,3061,3071,3069,3138,3164,3044,3076,2968,3095,3030,3069,3098,3005,3150,3062,3096,3003,3091,3018,2998,3084,3018,3073,3114,3027,3092,3090,3000,3115,3025,3135,3036,3120,3096,3058,3043,3131,2976,3106,3018,3092,3176,3126,3034,3114,3132,3111,3201,3172,3153,3067,3158,3219,3051,3259,3296,3256,3216,3317,3167,3190,3226,3219,3203,3276,3255,3218,3299,3217,3253,3268,3254,3188,3232,3255,3339,3300,3267,3271,3327,3315,3258,3301,3195,3237,3163
396,3960,clench,3013,3142,3028,3125,3163,3069,3117,3067,2940,3069,3071,2979,3025,3111,3054,3046,3059,3051,3163,3071,3081,3071,3142,3060,3078,3093,3003,3161,3035,3121,3187,3032,3054,3110,3113,3107,3118,3102,3129,3113,3032,3065,3059,3103,2991,2944,3087,2976,3072,3085,3023,3147,3096,3034,3064,3024,3031,3128,3063,3035,2929,3061,3030,3158,3371,3260,3206,3266,3273,3275,3304,3245,3222,3307,3242,3276,3325,3285,3309,3251,3275,3192,3408,3260,3204,3275,3346,3160,3201,3325,3170,3265,3225,3219,3277,3262
397,3970,clench,3010,2997,3007,3104,3182,3038,3141,3131,3133,3111,3002,3020,3159,3111,3113,3068,3046,3053,3013,3088,3052,3022,3192,3060,3058,3120,3136,3080,3162,3017,3087,3083,3173,3232,3131,3100,3106,3070,3069,3144,3061,3190,3067,3083,3104,3069,3014,3240,2986,3064,3054,3074,3148,3047,3160,3135,3026,3001,3157,3146,3065,3113,3090,3051,3162,3207,3191,3215,3183,3281,3260,3317,3200,3212,3259,3238,3311,3156,3248,3195,3326,3294,3290,3342,3378,3300,3270,3303,3326,3308,3329,3178,3351,3262,3334,3352
398,3980,clench,3090,3092,3092,3091,3128,2969,3070,3065,3117,3004,3255,3162,3224,3049,3023,3008,3173,3069,3133,3114,3117,3100,3113,3115,3056,3183,3119,3163,3069,3043,3131,3074,3129,3152,3093,3085,3175,3066,3141,3058,3098,3171,3062,3119,3078,3094,3036,3099,3101,3156,3129,3179,3105,3128,3045,3165,3041,3074,3123,3042,3204,3117,3000,3144,3298,3214,3244,3242,3191,3141,3264,3270,3305,3286,3308,3417,3220,3330,3261,3264,3320,3250,3372,3223,3346,3243,3250,3291,3316,3230,3105,3311,3324,3293,3190,3183
399,3990,clench,2922,2908,2995,3044,3072,2927,2947,2959,3103,2916,2877,2922,2995,3025,3003,3035,3093,2981,2940,2947,2838,2897,2983,2975,2998,3085,3034,3038,2909,2920,2900,3032,2954,3013,2981,2929,2931,3015,2889,2924,2929,3095,2878,3067,3035,3010,3044,2950,2897,2920,2935,3066,2953,3025,2948,2948,3032,2904,3004,2989,3077,2924,3010,3041,3216,3149,3131,3257,3124,3141,3153,3199,3120,3120,3196,3076,3159,3134,3102,3120,3280,3217,3148,3166,3168,3130,3136,3004,3155,3160,3047,3150,3127,3257,3146,3157
400,4000,clench,3161,3155,3268,3157,3108,3214,3221,3171,3102,3036,3221,3136,3242,3183,3182,3187,3153,3137,3212,3269,3208,3140,3257,3170,3155,3230,3190,3201,3277,3242,3195,3121,2990,3045,3087,3054,3035,3144,2973,2944,3001,3023,3015,3007,3046,3014,3007,2885,3079,3002,3025,3085,3004,3119,3025,3035,3055,2918,3042,3126,3021,2986,3057,3077,3180,2995,3202,3024,3113,3007,3128,3111,3083,3167,3095,3147,3066,3002,3078,3108,3034,3082,3170,3064,3178,3198,3171,3099,3012,3075,3123,3077,3002,3195,3117,3078
401,4010,clench,3052,3018,3072,3134,3069,3116,3123,3206,3056,3134,3104,3114,3040,3163,3112,3121,3140,3135,3149,3071,3171,3048,3121,3128,3006,3135,3073,3114,3062,3034,3040,3146,3107,3140,3098,3035,3116,3243,3159,3060,3097,3094,3119,3099,3043,3084,3069,3057,3137,3114,3141,3044,3120,3068,3137,3123,3095,3149,3178,3105,3027,2990,2992,3251,3353,3218,3228,3212,3398,3327,3246,3358,3238,3274,3298,3150,3302,3254,3320,3229,3277,3305,3304,3215,3306,3302,3283,3261,3262,3347,3274,3238,3303,3325,3269,3362
402,4020,clench,3255,3213,3078,3205,3163,3092,3111,3130,3218,3166,3044,3101,3212,3215,3253,3195,3234,3156,3212,3139,3177,3126,3193,3146,3142,3207,3103,3147,3239,3099,3165,3228,3153,3059,3174,3145,3056,3213,3148,3193,3189,3183,3203,3158,3165,3213,3281,3142,3103,3073,3139,3209,3260,3133,3113,3138,3220,3140,3182,3195,3147,3260,3195,3224,3370,3395,3429,3283,3227,3289,3324,3375,3359,3340,3332,3325,3345,3289,3378,3344,3283,3276,3494,3283,3368,3369,3495,3378,3422,3340,3341,3372,3457,3327,3375,3353
403,4030,clench,3024,3097,3083,3028,3001,3058,3091,3089,3012,3089,3118,3037,3033,3132,3033,3089,3064,3205,3172,3221,3104,3043,3191,3085,3131,3154,3184,3110,3037,3117,3092,2956,3109,3061,3038,3050,3054,3087,3027,3199,3012,3074,3084,3145,3175,3008,3116,3053,3116,3041,2929,3091,3015,3124,3158,3050,3077,3090,3108,3014,3118,3224,3140,2876,3269,3267,3205,3226,3313,3285,3309,3228,3313,3214,3226,3375,3183,3327,3299,3148,3336,3271,3236,3270,3233,3323,3156,3188,3333,3134,3285,3210,3202,3142,3225,3237
404,4040,clench,3055,3110,3200,3057,3204,3126,2982,3180,2925,3068,3125,3093,3097,3055,3165,3144,3110,3078,3136,3129,3149,3023,3054,3137,3135,3142,3124,3116,3154,3051,3191,3175,3063,3083,3133,3003,3045,3108,3036,3052,3028,3081,2996,3023,3169,3066,3198,3064,2935,3054,3000,3158,3017,3029,3047,3048,3035,3002,3061,3029,3018,3035,3199,3007,3231,3338,3360,3219,3138,3260,3310,3280,3247,3226,3239,3180,3240,3299,3261,3358,3241,3178,3310,3444,3182,3309,3204,3294,3154,3229,3274,3196,3155,3277,3096,3294
405,4050,clench,2939,3061,3071,3096,3041,3117,3056,3026,3026,3079,3035,2954,3082,3002,3020,3046,3064,3155,3015,2989,3031,3040,3059,3118,2971,3077,3144,3110,3023,3016,3139,3185,3044,3049,2990,3013,2962,2928,3093,3088,2868,3028,3070,3043,3023,2991,3002,3056,3086,2981,3088,3159,3013,3084,3005,2973,3085,3029,3124,3064,3061,3038,3019,3063,3202,3290,3191,3081,3068,3151,3059,3194,3205,3128,3097,3140,3189,3048,3112,3163,3099,3147,3101,3232,3057,3167,3087,3174,3289,3264,3220,3218,3228,3117,3161,3218
406,4060,clench,3112,3005,3035,3125,3074,3085,3050,2998,3121,3152,3065,2989,3112,3056,3118,3028,3057,3066,3104,2996,3008,3074,3179,3040,3109,3102,3100,3101,3109,3083,3023,2991,3129,3059,3091,3140,3134,3111,3091,3063,2991,3074,2963,3108,3150,2966,3163,3160,3002,3040,3091,3079,2907,3059,3176,3011,3044,3068,2999,3098,3067,3046,3111,3070,3154,3160,3250,3222,3329,3234,3181,3144,3333,3313,3285,3235,3220,3283,3314,3159,3225,3344,3187,3250,3170,3244,3260,3349,3244,3278,3243,3165,3187,3178,3314,3276
407,4070,clench,3099,3120,3106,3015,3039,3092,3043,3096,3036,3080,2952,3047,2798,3066,3027,3040,2970,3044,2924,3094,3067,2942,3100,2938,3013,3034,3029,3112,3033,2997,3133,3062,2958,2971,2939,2879,3034,2989,3050,3075,3069,2939,2849,3037,3006,2968,3036,3021,3131,3100,3027,2979,3066,2927,3065,2995,3114,3056,3034,3077,3021,3082,3119,2980,3146,3066,3247,3179,3262,3162,3145,3231,3205,3220,3221,3252,3250,3331,3242,3197,3186,3153,3221,3235,3410,3140,3205,3149,3107,3202,3225,3251,3223,3218,3243,3195
408,4080,clench,3082,3032,3203,3113,3128,3092,3101,3193,3123,3086,3126,3124,3136,3105,3165,3195,3099,3194,3220,3136,3005,3085,3228,3094,3036,3078,3201,3141,3071,3171,3191,3123,3037,3064,3066,3075,3084,3121,3110,3102,3136,3177,3147,3084,3168,3094,3070,3094,3141,3101,3138,3118,3119,3125,3187,3067,3165,3128,3067,3189,3120,3080,3161,3085,3381,3340,3228,3373,3235,3303,3368,3353,3429,3333,3266,3274,3322,3338,3361,3206,3263,3357,3393,3348,3326,3319,3178,3174,3200,3236,3227,3326,3197,3228,3306,3232
409,4090,clench,3104,3160,3254,3129,3220,3222,3168,3118,3055,3166,3188,3168,3183,3054,3171,3197,3223,3162,3099,3137,3144,3098,3098,3183,3098,3119,3147,3074,3155,3134,3166,3153,3085,3113,3108,3124,3250,3050,3013,3128,3164,3217,3142,3162,3125,3185,3255,3194,3192,3098,3176,3109,3238,3199,3105,3129,3089,3117,3059,3195,3125,3134,3104,3241,3172,3272,3332,3326,3303,3211,3421,3335,3262,3323,3296,3233,3319,3319,3420,3293,3345,3327,3290,3326,3313,3313,3349,3342,3310,3325,3220,3332,3378,3367,3335,3244
410,4100,clench,3135,3077,3151,3048,3105,3096,3006,3139,3079,3120,3067,3074,3160,3002,3232,3203,3083,3061,3037,3106,3197,3055,3094,3097,3071,3099,3100,2996,3190,3062,3094,3048,3081,3067,3058,3142,2986,3125,3064,2961,2964,3115,3072,3132,3098,3136,3052,2964,3131,3078,3121,3173,3070,3189,3008,3129,3162,3055,3166,3197,3078,3147,3015,3117,3316,3304,3307,3317,3289,3320,3285,3280,3286,3279,3191,3269,3227,3281,3190,3180,3256,3291,3166,3205,3224,3342,3305,3254,3279,3205,3257,3243,3250,3200,3242,3331
411,4110,clench,2925,2993,3005,3005,3088,3006,3146,2988,3051,2994,3013,3120,3038,3024,2971,3070,3110,2998,2881,2996,3026,2986,3011,3011,2946,3034,3025,3091,2970,3034,3060,2996,2998,2974,2975,3045,3089,3039,3005,2999,3123,3098,2960,3064,3117,3019,2968,3040,3011,3133,3117,3074,2924,2974,3086,2983,3047,3040,2991,3111,3000,2988,3040,2960,3225,3221,3304,3172,3106,3364,3133,3273,3179,3142,3124,3275,3335,3175,3212,3290,3202,3259,3250,3259,3102,3252,3180,3303,3227,3242,3151,3254,3240,3324,3326,3135
412,4120,clench,3039,3139,3017,3150,3124,3095,2994,3024,3046,3130,3149,3089,3047,3062,3098,3112,3070,3050,3057,3006,3076,3142,3090,3059,3133,3070,3093,3121,3046,3018,3104,3178,3217,3099,3256,3133,3173,3143,3170,2935,3074,3057,3123,3024,2945,3081,3050,3062,3203,3107,3104,3105,3035,3103,3021,3124,3143,3173,3017,3093,3097,2997,3130,3063,3355,3270,3279,3320,3255,3201,3235,3330,3241,3250,3150,3256,3329,3299,3143,3326,3235,3327,3299,3357,3150,3225,3239,3292,3321,3207,3277,3202,3206,3314,3383,3287
413,4130,clench,3068,3167,3096,3042,3133,3048,3022,3137,3202,2986,3202,3092,3095,3093,3024,3100,3057,3128,3114,3042,3079,3043,3024,3016,3054,2974,2976,3164,3155,3141,3064,3003,3100,3149,3137,3227,3083,3169,3145,3119,3088,3047,3055,3123,2957,3059,3154,3038,3072,3022,3008,3188,2997,3221,3177,3241,3041,3053,3067,3022,3286,3109,2990,3136,3356,3356,3365,3200,3180,3206,3175,3284,3330,3239,3161,3252,3308,3183,3199,3219,3243,3242,3274,3339,3464,3215,3228,3346,3219,3288,3290,3323,3361,3286,3353,3332
414,4140,clench,3147,3119,2958,3065,3000,3027,3082,3066,3077,3067,2991,3012,3090,3184,3164,3100,3207,3042,3140,3062,3147,3040,3081,2990,3066,3177,3158,3024,2979,3108,3170,3126,3114,3030,3124,2937,3149,2977,3129,3062,3174,3022,3028,3169,2903,3119,3099,2989,3107,3107,3103,3019,3030,3041,3017,3159,2978,3057,3136,3043,3125,3187,3115,3145,3324,3201,3294,3199,3300,3240,3196,3370,3310,3330,3374,3366,3308,3339,3177,3385,3237,3250,3349,3324,3374,3254,3242,3243,3253,3316,3259,3352,3299,3251,3328,3309
415,4150,clench,3103,3050,3057,3038,3207,3087,3127,3215,3061,3024,3055,3053,3059,3108,3071,3068,2995,3084,3112,3225,3041,3174,3102,3073,3041,3125,3094,3105,2970,3142,3137,3048,2992,2995,3057,3007,3106,2971,3080,3167,3150,3064,3033,3149,3088,3074,2986,3127,3040,2996,3150,3079,3053,3170,3120,3079,3180,3060,3053,2996,3080,3093,3069,3124,3302,3293,3372,3157,3199,3230,3217,3264,3313,3325,3244,3298,3208,3379,3339,3267,3127,3317,3237,3243,3292,3325,3199,3308,3211,3295,3171,3273,3214,3096,3273,3174
416,4160,clench,3141,3119,3070,3173,3058,3054,3215,3098,3071,3135,3082,3086,2994,3152,3179,3162,3055,3160,3164,3173,3056,2984,3141,3120,2990,3077,3105,3055,3110,3047,3128,2975,3125,3104,3052,3051,3120,3165,3151,3118,3122,3070,3086,3120,2995,3088,3175,3133,3160,3082,3165,3189,3044,3096,3132,3074,3089,3073,3088,3021,3067,3105,3218,3181,3311,3276,3358,3320,3321,3267,3279,3359,3244,3348,3308,3264,3290,3369,3235,3312,3427,3231,3276,3374,3232,3335,3370,3345,3326,3332,3251,3275,3239,3288,3362,3285
417,4170,clench,3006,2955,3051,3001,2942,3060,3077,2888,2965,3025,3049,3106,3017,3010,3049,2914,2921,3063,3055,3086,3164,3142,3034,2967,3084,3145,3019,3076,3007,3156,3132,3051,3023,3066,3026,3078,3056,3121,3003,3009,2990,2913,2974,3058,2982,3032,2988,2909,3055,2982,2987,2985,2924,3084,2948,3024,3066,2938,2964,3095,3010,3011,2988,3004,3095,3209,3113,3208,3240,3254,3121,3130,3183,3110,3218,3145,3271,3200,3174,3159,3272,3139,3267,3276,3172,3169,3288,3229,3162,3272,3195,3257,3182,3248,3222,3164
418,4180,clench,3092,3055,2992,3134,3095,3028,3088,3102,3141,3089,3007,3016,3068,3050,3018,3150,3131,3076,3122,2947,3181,3137,3084,3049,3146,3150,3119,3140,2977,3103,3171,3161,3189,3072,2989,3019,2999,3067,3162,3018,3073,3006,3135,3055,3017,2988,3059,3063,3025,2981,3043,3102,2996,3020,3057,3033,3063,3050,3063,3065,3167,3084,3153,3016,3097,3196,3350,3166,3383,3188,3311,3296,3217,3266,3317,3181,3194,3370,3223,3322,3205,3290,3328,3224,3251,3267,3237,3194,3321,3280,3292,3307,3304,3170,3295,3332
419,4190,clench,3142,3093,3080,3110,3155,3086,3117,3004,3090,3164,3197,3208,3113,3136,3124,3138,3114,3072,3174,3044,3026,3137,3146,3114,3168,3118,3242,3197,3164,3171,3108,3193,3316,3096,3110,3099,3179,3279,3066,3125,3117,3169,3118,3053,3105,3148,3167,3064,3256,3119,3266,3050,3107,3017,3144,3124,3169,3108,3254,3164,3173,3089,3245,3143,3363,3391,3249,3288,3322,3408,3324,3361,3224,3274,3266,3248,3430,3364,3281,3296,3340,3304,3319,3392,3267,3246,3259,3317,3316,3328,3217,3330,3244,3256,3383,3278
420,4200,clench,3190,3140,3159,3057,3136,3142,3285,3172,3203,3206,3253,3094,3072,3205,3175,3115,3106,3028,3161,3091,3102,3100,3175,3233,3094,3241,3117,3188,3191,3165,3119,3127,3092,3162,3088,3205,3127,3215,3123,3147,3221,3102,3217,3066,3066,3135,3147,3104,3133,3152,3034,3055,3242,3162,3149,3129,3093,3267,3089,3228,3173,3122,3232,3112,3285,3341,3363,3294,3348,3308,3359,3292,3301,3324,3293,3299,3347,3382,3481,3234,3325,3283,3325,3360,3352,3337,3264,3317,3347,3359,3378,3302,3300,3254,3334,3238
421,4210,clench,3177,3178,3060,3094,3053,3074,3152,3109,3066,3099,3228,3240,3191,3204,3107,3093,3198,3116,3318,3178,3143,3194,3130,3042,3047,3191,3141,3223,3110,3247,3246,3092,3096,3059,3119,3102,3142,3150,3128,3166,3008,3066,3124,3226,3141,3059,3175,3201,3122,3081,3120,3110,3196,3033,3110,3185,3054,3146,3163,3229,3157,3072,3084,3079,3324,3302,3322,3307,3274,3346,3366,3452,3382,3308,3411,3367,3397,3356,3376,3315,3360,3344,3347,3416,3309,3384,3436,3370,3353,3334,3405,3205,3300,3350,3327,3400
422,4220,clench,3118,2994,3071,3142,3119,3020,3002,3099,3118,3120,3157,3151,3132,3145,3104,3224,3104,3067,3178,3059,3072,3046,3056,3074,3270,3111,3136,3078,3149,3188,3105,3208,3070,3153,3033,3109,3043,3127,3042,3033,3145,3144,3055,3091,3092,3141,3117,3027,3097,3078,3189,3097,3092,3107,3079,3158,3057,3166,3133,3055,3012,3134,3189,3122,3349,3209,3257,3323,3377,3246,3378,3266,3196,3432,3266,3308,3301,3273,3316,3281,3268,3206,3308,3276,3293,3241,3355,3349,3332,3322,3287,3325,3319,3232,3374,3295
423,4230,clench,3072,3092,3157,3117,3086,3178,3150,3169,3191,3148,3182,3178,3143,3126,3057,3222,3162,3126,3111,3184,3175,3072,3173,3143,3131,3171,3032,3089,3242,3140,3162,3017,3192,3108,3135,3101,3166,3275,3125,3119,3205,3071,3060,3254,3180,3202,3153,3053,3162,3258,3171,3176,3011,3136,3206,3101,3074,3133,3125,3099,3105,3124,3095,3123,3346,3432,3400,3232,3308,3354,3301,3329,3178,3331,3382,3370,3127,3375,3216,3319,3295,3296,3207,3233,3266,3368,3187,3300,3322,3269,3340,3334,3249,3306,3230,3328
424,4240,clench,3073,3030,3136,3112,3093,2999,2899,3053,3112,3158,3123,2992,3173,3023,3028,3136,3067,3093,3052,3145,3014,3147,3099,2974,3072,3120,3086,3032,3241,3129,3071,3135,3182,3257,3150,3184,3240,3271,3245,3079,3303,3185,3173,3197,3222,3255,3209,3265,3182,3298,3313,3265,3169,3176,3157,3324,3268,3255,3336,3276,3247,3186,3164,3221,3240,3312,3224,3154,3260,3191,3175,3131,3264,3274,3166,3141,3195,3243,3190,3230,3278,3247,3173,3123,3168,3260,3186,3302,3207,3314,3190,3188,3212,3067,3210,3213
425,4250,clench,3186,3197,3087,3142,3133,3092,3069,3098,3066,3130,3050,3156,3118,3103,3148,3180,3112,3057,3061,3133,2856,3145,3136,3078,3057,3112,3182,3109,3011,3170,3155,3106,3119,3198,3064,3167,3198,3124,3105,3064,3070,3070,3081,3102,3129,3031,3117,3115,2997,3143,3142,3141,3106,3115,3192,3025,3038,3085,2932,3142,3043,3103,3082,2993,3358,3316,3362,3407,3302,3318,3279,3360,3306,3316,3124,3459,3293,3298,3314,3227,3353,3201,3231,3274,3223,3311,3264,3244,3203,3278,3237,3239,3405,3237,3397,3349
426,4260,clench,3016,3054,3155,3137,3038,3065,3062,3198,3156,3206,3113,3077,3094,3157,3132,3148,3135,3230,3072,3086,3100,3202,3117,3080,3268,3171,3221,3173,3040,3152,3176,3174,3194,3074,3121,3203,3074,3095,3069,3089,3047,3113,3094,3089,3217,3009,3173,3230,3055,3134,3096,3201,3162,3118,3091,2979,3095,3004,3236,3098,2998,3161,3127,3069,3232,3273,3303,3324,3297,3392,3253,3268,3264,3238,3262,3414,3246,3315,3328,3289,3365,3306,3268,3379,3352,3325,3258,3355,3225,3361,3288,3278,3227,3350,3305,3310
427,4270,clench,3093,3068,3087,3076,3153,3186,3164,3126,3170,3185,3114,3094,3188,3146,3083,3068,3206,3183,3154,3048,3188,3135,3125,3176,3169,3115,3121,3146,3184,3165,3237,3055,3151,3142,3125,3169,3061,3127,3190,3202,3083,3186,3118,3177,3164,3157,3193,2987,3233,3094,3063,3214,3058,3058,3067,3081,3143,3213,3117,3118,3159,3054,3090,3102,3319,3248,3239,3293,3375,3368,3206,3327,3385,3332,3435,3317,3322,3330,3175,3328,3240,3289,3379,3335,3272,3356,3272,3239,3305,3186,3243,3297,3213,3317,3362,3318
428,4280,clench,3152,3037,3116,3126,3006,3125,3077,3090,3093,3039,3055,2965,3036,3084,3055,2991,3001,3062,2982,2962,3132,3104,3001,2982,2951,3024,3021,3075,2996,3006,3024,3008,3109,2929,3019,3055,3100,3023,3073,2934,3040,3134,3038,3091,3147,3030,2978,3049,2988,3021,3164,3110,3238,3066,3060,3036,2975,3074,3204,3058,3159,3052,2981,3117,3228,3189,3268,3232,3142,3150,3182,3322,3327,3279,3145,3206,3199,3332,3173,3066,3353,3260,3195,3200,3199,3244,3273,3107,3265,3243,3171,3137,3374,3272,3258,3288
429,4290,clench,3158,3160,3126,3356,3106,3149,3173,3108,3166,3241,3076,3088,3061,3213,3168,3246,3054,3159,3131,3168,3201,3074,3187,3243,3212,3149,3193,3253,3184,3204,3112,3259,3252,3062,3178,3119,3229,3263,3227,3170,3180,3152,3159,3201,3177,3182,3274,3180,3062,3066,3128,3113,3218,3220,3305,3200,3144,3117,3197,3194,3233,3227,3126,3179,3374,3353,3359,3449,3384,3367,3304,3287,3276,3354,3336,3296,3425,3233,3255,3293,3383,3366,3393,3267,3295,3350,3401,3315,3366,3362,3345,3283,3413,3287,3196,3338
430,4300,neutral,3236,3022,3295,3243,3118,3152,3149,3216,3259,3066,3223,3164,3237,3140,3149,3220,3209,3144,3263,3071,3120,3288,3270,3249,3156,3273,3086,3210,3235,3052,3140,3126,3194,3145,3176,3103,3174,3099,3104,3132,3178,3161,3104,3191,3182,3250,3092,3207,3081,3191,3138,3145,3054,3126,3063,3128,3150,3209,3195,3109,3080,3112,3150,3256,3398,3313,3397,3388,3421,3269,3380,3366,3301,3287,3463,3326,3387,3317,3270,3304,3319,3352,3330,3373,3344,3430,3391,3424,3342,3386,3272,3290,3342,3265,3399,3316
431,4310,clench,2993,3073,3106,3069,3099,3058,3099,3061,3029,3012,3122,3103,3074,3125,3113,3093,3122,3039,3077,3203,3035,3018,3159,3074,3088,3017,3121,3132,3162,3093,3068,3155,3088,3159,3059,3057,3065,3096,3034,3190,3014,3013,3140,3115,3242,3110,3009,2961,3117,3179,3087,3011,3150,3123,3201,3128,3072,2915,3055,3017,3040,3029,3118,3082,3196,3292,3245,3294,3205,3266,3309,3264,3211,3329,3243,3259,3282,3255,3227,3250,3279,3211,3162,3219,3168,3283,3242,3349,3220,3224,3212,3257,3296,3361,3214,3129
432,4320,clench,3045,2925,2990,3010,2924,3049,2970,2936,3014,2970,2972,2998,3120,2926,3079,3024,3074,2869,2989,2937,2969,2966,2922,3025,3005,2988,2964,2973,2941,2970,2955,2992,3028,2942,3003,2889,3020,3029,2937,2967,2971,2982,3157,3023,2885,2982,2997,3040,2956,2917,3001,2946,2995,3075,3076,2945,3035,2983,2955,3065,2928,2918,2948,3047,3177,3176,3278,3223,3189,3305,3288,3183,3121,3265,3235,3081,3188,3015,3175,3247,3292,3136,3176,3161,3233,3083,3164,3139,3128,3112,3068,3112,3168,3336,3100,3189
433,4330,clench,3290,3221,3341,3241,3164,3197,3275,3225,3057,3276,3199,3311,3161,3195,3189,3165,3281,3306,3204,3224,3195,3162,3191,3225,3091,3214,3228,3176,3142,3205,3215,3205,3018,3135,3263,3129,3094,3098,3161,3166,3195,3087,3200,3161,3180,3191,3154,3168,3048,3069,3164,3132,3225,3130,3091,3225,3233,3151,3118,3200,3070,3233,3052,3173,3225,3240,3176,3180,3159,3070,3259,3193,3253,3195,3213,3276,3341,3253,3130,3174,3248,3135,3279,3251,3178,3316,3168,3236,3217,3212,3130,3285,3136,3240,3214,3217
434,4340,clench,3175,3122,3092,3085,3180,3028,3157,3119,3115,3159,3265,3222,3143,3211,3113,3162,3280,3040,3195,3127,3031,3225,3071,3158,3051,2959,3215,3180,3209,3061,3117,3151,3110,3193,3110,3128,3218,3225,3117,3099,3155,3157,3165,3205,3124,3185,3142,3168,3056,3151,3056,3123,3164,3120,3196,3191,3177,3128,3048,3021,3090,3179,3106,3161,3247,3355,3253,3356,3250,3418,3383,3292,3369,3296,3326,3358,3324,3295,3327,3385,3290,3333,3340,3289,3286,3391,3313,3328,3272,3172,3330,3312,3297,3297,3387,3287
435,4350,clench,3079,3143,3201,3198,3150,3161,3015,3139,3154,3164,3187,3165,3119,3098,3102,3221,3154,3100,3109,3254,3239,3140,3159,3095,3105,3162,3120,3147,3094,3046,3176,3198,3122,3148,3093,3240,3014,3184,3174,3108,3241,3154,3231,3121,3055,3099,3124,3080,3180,3144,3120,3196,3164,3166,3146,3214,3144,3173,3158,3216,3162,3230,3128,3131,3342,3208,3383,3327,3230,3396,3302,3369,3369,3276,3301,3277,3272,3323,3314,3266,3338,3274,3235,3330,3289,3356,3369,3323,3306,3304,3326,3286,3319,3456,3309,3282
436,4360,clench,3143,3137,3117,3149,3078,3253,3140,3103,3110,3136,3144,3151,3066,3067,3205,3133,3200,3193,3063,3123,3142,3140,3114,3105,3230,3102,3036,3131,3182,3211,3143,3216,3203,3151,3028,3161,3251,3214,3132,3135,3053,3038,3139,3178,3058,3107,3228,3079,3077,2989,3127,3234,2985,3085,3105,3054,3060,3163,3120,3064,3097,3147,3222,3100,3362,3354,3318,3424,3258,3411,3326,3283,3453,3276,3267,3292,3319,3370,3292,3416,3387,3340,3357,3416,3374,3257,3260,3275,3375,3326,3265,3293,3230,3420,3448,3288
437,4370,clench,3112,3053,3107,3074,3185,3124,3050,3098,3140,3076,3110,3088,3035,3175,3207,3201,3044,3117,3094,3136,3106,3169,3034,3092,3152,3073,3133,3033,3076,3124,3194,3110,3166,3106,3175,3140,3196,3127,3096,3177,3155,3062,3044,3107,3177,3148,3112,3022,3105,3031,3051,3072,3076,3139,3061,3062,3173,3143,3009,3197,3071,3132,3044,3196,3291,3270,3280,3454,3312,3247,3187,3152,3323,3317,3358,3285,3204,3293,3300,3259,3302,3243,3321,3250,3323,3374,3393,3262,3240,3327,3299,3317,3336,3218,3309,3354
438,4380,clench,3099,3144,3145,3163,3190,3198,3169,3123,3174,3126,3071,3138,3130,3013,3200,3125,3119,3174,3194,3081,3129,3218,3095,3085,3166,3141,3106,3110,3212,3184,3081,3029,3086,3211,3143,3107,3122,3040,3178,3116,3169,3103,3198,3075,3199,3134,3128,3075,3120,3230,3050,3076,3126,3090,3178,2996,3164,2995,3136,3087,3104,3011,3178,3100,3251,3250,3364,3327,3255,3273,3207,3300,3256,3282,3349,3206,3303,3316,3315,3311,3306,3203,3319,3358,3310,3294,3265,3339,3336,3307,3323,3219,3304,3312,3202,3267
439,4390,clench,3056,3072,3110,3140,3108,3105,3121,3091,3153,3044,3089,3071,3087,3216,3136,3190,3134,3055,3228,3045,3105,3043,3258,3090,3051,3180,3025,3239,3182,3083,3068,3105,3065,3157,3087,3119,3073,3068,3109,3183,3136,3142,3127,3120,3286,3115,3227,3165,3082,3161,3178,3072,3097,3187,3080,3006,3051,3117,3026,3153,3099,3072,3143,3205,3390,3267,3279,3255,3346,3325,3320,3298,3371,3292,3405,3306,3386,3375,3318,3234,3348,3332,3300,3366,3250,3291,3269,3319,3329,3222,3254,3317,3222,3208,3227,3379
440,4400,clench,3209,3228,3180,3282,3101,3039,3226,3215,3154,3146,3222,3166,3120,3133,3113,3065,3078,3254,3088,3204,3235,3154,3160,3114,3179,3162,3230,3082,3134,3103,3160,3110,3234,3199,3092,3021,3308,3104,3106,3119,3169,3187,3260,3135,3259,3227,3257,3112,3245,3068,3159,3109,3159,3088,3115,3203,3132,3170,3158,3147,3153,3120,3074,3145,3443,3358,3372,3321,3223,3305,3392,3332,3428,3320,3192,3373,3203,3346,3350,3341,3338,3387,3296,3248,3403,3200,3329,3380,3391,3456,3320,3352,3427,3292,3308,3364
441,4410,clench,3175,3071,3063,3244,3150,3225,3261,3169,3119,3211,3136,3146,3172,3109,3132,3130,3265,3103,3256,3104,3154,3153,3038,3197,3187,3116,3249,3158,3245,3267,3163,3182,3121,3226,3169,3258,3217,3223,3193,3137,3149,3210,3110,3092,3128,3156,3170,3170,3120,3172,3242,3123,3236,3229,3177,3098,3149,3229,3183,3054,3035,3216,3133,3216,3313,3347,3432,3435,3371,3333,3318,3344,3346,3276,3370,3342,3249,3282,3380,3308,3342,3302,3312,3326,3274,3407,3470,3293,3307,3246,3306,3255,3361,3363,3353,3340
442,4420,clench,3228,3120,3107,3053,3057,3125,3155,3131,3057,3097,2953,3041,3017,3056,3126,3041,3140,3183,3102,3195,3088,3072,3111,2958,3091,3095,3087,3071,3189,3080,3074,3135,3170,3154,3026,3066,3053,3168,3119,3125,3186,3147,3108,3177,3067,3168,3069,3104,3149,3149,3095,3150,3080,3061,3147,3129,3096,3177,3103,3127,3083,3085,3128,3113,3153,3394,3358,3248,3271,3306,3201,3327,3298,3280,3246,3240,3351,3394,3203,3259,3258,3122,3219,3368,3318,3399,3329,3315,3343,3320,3351,3426,3208,3312,3198,3311
443,4430,clench,3085,3104,3234,3074,3106,3042,3108,3045,3154,3063,3176,3116,3098,3033,3104,3114,3065,3103,3142,3099,3178,3234,3091,3046,3127,3074,3118,3113,3039,3099,3126,3080,3044,3225,3105,3122,3204,3086,3083,3269,3181,2993,3118,3125,3197,2996,3148,3159,3008,3147,3110,3100,3158,3093,3056,3154,3203,3085,3120,3111,3140,3045,3241,3153,3343,3263,3230,3186,3270,3308,3301,3352,3359,3320,3248,3327,3347,3360,3290,3420,3369,3262,3392,3287,3234,3307,3366,3289,3282,3342,3321,3352,3462,3267,3291,3361
444,4440,clench,3020,3167,3122,3160,3165,3043,3086,3125,3058,3109,3083,3134,3177,3068,3153,3133,3043,3162,3081,3131,3152,3161,3161,3058,3049,3180,3170,3138,3162,3021,3116,3167,3027,3111,3054,3009,3160,3081,3120,2980,3347,3123,3003,3014,3033,3049,3045,3098,3039,3083,3094,3047,3045,3003,3141,3068,3005,3126,3039,3033,3159,3143,3105,3145,3055,3271,3081,3183,3262,3110,3144,3010,3006,3069,3109,3055,3070,3128,3109,3177,3039,3043,3096,3096,3116,3114,2972,3038,3122,3060,3066,3057,3101,3035,3101,3144
445,4450,clench,3176,3036,3095,3154,3114,3131,3266,3117,3212,3248,3225,3150,3179,3068,3128,3170,3127,3258,3115,3173,3121,3176,3173,3118,3189,3277,3151,3234,3214,3193,3135,3231,3162,3131,3304,3151,3159,3204,3144,3271,3205,3224,3054,3178,3115,3188,3146,3166,3081,3223,3091,3252,3284,3206,3130,3116,3151,3242,3096,3210,3141,3078,3090,3231,3347,3234,3255,3417,3440,3300,3358,3312,3409,3319,3385,3376,3447,3267,3387,3314,3384,3423,3417,3409,3364,3446,3467,3369,3265,3348,3345,3276,3318,3358,3370,3379
446,4460,clench,3222,3093,3169,3090,3148,3048,3119,3028,3048,3117,3080,2993,3101,3087,3056,3166,3108,3130,3148,3135,3134,3061,3159,3063,2995,3202,3045,3075,3088,3060,3072,3042,3171,3206,3065,3172,3134,3206,3127,3096,3125,2999,3087,3133,3216,3135,2978,3030,3003,3050,3149,2947,3261,3113,3043,2971,3089,3252,3113,3102,3112,3081,3059,2898,3320,3291,3322,3224,3297,3436,3285,3258,3241,3251,3443,3286,3302,3214,3204,3356,3243,3263,3274,3353,3293,3392,3251,3300,3190,3248,3285,3183,3297,3293,3290,3298
447,4470,clench,2965,3081,3091,3188,2937,3110,3138,3082,2950,3021,3134,3140,3061,3103,3045,2938,3066,3048,3047,3110,3162,2987,3025,3187,3103,3110,2978,3091,3113,3149,3094,2877,3051,3078,3076,3121,3099,3033,3049,3131,3138,3027,2976,3089,2989,3127,3124,3125,3059,3086,3042,3158,3130,3038,3134,3098,3096,3087,3077,3053,3077,3079,3121,3057,3275,3158,3200,3169,3175,3188,3287,3260,3263,3295,3196,3274,3240,3279,3212,3213,3227,3239,3224,3173,3240,3305,3287,3194,3297,3218,3237,3261,3213,3257,3308,3380
448,4480,clench,3109,3132,3091,3137,3188,3100,3117,3170,3025,3193,3113,3162,3135,3113,3106,3053,3193,3122,3097,3079,3036,3083,3043,3113,3034,3053,3076,3132,2977,3110,3172,3085,3093,3183,3148,3167,3153,3159,3008,3038,3167,3177,3048,3161,3127,3037,3165,3017,3185,3158,3119,3046,3128,3172,3047,3094,3204,3129,3135,3137,3068,3107,3174,3172,3212,3201,3291,3172,3326,3206,3281,3335,3229,3286,3262,3296,3263,3384,3325,3238,3344,3227,3233,3220,3308,3248,3353,3348,3209,3257,3231,3254,3267,3233,3357,3234
449,4490,clench,3062,3196,3183,3285,3064,3186,3088,3138,3147,3164,3110,3190,3197,3113,3156,3116,3068,3038,3018,3144,3040,3166,3223,3221,3150,3221,3198,3144,3243,3137,3113,3158,3158,3159,3238,3165,3055,3133,3128,3159,3043,3218,3114,3276,3074,3159,3022,3119,3100,3252,3124,3195,3039,3203,3210,3211,3104,3122,3092,3094,3165,3163,3080,3206,3320,3245,3272,3435,3423,3327,3359,3292,3452,3344,3309,3407,3430,3322,3314,3306,3245,3352,3379,3431,3363,3259,3365,3317,3284,3309,3309,3234,3347,3287,3317,3303
450,4500,clench,3113,3118,3076,3146,3102,3175,3199,3195,3208,3206,3160,3028,3158,3163,3141,3096,3177,3148,3219,3009,3003,3170,3220,3090,3161,3067,3204,3037,3156,3108,3192,3124,2968,3145,3145,3159,3067,3129,3174,3119,3096,3191,3094,3126,3230,3140,3050,3216,3081,3082,3244,3199,3059,3059,3006,3052,3188,3141,3095,3098,3209,3111,3089,3136,3326,3273,3436,3414,3418,3319,3231,3290,3384,3341,3412,3279,3239,3320,3316,3373,3403,3378,3321,3222,3306,3294,3364,3389,3316,3270,3288,3368,3304,3368,3319,3418
451,4510,clench,2986,3258,3155,3132,3163,3138,3019,3121,2927,3081,3128,3110,3024,3150,3139,3127,3073,3095,3063,3076,3154,3132,3059,3195,3067,3163,3217,3181,3088,3132,3065,3153,3214,2975,3082,3055,3075,3151,3079,3027,3020,3058,3118,3017,3108,3071,3138,3084,3042,3028,3027,3062,3037,3055,3137,3031,3024,3137,2962,3039,3142,3062,3027,3012,3232,3293,3269,3379,3264,3333,3332,3386,3252,3221,3305,3423,3242,3431,3289,3215,3348,3286,3291,3330,3245,3215,3284,3231,3309,3213,3252,3124,3225,3307,3313,3390
452,4520,clench,3124,3168,3108,3224,3193,3071,3086,3137,3128,3165,3066,3143,3167,3074,3173,3071,3130,3189,3081,3244,3198,3055,3068,3138,3083,3066,3042,3130,3104,3200,3069,3209,3227,3155,3080,3175,3033,3251,3171,3086,3190,3156,3137,3197,3138,3145,3170,3100,3079,3192,3221,3148,3190,3144,3155,3177,3062,3110,3128,3248,3170,3146,3198,3228,3330,3286,3319,3312,3418,3352,3284,3267,3256,3451,3411,3371,3302,3184,3378,3313,3382,3366,3318,3288,3316,3319,3340,3327,3379,3246,3268,3321,3238,3330,3377,3319
453,4530,clench,3119,3302,3194,3258,3015,3171,3136,3147,3093,3140,3129,3042,3226,3200,3105,3223,3212,3230,3085,3259,3211,3242,3156,3102,3120,3149,3116,3021,3203,3145,3173,3181,3227,3083,3204,3224,3286,3126,3155,3122,3220,3104,3100,3218,3209,3252,3132,3193,3095,3171,3266,3088,3244,3091,3177,3094,3063,3178,3163,3173,3168,3162,3098,3065,3300,3355,3226,3482,3278,3255,3417,3269,3244,3309,3266,3410,3277,3325,3358,3319,3506,3326,3513,3427,3368,3253,3312,3260,3291,3263,3411,3329,3365,3368,3370,3411
454,4540,clench,3180,3113,3133,3269,3226,3207,3283,2980,3154,3198,3155,3120,3115,3182,3177,3186,3263,3249,3288,3176,3241,3164,3264,3248,3269,3174,3177,3276,3098,3212,3145,3183,3116,3156,3139,3208,3179,3130,3228,3155,3158,3195,3152,3178,3066,3180,3186,3081,3202,3120,3291,3182,3266,3236,3173,3156,3231,3217,3176,3202,3135,3236,3160,3172,3405,3403,3355,3303,3311,3380,3476,3322,3462,3326,3366,3374,3447,3296,3418,3330,3357,3413,3311,3295,3285,3224,3332,3317,3378,3381,3385,3463,3362,3418,3393,3362
455,4550,clench,3100,3088,3041,3043,3167,3113,3043,3162,3050,3119,3032,3103,3103,2982,3053,3148,3085,3111,3141,3150,3067,3135,3127,3040,3030,2969,3143,3079,3159,3224,3014,3122,3085,3142,3082,3102,3144,3233,3042,3121,3046,3116,3093,3018,3055,3105,3107,3107,3097,3140,3103,2999,3142,3082,3082,3130,3129,3034,3166,3199,3073,3129,3142,3105,3240,3346,3239,3217,3237,3308,3307,3262,3339,3287,3311,3327,3177,3307,3282,3254,3276,3192,3354,3317,3294,3270,3310,3139,3291,3291,3254,3233,3293,3250,3244,3260
456,4560,clench,3198,3143,3264,3105,3078,3117,3231,3144,3179,3138,3097,3116,3186,3127,3230,3143,3116,3190,3280,3175,3163,3216,3140,3165,3182,3131,3228,3127,3082,3156,3053,3123,3113,3164,3230,3038,3161,3153,3245,3221,3150,3172,3166,3113,3108,3164,3034,3185,3113,3234,3186,3061,3177,3124,3204,3166,3173,3242,3180,3139,3159,3244,3145,3098,3285,3249,3351,3332,3252,3341,3317,3281,3305,3360,3310,3302,3327,3387,3417,3321,3388,3376,3366,3381,3250,3398,3329,3347,3407,3408,3295,3378,3313,3376,3319,3381
457,4570,clench,3121,3154,3113,3043,3143,3015,2928,2967,3150,3112,3111,3131,3146,3079,3044,2987,3193,3096,3083,3195,3134,3117,3072,3113,3139,3004,3057,3103,3069,3117,3168,3136,3074,3020,2985,2982,3024,3006,3129,3205,3077,3057,3039,3052,3145,3036,3218,3047,3073,3089,3057,3038,3104,3117,3048,3111,3076,3055,3049,3063,3146,3194,3070,3089,3235,3296,3204,3211,3122,3346,3311,3246,3300,3254,3225,3186,3326,3235,3139,3281,3305,3247,3313,3321,3109,3278,3329,3289,3235,3283,3185,3236,3239,3422,3209,3217
458,4580,clench,3138,3255,3203,3222,3279,3273,3144,3136,3179,3253,3217,3140,3217,3150,3158,3261,3029,3161,3091,3078,3285,3150,3220,3180,3132,3217,3187,3129,3276,3125,3129,3040,3202,3113,3266,3127,3168,3089,3193,3363,3099,3206,3117,3108,3177,3136,3218,3189,3285,3153,3137,3138,3219,3126,3202,3179,3097,3137,3132,3211,3153,3093,3124,3250,3365,3302,3245,3250,3359,3353,3334,3340,3317,3400,3465,3339,3469,3399,3461,3337,3478,3421,3305,3396,3434,3396,3349,3305,3309,3383,3262,3257,3329,3389,3347,3288
459,4590,clench,3113,3111,3039,3130,3036,3132,3010,3006,3157,3001,3115,3118,3141,3170,3016,2999,3113,2959,3099,3046,3084,3027,3134,3237,3135,3089,3068,3119,3050,3020,2984,3061,3071,3063,3028,3099,3023,3083,3112,3083,3092,3126,3104,3095,3051,3065,3086,3143,3077,3046,3066,3088,3127,2980,3007,3150,3146,3082,3223,3089,3008,3142,2993,3095,3327,3310,3253,3314,3191,3183,3228,3314,3297,3176,3289,3336,3292,3310,3193,3291,3283,3238,3344,3220,3260,3261,3118,3300,3286,3222,3176,3290,3240,3254,3297,3312
460,4600,clench,3136,3154,2968,3159,3132,3119,3126,3172,3098,3094,3084,3231,3201,3257,3131,3207,3183,3207,3141,3180,3187,3093,3220,3129,3117,3144,3157,3233,3274,3210,3190,3264,3241,3204,3256,3049,3148,3206,3084,3069,3155,3216,3071,3140,3218,3191,3155,3267,3105,3179,3228,3161,3094,3069,3159,3189,3054,3216,3200,3156,3127,3131,3173,3180,3275,3312,3280,3490,3243,3313,3280,3310,3449,3441,3292,3302,3336,3261,3282,3302,3320,3341,3252,3328,3242,3289,3413,3224,3371,3309,3268,3268,3301,3236,3215,3365
461,4610,clench,3094,3172,3197,3168,3102,3107,3074,3247,3126,3152,3191,3084,3129,3177,3203,3304,3108,3216,3149,3228,3187,3210,3156,3136,3121,3133,3102,3154,3220,3115,3088,3187,3223,3206,3148,3174,3092,3216,3122,3101,3099,3122,3072,3171,3065,3218,3045,3143,3192,3116,3097,3088,3200,3112,3122,3232,3087,3066,3256,3104,3079,3124,3212,3168,3332,3390,3268,3250,3326,3381,3284,3301,3307,3246,3336,3323,3241,3300,3390,3290,3298,3294,3227,3232,3375,3221,3261,3261,3250,3297,3359,3269,3374,3361,3285,3375
462,4620,clench,3039,3103,3177,3128,3118,3234,3075,3145,3192,3250,3091,3171,3081,3143,3088,3099,3160,3149,3171,3069,3139,3206,3123,3167,3102,3149,3065,3179,3147,3231,3158,3157,3241,3188,3215,3116,3109,3155,3060,3184,3168,3254,3111,3180,3066,3253,3166,3028,3134,3169,3111,3157,3196,3142,3209,3084,3168,3068,3128,3093,3034,3118,3136,3183,3260,3326,3297,3305,3309,3351,3348,3380,3406,3281,3340,3378,3347,3336,3247,3255,3373,3407,3390,3288,3329,3240,3322,3282,3263,3362,3367,3386,3359,3366,3387,3432
463,4630,clench,3038,3110,3144,3229,3214,3150,3093,3157,3138,3083,3143,3036,3048,3053,3127,3123,3205,3189,3087,3158,3040,3092,3111,3217,3178,3128,3144,3158,3026,3082,3119,3121,3108,3168,3250,3043,3063,3062,3085,3120,3141,3091,3119,3122,3059,3100,3167,3158,2966,3160,3236,3123,3017,3121,3027,3071,3083,3122,3074,3101,3116,3124,3077,3000,3235,3254,3271,3251,3337,3327,3432,3201,3301,3318,3249,3213,3341,3306,3243,3220,3166,3304,3203,3410,3216,3365,3269,3335,3308,3353,3323,3339,3273,3300,3254,3172
464,4640,clench,3242,3134,3161,3171,3249,3129,3319,3316,3260,3251,3210,3205,3182,3247,3198,3189,3203,3322,3273,3218,3339,3234,3238,3098,3109,3211,3295,3243,3201,3195,3074,3237,3103,3037,3061,3087,3199,3051,3178,3112,3149,3214,3093,3248,3113,3162,3071,3060,3166,3138,3140,3153,3109,3072,3092,3045,3097,3141,3197,3111,3074,3146,3146,3081,3165,3269,3229,3230,3218,3179,3203,3289,3249,3286,3281,3218,3256,3124,3189,3251,3201,3096,3319,3218,3168,3312,3233,3245,3235,3196,3270,3167,3162,3124,3275,3232
465,4650,clench,3277,3182,3098,3189,3144,3136,3202,3139,3103,3128,3165,3199,3153,3212,3223,3068,3141,3290,3125,3279,3104,3237,3113,3179,3113,3311,3169,3053,3166,3151,3159,3147,3182,3130,3143,3081,3117,3167,3257,3016,3129,3129,3097,3277,3108,3147,3216,3264,3266,3137,3111,3217,3195,3274,3174,3139,3109,3157,3162,3326,3116,3139,3157,3266,3348,3260,3403,3407,3356,3377,3296,3302,3242,3337,3327,3428,3386,3338,3379,3436,3323,3343,3285,3279,3448,3369,3275,3365,3341,3403,3371,3432,3214,3312,3309,3477
466,4660,clench,3098,3047,3117,3127,3193,3143,3143,3109,3200,3080,3247,3190,3227,3126,3099,3118,3033,3308,3141,3072,3082,3078,3083,3115,3279,3156,3101,3176,3142,3049,3252,3045,3217,3154,3132,3111,3052,3231,3115,3071,3165,3101,3020,3215,3240,3187,3092,3113,3126,3182,3091,3268,3285,3216,3084,3075,3069,3124,3085,3145,3217,3070,3099,3090,3324,3286,3352,3265,3352,3354,3333,3353,3293,3339,3239,3273,3338,3307,3300,3276,3354,3366,3339,3360,3318,3251,3381,3263,3307,3275,3267,3359,3388,3312,3296,3270
467,4670,right,3236,3171,3228,3123,3281,3188,3174,3162,3194,3302,3129,3185,3242,3142,3114,3100,3101,3166,3171,3178,3221,3193,3138,3168,3183,3191,3197,3289,3208,3174,3269,3184,3193,3222,3183,3127,3277,3137,3280,3138,3139,3246,3216,3085,3124,3255,3187,3156,3220,3162,3221,3121,3170,3069,3162,3196,3144,3165,3204,3266,3183,3272,3170,3152,3250,3369,3450,3337,3358,3305,3446,3306,3324,3259,3390,3355,3393,3400,3377,3420,3314,3357,3454,3340,3402,3215,3364,3332,3292,3367,3245,3399,3320,3352,3393,3340
468,4680,clench,3065,3051,3194,3061,3096,3130,3117,3153,3078,3144,3175,3165,3070,3056,3186,3087,3082,3098,3102,3168,3097,3066,3111,3097,3044,3061,3158,3020,3074,3091,2979,3038,3056,3016,3173,3038,2938,3206,3127,3134,3084,3100,2963,3173,3084,3061,3075,3153,3111,3051,3058,3176,3062,3143,3028,3042,3180,3069,3070,3083,3043,3130,2974,3096,3199,3291,3297,3251,3272,3348,3274,3303,3399,3365,3292,3207,3303,3318,3216,3355,3301,3326,3336,3244,3232,3339,3288,3280,3289,3223,3269,3242,3149,3217,3246,3239
469,4690,clench,3109,3164,3146,3170,3205,3155,3184,3102,3161,3054,3144,3091,3210,3131,3278,3092,3132,3019,3038,3083,3152,3136,3123,3186,3013,3199,3120,3179,3090,3056,3052,3049,3086,3108,3169,3137,3087,3095,3141,3209,3186,3091,3149,3158,3176,3037,3075,3162,3132,3154,3085,3233,3194,3151,3189,3116,3083,3189,3107,3208,3122,3119,3008,3123,3219,3196,3273,3305,3310,3343,3314,3458,3264,3304,3322,3183,3280,3361,3287,3245,3350,3379,3318,3324,3258,3434,3319,3245,3266,3292,3414,3329,3176,3244,3286,3337
470,4700,clench,3179,3140,3165,3195,3112,3139,3187,3082,3111,3117,3198,3189,3236,3038,3154,3146,3193,3162,3176,3251,3218,3139,3215,3097,3181,3198,3115,3079,3185,3214,3160,3110,3192,3066,3068,3101,3145,3015,3153,3142,3069,3047,3351,3322,3064,3138,3082,3067,3138,3265,3175,3038,3179,3178,3238,3114,3103,3128,3213,3112,3249,3215,3154,3181,3283,3416,3396,3358,3455,3365,3317,3239,3289,3300,3413,3315,3342,3268,3346,3412,3224,3410,3375,3243,3238,3321,3246,3277,3289,3315,3271,3330,3251,3293,3268,3280
471,4710,clench,3135,3089,3098,3096,3018,3117,3172,3014,3127,3038,3118,3046,3079,2995,3087,3108,3127,3105,3055,3077,3072,3118,3027,3160,3072,3053,3057,3090,3030,3113,3091,2993,3079,3021,3025,3060,3045,2972,3091,3102,3196,3010,3124,3059,3200,3096,3038,3155,3083,3029,3114,3031,3145,3115,3117,3093,3024,3108,3016,3053,3034,3123,3038,3100,3277,3272,3315,3289,3121,3251,3427,3356,3344,3313,3198,3319,3248,3203,3266,3213,3266,3330,3166,3282,3305,3276,3282,3296,3240,3311,3288,3292,3292,3301,3338,3208
472,4720,clench,3070,3157,3148,3152,3174,3197,3081,3203,3079,3268,3253,3206,3184,3242,3212,3154,3117,3258,3158,3070,3181,3092,3186,3161,3178,3197,3129,3197,3209,3166,3327,3183,3203,3295,3198,3108,3179,3308,3237,3114,3166,3114,3189,3266,3129,3173,3208,3218,3144,3087,3058,3183,3130,3205,3213,3295,3095,3200,3193,3176,3250,3112,3157,3050,3468,3425,3339,3406,3379,3448,3352,3373,3397,3337,3374,3414,3414,3392,3305,3387,3273,3458,3283,3335,3300,3359,3374,3356,3252,3452,3356,3550,3251,3365,3322,3429
473,4730,clench,3303,3172,3320,3214,3223,3315,3219,3191,3124,3226,3290,3323,3185,3326,3252,3207,3198,3218,3169,3238,3270,3242,3214,3230,3184,3197,3178,3269,3271,3243,3279,3256,3182,3301,3255,3213,3186,3275,3265,3231,3293,3275,3305,3170,3282,3222,3322,3241,3279,3311,3288,3259,3266,3268,3216,3220,3244,3187,3236,3144,3275,3215,3233,3300,3397,3341,3421,3466,3550,3383,3317,3441,3407,3420,3325,3448,3485,3422,3455,3550,3355,3477,3428,3390,3490,3414,3347,3370,3321,3398,3453,3382,3419,3453,3424,3298
474,4740,clench,3042,3124,3199,3207,3077,3270,3159,3185,3112,3102,3074,3217,3164,3112,3221,3188,3052,3069,3010,3225,3114,3116,3021,3164,3224,3246,3141,3108,3170,3141,3240,3272,3201,3162,3184,3236,3219,3139,3130,3205,3166,3188,3187,3158,3049,3165,3257,3145,3067,3139,3062,3072,3163,3210,3189,3193,3124,3183,3134,3187,3202,3155,3185,3085,3350,3263,3218,3273,3333,3332,3304,3340,3377,3432,3366,3408,3286,3361,3285,3407,3303,3401,3393,3339,3305,3393,3351,3277,3400,3396,3375,3320,3391,3432,3260,3327
475,4750,clench,3018,3046,3072,3062,3135,3068,3083,3044,3052,3044,3010,3021,3063,3034,2886,3053,3004,3057,2984,2970,3037,3081,3034,3078,2961,3079,3062,3025,3044,2973,2960,3003,3068,3070,3136,3003,2983,3026,2946,2921,3006,3022,3057,3004,3100,3066,3216,3062,3053,3039,3071,3046,3037,2944,3022,3113,3079,3039,3105,3064,3003,3131,3100,3109,3189,3232,3266,3260,3197,3204,3207,3112,3246,3273,3168,3215,3260,3217,3225,3246,3240,3336,3173,3316,3204,3335,3140,3301,3288,3280,3259,3247,3139,3302,3276,3254
476,4760,clench,3175,3167,3097,3112,3127,3097,3238,3037,3082,3134,3116,3119,3057,3217,3076,3163,3117,3077,3120,3225,3109,2975,3092,3176,3108,3128,3060,2976,3128,3125,3217,3101,3212,3202,3030,3011,3087,3103,3081,3196,3101,3043,3145,3075,3147,3102,3051,3102,3110,3112,3029,3119,3191,3059,3201,3117,3040,3202,3144,3092,3114,3093,3134,3136,3342,3188,3300,3258,3342,3333,3271,3245,3293,3239,3350,3291,3373,3293,3321,3185,3223,3304,3254,3250,3243,3275,3278,3424,3264,3352,3198,3281,3257,3274,3213,3219
477,4770,clench,3009,2995,3022,3273,3107,3098,3107,3167,3093,3129,3144,3093,3201,3144,3073,3135,3099,3100,3083,3217,3227,3231,3111,3117,3104,3100,3095,3270,3124,3214,3152,3165,3167,3166,3127,3214,3184,3128,3108,3136,3237,3205,3056,3235,3177,3191,3177,3176,3209,3154,3250,3156,3136,3041,3223,3125,3166,3278,3100,3152,3130,3161,2970,3102,3344,3320,3232,3471,3330,3353,3367,3274,3525,3414,3289,3425,3262,3324,3361,3370,3376,3306,3402,3340,3386,3374,3330,3354,3423,3323,3353,3279,3279,3391,3328,3357
478,4780,clench,3133,3134,3165,3264,3253,3167,3166,3227,3153,3319,3298,3030,3206,3154,3191,3289,3260,3198,3188,3166,3196,3228,3274,3259,3240,3157,3251,3201,3264,3277,3189,3192,3149,3209,3201,3235,3162,3215,3231,3274,3210,3256,3229,3197,3150,3088,3257,3134,3217,3202,3194,3196,3159,3179,3199,3179,3197,3204,3232,3127,3200,3160,3194,3182,3272,3451,3390,3358,3352,3496,3472,3533,3432,3394,3379,3344,3372,3322,3362,3421,3262,3220,3358,3435,3393,3409,3317,3370,3380,3315,3397,3377,3293,3332,3347,3335
479,4790,clench,3139,3182,3136,3120,3105,3123,3177,3142,3165,3092,3152,3232,3167,3124,3155,3179,3137,3046,3172,3052,3124,3118,3161,3142,2953,3155,3051,3147,3217,3125,3154,3334,3050,3108,3137,3167,3132,3104,3180,3194,3075,3226,3076,3102,3040,2991,3068,3055,3095,3156,3119,3112,3081,3061,3150,3161,3210,3203,3088,3100,2996,3188,3245,2979,3243,3304,3185,3284,3226,3270,3216,3284,3236,3273,3374,3266,3176,3320,3312,3285,3397,3334,3272,3302,3308,3253,3318,3321,3357,3284,3260,3261,3408,3334,3288,3350
