seq,timestamp_ms,label,ch0_0,ch0_1,ch0_2,ch0_3,ch0_4,ch0_5,ch0_6,ch0_7,ch0_8,ch0_9,ch0_10,ch0_11,ch0_12,ch0_13,ch0_14,ch0_15,ch0_16,ch0_17,ch0_18,ch0_19,ch0_20,ch0_21,ch0_22,ch0_23,ch0_24,ch0_25,ch0_26,ch0_27,ch0_28,ch0_29,ch0_30,ch0_31,ch1_0,ch1_1,ch1_2,ch1_3,ch1_4,ch1_5,ch1_6,ch1_7,ch1_8,ch1_9,ch1_10,ch1_11,ch1_12,ch1_13,ch1_14,ch1_15,ch1_16,ch1_17,ch1_18,ch1_19,ch1_20,ch1_21,ch1_22,ch1_23,ch1_24,ch1_25,ch1_26,ch1_27,ch1_28,ch1_29,ch1_30,ch1_31,ch2_0,ch2_1,ch2_2,ch2_3,ch2_4,ch2_5,ch2_6,ch2_7,ch2_8,ch2_9,ch2_10,ch2_11,ch2_12,ch2_13,ch2_14,ch2_15,ch2_16,ch2_17,ch2_18,ch2_19,ch2_20,ch2_21,ch2_22,ch2_23,ch2_24,ch2_25,ch2_26,ch2_27,ch2_28,ch2_29,ch2_30,ch2_31
0,0,left,3282,3219,3260,3341,3302,3282,3281,3188,3299,3142,3222,3216,3139,3237,3342,3224,3172,3240,3297,3258,3246,3163,3278,3277,3329,3338,3291,3151,3164,3185,3269,3205,3063,3071,3095,3072,2968,3200,3142,3147,3012,2947,2968,2996,3114,3116,3150,3192,3096,3087,3045,3048,3000,3101,3090,3048,3025,3102,3154,3081,3095,3046,3065,3062,3032,3092,3146,3010,3151,3043,3045,2937,2921,3110,3000,3114,3068,3080,3145,3060,2868,2960,3122,3183,3058,3021,2979,3095,2955,2988,3070,3068,3046,3125,2987,2989
1,10,left,3223,3298,3227,3283,3239,3243,3366,3250,3375,3229,3247,3343,3129,3179,3282,3311,3319,3266,3201,3339,3318,3224,3299,3405,3305,3227,3275,3280,3324,3360,3250,3269,3136,3174,3003,3035,3155,3037,3115,3093,3052,3187,3098,3069,3091,3116,3006,3050,3026,2976,3165,3194,3180,3000,3133,3151,3076,3161,3044,3047,3063,3071,3054,3175,3089,3077,3249,3060,3142,3223,3040,3060,3090,3029,3183,3078,3170,3138,3106,3162,3085,3166,3022,3055,3173,2972,3126,3072,3063,3053,3172,3001,3143,3120,3065,3085
2,20,left,3200,3226,3255,3296,3361,3273,3259,3302,3270,3152,3217,3179,3296,3330,3276,3193,3303,3197,3270,3183,3172,3172,3257,3217,3283,3179,3286,3220,3333,3319,3245,3265,3099,3055,3138,3042,2957,3087,3066,3123,3109,3081,3080,3081,3034,3001,3025,3069,2939,3049,3016,3070,3027,3079,3062,3154,3056,3062,3078,2968,3013,3163,3108,3083,3050,3047,3045,2957,3121,3054,3061,3047,3030,2933,3079,3201,3131,3055,3018,3076,3097,3069,3127,3020,3143,3089,3047,3064,3103,3129,3088,3119,3230,2988,2967,3093
3,30,left,3364,3352,3220,3267,3339,3396,3229,3235,3353,3265,3225,3350,3186,3246,3345,3249,3333,3214,3334,3316,3385,3273,3267,3282,3351,3244,3280,3405,3335,3332,3258,3341,3032,3064,3205,3129,3062,3096,3143,3186,3016,3194,3168,3070,3087,3139,3091,3116,3043,2996,3251,3114,3116,3133,3181,3156,3038,3092,3102,3142,3059,3117,3107,3175,3145,3158,3176,3133,3082,3169,3149,3075,3041,3154,3067,3156,3206,3125,3124,3116,3189,3188,3107,3144,3100,3066,3140,3086,3038,2997,3145,3025,3014,3063,3121,2971
4,40,left,3304,3430,3298,3377,3368,3215,3309,3368,3278,3380,3241,3216,3277,3342,3279,3356,3208,3264,3381,3150,3315,3242,3250,3274,3205,3348,3326,3363,3299,3232,3326,3206,3258,3196,3157,3219,3112,3164,3079,3107,3132,3216,3083,3188,3123,3017,3006,3080,3185,3136,3229,3129,3203,3132,3062,3159,3070,3029,3068,3089,3127,3163,3147,3236,3135,3300,3124,3065,3094,3080,3107,3239,3049,3090,3216,3147,3147,3103,3181,3061,3179,3127,3107,3084,3172,3134,3088,3117,3045,3184,3189,3172,3120,3132,3018,3076
5,50,left,3242,3358,3267,3246,3163,3202,3270,3300,3176,3282,3302,3252,3285,3366,3236,3179,3257,3227,3276,3321,3332,3298,3362,3299,3339,3298,3293,3246,3276,3241,3257,3279,3070,3123,3013,3071,3166,3111,2982,3090,3078,3022,2989,3038,3032,3140,3133,3138,3165,2970,3086,3123,3064,3067,3058,3117,3104,3183,3133,3123,3110,3065,3121,3164,3030,3004,3137,3106,3113,3045,3141,3140,3082,3132,3043,3094,2979,3082,3247,3143,3204,3136,3117,3116,3080,3148,3061,3108,3302,3136,3078,3171,3133,3092,3041,3099
6,60,left,3232,3320,3313,3201,3309,3284,3312,3224,3270,3275,3215,3320,3272,3313,3230,3206,3221,3160,3245,3315,3380,3363,3373,3373,3424,3307,3353,3335,3139,3306,3300,3320,3073,3087,3162,3145,3207,3039,3185,3232,3059,3119,3016,2942,3028,3113,3123,3086,3149,3130,3225,3020,3053,3070,3066,3076,3253,3083,3145,3016,3060,3157,3165,3003,3108,3036,3115,3047,2998,3102,3144,3161,2992,3038,3087,3167,3185,3079,3030,3144,3080,3138,3180,3154,3054,3041,3026,3169,3195,3060,3093,3069,3121,3078,3079,3214
7,70,left,3320,3231,3242,3350,3212,3261,3213,3207,3285,3287,3188,3418,3377,3223,3305,3288,3238,3196,3277,3265,3351,3285,3211,3231,3272,3334,3199,3288,3354,3180,3360,3236,3068,3124,3132,3134,3277,2945,3069,3018,3088,3057,3085,3099,3064,3159,3009,3068,3103,3186,3017,3024,3134,3106,3011,3173,3117,3080,3080,3107,3078,3121,3121,3032,3222,3089,3228,3129,2953,3134,3062,2975,3112,3042,3096,3179,3155,3109,3109,3108,3060,3037,3070,3104,3045,3077,3092,3032,3152,3165,3096,3026,2963,2926,3151,3091
8,80,left,3215,3132,3383,3230,3121,3223,3225,3246,3224,3126,3227,3154,3213,3203,3248,3221,3188,3372,3189,3188,3239,3242,3273,3124,3180,3283,3232,3234,3129,3129,3167,3232,3074,2903,3016,3025,2995,2997,2956,3000,2877,3102,3036,3115,2975,2919,3136,2893,2951,3074,3115,2987,3016,3014,3064,2977,3069,3088,3027,3040,3177,3055,3011,3104,2971,2955,3105,3092,3099,3120,2950,2921,3084,3081,3035,3070,2980,2965,3022,3055,3068,3024,3069,3107,3063,3005,3139,2966,3050,3155,3189,3139,3016,2936,3015,3042
9,90,left,3240,3314,3271,3273,3204,3242,3120,3213,3141,3247,3271,3246,3330,3198,3233,3205,3220,3319,3156,3339,3322,3276,3219,3255,3216,3329,3173,3182,3243,3090,3330,3222,3060,2944,3054,3077,2980,2992,2990,3101,2979,3000,3050,3063,3020,3152,3155,2982,3167,3088,3100,3108,2978,2985,3091,3019,3231,3037,3122,3007,3197,3180,2977,3090,3151,2912,3038,3111,3035,3016,2966,3076,3041,2965,3061,3010,3070,3097,3120,3075,2992,3041,3031,3116,3011,3147,3052,3095,3027,3129,3019,3155,3081,3103,3090,3007
10,100,left,3262,3161,3171,3187,3140,3187,3148,3232,3191,3154,3159,3213,3155,3121,3139,3220,3098,3213,3258,3170,3190,3119,3150,3175,3231,3187,3143,3179,3139,3318,3175,3307,2988,3133,3028,3173,3092,3126,2946,3050,3017,3134,3008,3034,2983,2930,3065,3005,3046,2963,3017,2968,2986,3026,2982,3047,2942,2985,3088,2963,2898,3080,2994,2939,3074,2969,2934,3074,3049,3070,3000,3056,2972,3008,3040,3043,3095,3076,2973,2994,3071,3105,3058,3003,3042,3097,3108,2991,2966,3027,2986,3021,2967,3039,3049,3106
11,110,left,3249,3203,3271,3208,3401,3353,3370,3262,3281,3300,3264,3291,3315,3248,3288,3368,3302,3188,3239,3254,3269,3309,3244,3392,3286,3330,3248,3177,3331,3351,3363,3298,3063,3017,3117,3143,3141,3165,3172,3162,3160,3129,3081,2996,3127,3198,3145,3234,3160,3000,3186,3069,3120,3101,3124,3225,3200,3047,3155,3088,3207,3227,3110,3194,3165,3189,3117,3147,3125,3134,3129,3005,3120,3195,3054,3102,2953,3151,3135,3183,3221,3081,3090,3165,3104,3173,3035,3118,3071,3043,3144,3070,3101,3106,2966,3177
12,120,left,3299,3218,3306,3353,3279,3283,3315,3334,3317,3271,3332,3281,3279,3368,3278,3248,3331,3244,3369,3308,3364,3305,3244,3136,3252,3376,3280,3362,3376,3212,3287,3305,3193,3056,3140,3122,3037,3170,3207,3043,3147,3067,3174,3177,3091,3102,3211,3103,3180,3012,3029,3183,3135,3102,3055,3135,3042,3113,3164,3108,3031,3026,3100,2993,3059,3064,3080,3056,3183,3064,3031,3169,3063,3196,3150,3081,3114,3047,3042,3177,3090,3101,3083,3121,3097,3119,3119,3197,3089,3113,3128,3065,3151,3116,3089,3077
13,130,left,3268,3367,3295,3354,3271,3358,3295,3249,3269,3307,3196,3308,3178,3307,3247,3224,3263,3374,3400,3278,3386,3319,3405,3308,3347,3243,3379,3357,3377,3404,3290,3337,3091,3069,3190,3175,3163,3148,3259,3188,3103,3237,3235,3183,2995,3073,3154,3105,3026,3130,3076,3136,3135,3206,3062,3179,3055,3174,3140,3134,3115,3064,3127,3135,3130,3136,3043,3004,3119,3251,3102,3056,2953,3147,3053,3075,3131,3155,3231,3193,3161,3118,3048,3106,3181,2987,3120,3218,3182,3111,3108,3168,3116,3165,3237,3118
14,140,right,3228,3455,3463,3340,3378,3361,3376,3450,3376,3341,3367,3357,3390,3331,3306,3459,3390,3396,3477,3344,3330,3364,3280,3283,3276,3375,3241,3339,3327,3425,3311,3390,3197,3242,3046,3181,3134,3134,3237,3123,3117,3233,3040,3242,3097,3275,3116,3199,3184,3173,3199,3167,3236,3208,3063,3008,3311,3032,3176,3135,3134,3118,3303,3234,3218,3188,3296,3179,3068,3277,3282,3286,3216,3050,3097,3143,3170,3132,3192,3085,3118,3102,3137,3050,3272,3082,3104,3173,3093,3202,3200,3205,3093,3087,3115,3107
15,150,left,3339,3317,3302,3295,3369,3234,3193,3260,3270,3253,3257,3260,3295,3233,3215,3273,3311,3270,3204,3281,3250,3315,3258,3286,3346,3299,3287,3276,3244,3329,3210,3257,3145,3255,3037,3156,3110,3238,2959,3057,3147,3113,3138,2999,3091,3068,3239,3131,3133,3090,3197,3113,3127,3044,3163,3159,3033,3049,3119,3084,3037,3103,3135,3090,3134,3096,3090,3135,3195,3191,3122,3092,3111,3126,3150,3096,3106,3127,3045,3104,3123,3153,3122,3068,3028,3052,3015,3029,3051,3062,3129,3080,3084,3104,3044,3014
16,160,left,3214,3242,3313,3312,3290,3273,3300,3164,3106,3182,3260,3178,3208,3235,3233,3172,3226,3295,3279,3242,3232,3333,3347,3187,3211,3219,3287,3251,3233,3353,3284,3206,3051,3149,2943,3055,3070,3132,3059,3105,3106,2955,3023,3019,3062,2978,3080,3036,3068,2918,3074,3072,2969,3040,3086,3178,3015,3056,3002,3085,2968,3014,3058,3051,3034,3016,3111,3056,2974,3083,3087,3134,3162,3058,3141,3075,3094,3030,3056,3036,2935,3038,2963,3072,2908,3063,2950,2998,3036,3074,2989,3044,3111,3043,3080,3046
17,170,left,3311,3147,3254,3258,3377,3295,3258,3305,3277,3253,3245,3378,3410,3313,3338,3372,3293,3338,3242,3198,3271,3384,3310,3240,3343,3391,3262,3354,3449,3297,3326,3275,3077,3216,3187,3144,3276,3134,3162,3200,3113,3090,3118,3083,3155,3159,3108,3015,3107,3059,3111,3155,3227,3217,3053,3142,3097,3143,3237,3171,3154,3102,3086,3109,3233,3175,3130,3137,3187,3245,3265,3087,3058,3201,3196,3210,3250,3135,3197,3083,3224,3141,3140,3081,3234,3207,3189,3069,3104,3216,3142,3162,3172,3126,3218,3031
18,180,left,3346,3466,3319,3297,3382,3325,3338,3457,3236,3401,3294,3370,3390,3380,3267,3365,3398,3482,3384,3291,3316,3309,3444,3417,3268,3335,3451,3316,3403,3351,3385,3343,3141,3226,3284,3185,3222,3227,3127,3132,3231,3218,3140,3075,3146,3147,3209,3156,3173,3233,3207,3149,3240,3204,3277,3134,3181,3146,3100,3106,3177,3203,3137,3153,3159,3141,3223,3139,3205,3145,3175,3157,3142,3184,3285,3220,3178,3259,3071,3191,3138,3113,3152,3177,3123,3195,3092,3221,3223,3314,3233,3171,3162,3222,3223,3114
19,190,left,3422,3353,3315,3322,3367,3325,3321,3384,3271,3347,3346,3399,3352,3380,3386,3400,3282,3312,3317,3442,3391,3354,3358,3326,3402,3312,3366,3341,3267,3388,3354,3319,3204,3123,3089,3230,3155,3175,3200,3239,3091,3052,3217,3130,3164,3199,3239,3105,3119,3024,3164,3144,3148,3251,3077,3046,3081,3179,3046,3073,3164,3067,3091,3066,3091,3181,3100,3151,3086,3184,2986,3266,3159,3065,3091,3134,3147,3098,3214,3134,3100,3146,3202,3059,3097,3216,3171,3154,3268,3249,3077,3065,3179,3210,3138,3181
20,200,left,3368,3318,3331,3334,3386,3286,3404,3235,3408,3353,3385,3405,3360,3414,3373,3338,3396,3417,3229,3348,3209,3341,3339,3333,3409,3406,3388,3174,3426,3300,3173,3349,3135,3246,3140,3100,3214,3096,3218,3096,3198,3273,3215,3114,3057,3128,3060,3242,3217,3020,3129,3185,3212,3084,3157,3085,3132,3202,3032,3153,3204,3051,3101,3245,3211,3192,3236,3214,3158,3115,3199,3097,3116,3128,3135,3085,3149,3202,3053,3027,3116,3158,3179,3171,3148,3276,3197,3160,3194,3173,3144,3173,3132,3130,3233,3052
21,210,left,3294,3300,3319,3330,3281,3240,3275,3180,3337,3216,3256,3246,3387,3235,3254,3346,3289,3226,3323,3249,3309,3339,3219,3196,3224,3293,3376,3293,3300,3232,3258,3272,3087,3080,3111,3167,3115,3155,3137,3134,3075,3089,3101,3074,3114,3043,3141,3089,3008,3156,3167,3154,3038,3029,3067,3038,3121,3035,3052,3096,3063,3009,3083,3037,3097,3093,3029,3048,3101,3008,3169,3093,3096,3026,3060,3054,2988,3020,3158,3023,3091,3139,3058,3103,3072,3062,3145,3066,2965,3021,3073,3128,3043,3159,2981,3049
22,220,left,3213,3297,3180,3213,3233,3152,3246,3259,3264,3311,3212,3296,3261,3216,3183,3305,3141,3288,3250,3306,3195,3148,3258,3273,3286,3245,3228,3225,3266,3171,3236,3255,3028,2990,3145,3068,3106,3010,2964,3033,3082,3097,3111,3015,3063,2962,2994,3032,3055,3131,3098,3140,2963,3079,2998,3119,3047,3084,3115,3076,3012,3030,3014,3030,3106,2946,3215,3059,3072,3030,3042,3045,3019,3133,3051,3066,3037,3238,3032,3097,3135,3003,3017,3002,3087,3095,3124,3012,3069,3038,3090,2903,3172,3023,3110,3006
23,230,left,3354,3192,3233,3172,3331,3308,3299,3191,3271,3239,3234,3265,3311,3335,3294,3340,3282,3268,3301,3284,3283,3364,3339,3291,3271,3317,3331,3274,3236,3178,3395,3297,3149,3194,3038,3187,3170,3158,3075,3089,3127,3109,3096,3147,3128,3054,3005,3088,3090,3027,3037,3012,3078,2991,3141,3075,3100,3214,3100,3004,3156,3086,3008,3011,3069,3175,3045,3121,3115,3037,3116,3081,3081,3091,3149,3117,3211,3083,3047,3132,2976,3196,3227,3181,3130,3084,3132,3051,3120,3105,3133,3031,3117,3076,3041,3053
24,240,left,3415,3433,3351,3314,3284,3428,3319,3368,3237,3280,3413,3366,3331,3228,3346,3350,3385,3242,3251,3320,3316,3297,3282,3256,3312,3246,3289,3346,3261,3295,3432,3238,3153,3221,3188,3218,3191,3101,3109,3136,3153,3206,3116,3159,3189,3043,3156,3141,3114,3106,3005,3047,3131,3092,3194,3078,3082,3186,3127,3182,3087,3071,3200,3174,3100,3282,3163,3293,3157,3147,3176,3228,3146,3131,3129,3123,3165,3227,3172,3104,3123,3095,3133,3050,3181,3142,3105,3126,3126,3138,3132,3183,3172,3006,3139,3252
25,250,left,3404,3374,3201,3314,3358,3363,3240,3364,3331,3239,3304,3357,3375,3306,3396,3314,3334,3359,3255,3314,3240,3216,3266,3259,3298,3333,3295,3258,3311,3239,3293,3364,3011,2989,3186,3175,3132,3199,3159,3168,3082,3204,3247,3227,3147,3157,3207,3118,3191,3094,3220,3213,3224,3168,3070,3155,3153,3128,3134,3260,3162,3201,3173,3102,3118,3188,3088,3066,3133,3147,3106,3109,3143,3132,3117,3187,3145,3190,3168,3092,3128,3196,3152,3240,3139,3126,3080,3027,3081,3237,3040,3230,3189,3012,3099,3210
26,260,left,3348,3212,3278,3227,3307,3422,3260,3215,3350,3182,3314,3339,3421,3355,3446,3301,3370,3280,3369,3395,3299,3341,3343,3440,3345,3327,3328,3187,3320,3375,3319,3330,3207,3165,3162,3167,3093,3084,3084,3167,3086,3186,3098,3141,3211,3292,3174,3023,3131,3181,3193,3102,3028,3144,3106,3100,3045,3151,3032,3109,3130,3123,3143,3231,3118,3077,3057,3063,3077,3174,3158,3071,3092,3208,3029,3164,3205,3109,3178,3173,3151,3077,3141,3072,3087,3226,3126,3055,3200,3226,3232,3199,3181,3016,3209,3118
27,270,left,3398,3426,3295,3286,3460,3387,3330,3287,3363,3445,3299,3376,3273,3397,3349,3436,3372,3349,3298,3287,3319,3378,3346,3358,3353,3394,3442,3356,3391,3252,3225,3283,3083,3080,3189,3146,3142,3109,3190,3165,3150,3090,3076,3247,3115,3127,3116,3076,3082,3170,3034,3216,3067,3044,3027,3154,3284,3214,3190,3142,3202,3176,3173,3184,3202,3234,3135,3208,3185,3064,3092,3195,3148,3207,3156,3148,3105,3035,3208,3122,3146,3118,3188,3139,3123,3126,3128,3161,3187,3006,3112,3151,3231,3215,3137,3115
28,280,left,3308,3298,3197,3125,3181,3276,3363,3319,3276,3208,3284,3216,3178,3212,3204,3359,3225,3328,3281,3272,3295,3294,3400,3216,3253,3303,3329,3209,3264,3364,3280,3276,3048,3142,3024,3117,3109,3006,3117,3136,3194,3119,3086,3106,3013,3131,3133,3017,2974,3002,3063,3050,3157,3100,3058,3122,3089,3041,3028,3060,3160,3132,3202,3057,3037,3040,3020,2990,3140,3061,2997,2993,3067,3084,3090,3008,2999,2970,3102,3072,3163,3058,3096,3047,2986,3145,2986,3126,3152,3020,3055,3075,3053,3131,2986,3002
29,290,left,3222,3345,3223,3202,3251,3266,3261,3248,3360,3201,3254,3294,3186,3307,3288,3188,3327,3327,3179,3296,3213,3242,3276,3278,3232,3197,3307,3206,3234,3207,3246,3190,3077,3098,3110,3190,3071,3072,3048,3024,3159,3044,2983,3034,3125,3006,3163,3123,3084,3035,3036,3120,3094,3050,2979,3104,2993,3102,3056,3056,3059,3025,3064,3109,3105,3065,3071,3020,2998,3185,3096,3144,3046,3178,3190,3044,3127,2966,3050,3073,3105,3127,3060,3106,3072,3203,2980,3052,3085,3086,2932,3023,3112,3097,2938,3050
30,300,left,3242,3292,3392,3272,3315,3255,3309,3385,3292,3293,3369,3242,3300,3250,3351,3275,3358,3398,3239,3363,3365,3271,3233,3346,3280,3253,3292,3261,3285,3329,3296,3223,3054,3033,3123,3161,3000,3184,3255,3220,2917,3152,3125,3164,3198,3132,3017,3073,3124,3128,3160,3122,3207,3058,3080,3171,3141,3243,3059,3000,3097,3190,3070,3057,3114,3121,3094,3023,3253,3067,3178,3006,3073,3010,3025,3016,3146,3102,3137,3137,3026,3093,3011,3215,3157,3104,3003,3184,3071,3038,3004,3219,3182,3088,3172,3007
31,310,left,3257,3201,3372,3231,3357,3371,3244,3345,3376,3319,3263,3188,3342,3288,3252,3269,3293,3452,3305,3377,3257,3408,3313,3338,3275,3281,3244,3365,3384,3364,3317,3330,3113,3089,3129,3095,3167,3109,3046,3032,3027,3214,3124,3205,3215,3109,3278,3120,3158,3085,3159,3109,3172,3249,3178,3060,3050,3077,3257,3111,3004,3101,3165,3105,3195,3075,3200,3071,3230,3090,3214,3119,3076,3121,3135,3064,3159,3057,3057,3132,3170,3067,3151,3215,3138,3101,3206,3238,3123,3154,3119,3175,3210,3097,3257,3148
32,320,left,3175,3446,3354,3328,3394,3311,3308,3406,3277,3321,3382,3337,3358,3253,3209,3374,3372,3409,3438,3332,3353,3396,3233,3323,3302,3347,3422,3324,3284,3270,3264,3327,3233,3175,3153,3167,3147,3248,3072,3047,3184,3071,3170,3182,3035,3144,3190,3110,3080,3219,3071,3143,3181,3068,3166,3077,3150,3123,3197,3182,3183,3061,3127,3071,3101,3109,3065,3111,3057,3146,3162,3061,3078,3171,3100,3160,3069,3307,2976,3147,3159,3190,3078,3130,3149,3124,3190,3135,3234,3123,3070,3217,3154,3121,3205,3178
33,330,left,3233,3160,3280,3279,3146,3141,3178,3238,3191,3185,3135,3245,3311,3217,3318,3200,3380,3135,3269,3200,3269,3105,3216,3303,3287,3286,3287,3191,3239,3315,3118,3322,3014,3040,3056,2994,2976,3026,3134,2915,3078,3186,3051,3042,2986,2970,3000,3080,2988,3097,3000,3062,3104,3025,3089,2999,3014,3081,3153,2960,3098,2913,3025,2987,3020,2950,3127,3083,3018,3154,3108,3074,3078,3018,3070,2940,3059,3059,3071,3027,3012,3011,3226,3121,3101,3006,3083,3035,2951,3108,2972,3003,3078,3042,2861,2940
34,340,left,3430,3400,3341,3500,3521,3420,3329,3437,3417,3441,3483,3420,3447,3423,3341,3343,3334,3363,3307,3386,3478,3362,3414,3355,3343,3385,3377,3279,3352,3353,3400,3355,3182,3153,3191,3229,3149,3235,3321,3211,3205,3173,3234,3270,3238,3191,3341,3261,3211,3105,3245,3211,3137,3218,3250,3331,3299,3131,3200,3270,3243,3167,3029,3169,3149,3255,3277,3173,3208,3181,3270,3320,3194,3273,3245,3143,3151,3241,3085,3185,3255,3113,3199,3119,3224,3166,3253,3164,3223,3160,3203,3165,3263,3253,3216,3145
35,350,left,3253,3387,3389,3318,3334,3366,3385,3299,3288,3410,3462,3481,3282,3386,3308,3389,3430,3375,3211,3325,3331,3391,3260,3416,3312,3400,3244,3533,3370,3341,3332,3396,3168,3188,3259,3139,3136,3116,3118,3113,3186,3201,3097,3268,3229,3167,3143,3160,3146,3059,3200,3138,3206,3236,3153,3174,3203,3166,3164,3164,3243,3180,3145,3247,3192,3198,3209,3225,3142,3213,3058,3209,3153,3161,3231,3232,3075,3157,3208,3090,3111,3118,3194,3190,3144,3175,3194,3186,3129,3256,3233,3217,3089,3168,3110,3123
36,360,left,3376,3357,3362,3308,3313,3215,3386,3287,3308,3290,3290,3375,3367,3268,3425,3328,3301,3263,3383,3383,3404,3231,3337,3275,3403,3428,3297,3242,3344,3399,3332,3237,3113,3240,3259,3056,3215,3116,3147,3213,3144,3163,3084,3240,3263,3281,3215,3127,3186,3084,3093,3143,3171,3159,3219,3135,3184,3072,3199,3125,3146,3191,3163,3082,3057,3126,3149,3173,3148,3171,3248,3104,3212,3084,3120,3092,3052,3248,3164,3204,3119,3156,3229,3174,3113,3111,3140,3293,3264,3095,3161,3179,3190,3046,3182,3201
37,370,left,3342,3384,3312,3315,3346,3234,3195,3350,3319,3328,3318,3401,3381,3351,3390,3284,3244,3364,3201,3260,3194,3284,3350,3293,3245,3285,3266,3410,3369,3296,3382,3349,3102,3192,3150,3116,3128,3093,3045,3086,3165,3127,3231,3127,3084,3183,3147,3116,3106,3130,3113,3225,3172,3123,3123,3114,3204,3164,3079,3113,3068,3171,3146,3281,3117,3125,3051,3153,3085,3115,3188,3155,3128,3167,3058,3104,3179,3119,3168,3178,3222,3204,3232,3180,3068,3158,3043,3093,3128,3148,3136,3122,3073,2991,3145,3138
38,380,left,3278,3413,3327,3292,3328,3267,3440,3303,3361,3386,3303,3326,3308,3293,3272,3351,3354,3296,3344,3256,3335,3314,3430,3230,3275,3304,3274,3324,3175,3306,3330,3316,3110,3106,3088,3110,3238,3169,3040,3219,3094,3197,3117,3099,3021,3087,3143,3208,3138,3169,3093,3193,3089,3283,3110,3092,3169,3132,3040,3117,3016,3176,3128,3150,3153,3138,3102,3132,3187,3102,3169,3185,3023,3086,3111,3181,3138,3185,3186,2992,3089,3071,3116,3137,3141,3124,3112,3157,3219,3063,3162,3196,3111,3169,3094,3116
39,390,left,3293,3307,3296,3299,3254,3245,3297,3167,3282,3264,3340,3318,3247,3271,3268,3230,3187,3323,3325,3204,3183,3269,3322,3216,3300,3299,3335,3226,3272,3266,3266,3254,3266,3221,3336,3367,3187,3238,3299,3273,3212,3302,3273,3333,3413,3347,3270,3243,3268,3178,3202,3222,3430,3269,3376,3379,3297,3308,3323,3228,3359,3221,3282,3305,3243,3129,3138,3284,3333,3111,3163,3110,3220,3257,3216,3357,3146,3126,3209,3262,3110,3120,3211,3222,3175,3199,3232,3048,3306,3250,3199,3221,3146,3167,3140,3169
40,400,left,3348,3293,3207,3406,3291,3351,3317,3299,3311,3333,3296,3224,3258,3361,3326,3312,3403,3370,3254,3311,3266,3247,3330,3212,3381,3410,3281,3280,3317,3254,3373,3281,3137,3150,3074,3014,3159,3131,3126,3182,3047,3074,3042,3224,3125,3163,3056,3045,3128,3158,3134,3119,3212,3072,3242,3043,3056,3116,3112,3171,3078,3060,3125,3167,3049,3105,3172,3191,3121,3086,3037,3197,3010,3153,3121,3096,3154,3056,3140,3142,3241,3152,3136,3119,3181,3131,3148,3194,3093,3086,3057,3217,3209,3161,3226,3220
41,410,left,3353,3240,3341,3187,3364,3188,3279,3344,3288,3315,3253,3408,3368,3288,3408,3275,3314,3279,3358,3386,3259,3213,3338,3326,3340,3294,3386,3309,3297,3233,3303,3280,3119,3222,3205,3128,3241,3111,3133,3060,3088,3324,3042,3082,3132,3002,3178,3178,3153,3043,3070,3092,3163,3261,3081,3098,3077,3151,3049,3145,3215,3084,3135,3118,3096,3111,3040,3063,3193,3123,3085,3168,3156,3067,3119,2969,3118,3211,3137,3107,3169,3017,3225,3171,3188,3010,3039,3087,3014,3163,3089,3000,3135,3113,3097,3046
42,420,left,3264,3283,3275,3260,3232,3272,3198,3313,3263,3286,3315,3296,3282,3202,3380,3229,3177,3304,3255,3210,3247,3177,3246,3293,3413,3355,3380,3295,3309,3329,3247,3279,3103,2990,3116,3022,3192,3230,3102,3131,3045,3075,3092,3094,3073,3095,3062,3139,3105,3198,3069,3153,3124,3102,3226,3207,3093,3223,3028,3083,3044,3100,3147,3106,3236,3106,3072,3168,3096,3107,3034,3071,3129,3022,3128,3094,3040,3083,3044,3179,3038,3158,3132,3154,3147,3116,3169,3115,3088,3123,3144,2997,3145,3140,3109,3059
43,430,left,3152,3169,3362,3193,3173,3360,3336,3318,3301,3276,3341,3277,3289,3364,3346,3187,3197,3246,3329,3328,3388,3330,3379,3395,3357,3303,3370,3249,3313,3385,3280,3267,3165,3134,3242,3133,3088,3132,3162,3100,3105,3210,3169,3171,3136,3112,3240,3083,3223,3217,3037,3244,3144,3140,3075,3117,3185,3077,3101,3170,3122,3116,3163,3158,3105,3131,3042,3161,3106,3069,2973,3149,3119,3156,3092,3129,3172,3097,3237,3085,3231,3134,3139,3091,2990,3058,3126,3108,3208,3121,3228,3209,3144,3150,3076,3167
44,440,left,3382,3411,3239,3334,3315,3298,3433,3275,3224,3376,3357,3267,3263,3286,3242,3363,3254,3317,3226,3266,3260,3343,3412,3333,3276,3258,3254,3220,3269,3279,3387,3328,2971,3060,3127,3129,3240,3138,3127,3048,3120,3086,3108,3154,3106,2973,3167,3073,3163,3135,3156,3105,3102,3099,3160,3201,3072,3035,3145,3155,3137,3182,3138,3162,3091,3103,3126,3071,3215,3123,3098,3080,3202,3178,3079,3049,3167,3222,3099,3162,3151,3134,3214,3175,3066,3136,3047,3065,3081,3103,3094,3137,3148,3140,3094,3137
45,450,left,3370,3199,3253,3415,3414,3331,3288,3419,3417,3225,3304,3377,3435,3358,3379,3459,3396,3432,3392,3460,3380,3394,3416,3408,3423,3428,3396,3375,3465,3396,3403,3314,3136,3231,3183,3151,3269,3213,3188,3341,3226,3075,3284,3226,3350,3308,3157,3239,3114,3205,3128,3204,3212,3262,3173,3296,3094,3137,3198,3194,3109,3284,3205,3149,3218,3207,3147,3216,3267,3149,3209,3185,3202,3256,3124,3138,3188,3273,3285,3204,3205,3175,3140,3244,3237,3211,3193,3225,3157,3206,3133,3215,3260,3119,3147,3266
46,460,left,3352,3453,3385,3185,3388,3336,3264,3377,3253,3445,3271,3354,3444,3389,3443,3362,3398,3473,3284,3270,3340,3275,3290,3400,3352,3388,3426,3418,3378,3430,3386,3481,3112,3159,3133,3155,3093,3262,3265,3145,3188,3207,3188,3389,3253,3212,3190,3108,3162,3159,3225,3218,3227,3180,3180,3049,3255,3291,3061,3153,3116,3207,3209,3162,3128,3135,3151,3151,3121,3189,3174,3183,3192,3208,3180,3203,3171,3155,3209,3139,3271,3132,3180,3227,3212,3225,3118,3167,3090,3137,3183,3245,3226,3233,3203,3207
47,470,left,3329,3337,3289,3402,3331,3284,3302,3401,3464,3274,3254,3236,3377,3409,3360,3338,3303,3336,3307,3311,3336,3333,3373,3366,3312,3294,3341,3330,3353,3471,3343,3467,3175,3103,3141,3147,3154,3192,3170,3122,3132,3191,3123,3126,3205,3192,3196,3091,3172,3090,3192,3207,3027,3172,3201,3240,3163,3078,3074,3202,3157,3256,3269,3191,3242,3247,3205,3164,3192,3231,3121,3264,3110,3134,3104,3048,3173,3192,3091,3121,3152,3197,3113,3120,3206,3093,3160,3173,3103,3200,3079,3177,3259,3229,3241,3139
48,480,left,3369,3518,3377,3516,3386,3492,3290,3438,3319,3501,3329,3180,3381,3335,3542,3453,3431,3386,3455,3351,3390,3400,3449,3395,3373,3369,3461,3371,3424,3417,3266,3444,3190,3252,3205,3217,3245,3212,3148,3224,3264,3319,3257,3282,3165,3251,3155,3290,3214,3221,3144,3275,3090,3296,3226,3250,3320,3181,3302,3215,3246,3252,3327,3097,3211,3184,3239,3190,3229,3163,3147,3160,3236,3223,3273,3239,3224,3238,3349,3269,3286,3222,3158,3346,3194,3205,3224,3206,3189,3238,3274,3228,3326,3207,3192,3268
49,490,left,3395,3415,3372,3316,3172,3327,3341,3331,3463,3386,3316,3309,3356,3348,3324,3374,3326,3270,3378,3336,3361,3358,3277,3276,3291,3303,3173,3347,3297,3326,3319,3249,3164,3166,3143,3316,3154,3207,3063,3199,3157,3233,3137,3084,2988,3163,3219,3148,3134,3118,3164,3135,3115,3190,3305,3129,3166,3228,3127,3258,3025,3111,3183,3129,3264,3284,3283,3165,3075,3211,3185,3051,3126,3130,3152,3216,3111,3206,3179,3173,3201,3181,3215,3135,3070,3244,3181,3177,3201,3046,3270,3164,3082,3103,3150,3153
50,500,left,3272,3283,3332,3322,3416,3319,3245,3322,3144,3304,3237,3385,3433,3275,3237,3371,3327,3297,3286,3289,3272,3348,3365,3308,3353,3314,3310,3257,3334,3319,3372,3369,3129,3176,3097,3183,3112,3164,3220,3133,3096,3179,3168,3191,3112,3134,3102,3243,3100,3211,3093,3127,3100,3207,3139,3135,3150,3051,3103,3146,3045,3216,3136,3230,3165,3218,3135,3067,3121,3129,3059,3094,3131,3185,3138,3150,3319,3134,3173,3207,3144,3232,2896,3139,3132,3142,3167,3003,3162,3151,3041,3205,3200,3003,3074,3077
51,510,left,3346,3449,3290,3303,3330,3332,3369,3460,3348,3419,3314,3384,3401,3415,3365,3279,3302,3241,3435,3328,3407,3347,3297,3359,3278,3380,3323,3430,3398,3370,3350,3391,3258,3111,3173,3130,3231,3166,3194,3107,3243,3201,3206,3240,3091,3402,3306,3174,3140,3139,3148,3204,3219,3188,3153,3108,3143,3117,3127,3173,3139,3096,3096,3169,3112,3267,3189,3132,3199,3257,3170,3200,3112,3246,3095,3166,2997,3194,3199,3123,3106,3256,3151,3215,3136,3235,3254,3235,3161,3205,3126,3245,3244,3223,3112,3213
52,520,left,3250,3192,3406,3341,3288,3258,3259,3284,3245,3272,3202,3379,3302,3216,3150,3263,3254,3318,3273,3171,3218,3352,3247,3257,3265,3217,3233,3361,3283,3257,3300,3312,3086,3141,3130,3233,3106,3161,3059,3019,3225,3076,3131,3075,3124,3108,3108,3076,3197,3125,3057,3183,3176,3079,2903,3107,3022,3146,3092,3192,3025,2950,3152,3177,3130,2996,3141,3026,3145,3128,3056,3110,3111,3063,3078,3077,3058,3102,3144,3148,3010,3051,3082,3032,3145,3011,2977,3103,3178,3088,3065,2983,3184,3070,3148,3182
53,530,left,3322,3384,3374,3278,3243,3307,3174,3171,3176,3204,3239,3243,3254,3228,3220,3278,3304,3333,3241,3217,3296,3162,3279,3269,3196,3329,3171,3266,3158,3283,3276,3205,3095,3055,3047,3121,3079,3072,3125,2960,3049,3146,3111,3089,3061,3125,3053,3042,3014,3082,3046,3037,3084,3067,3084,3252,3098,3120,3086,3024,3017,3062,3108,3025,3101,2985,3053,3108,3060,3029,3177,3008,3167,2971,3121,3008,3035,3087,3149,3072,3077,3138,3051,3099,3197,3070,3037,3149,3043,3138,3134,3071,3011,3091,2986,3134
54,540,right,3281,3384,3350,3292,3296,3359,3379,3362,3350,3250,3463,3395,3449,3356,3327,3453,3258,3404,3324,3296,3322,3302,3390,3251,3327,3260,3327,3320,3411,3294,3368,3314,3111,3131,3265,3198,3248,3177,3280,3099,3106,3122,3174,3136,3173,3112,3088,3167,3191,3102,3079,3300,3083,3142,3095,3202,3116,3156,3109,3249,3046,3215,3208,3177,3140,3192,3165,3168,3076,3153,3045,3129,3107,3245,3210,3195,3310,3137,3172,3154,3146,3227,3253,3128,3243,3132,3293,3207,3077,3210,3097,3057,3174,3188,3134,3194
55,550,left,3419,3301,3456,3382,3467,3359,3337,3350,3430,3266,3460,3313,3374,3296,3386,3458,3354,3406,3330,3272,3415,3397,3281,3347,3499,3320,3434,3456,3370,3359,3453,3302,3067,3194,3194,3234,3259,3220,3124,3207,3298,3183,3163,3243,3254,3140,3186,3138,3145,3102,3135,3157,3147,3178,3277,3346,3149,3135,3154,3277,3078,3123,3302,3224,3106,3264,3168,3205,3234,3241,3245,3100,3209,3113,3144,3227,3191,3136,3254,3182,3077,3266,3225,3258,3235,3140,3178,3137,3127,3249,3220,3197,3161,3173,3161,3232
56,560,left,3311,3241,3313,3315,3219,3278,3260,3378,3288,3281,3300,3319,3303,3336,3325,3375,3324,3304,3347,3379,3268,3271,3281,3327,3198,3269,3232,3344,3424,3326,3233,3355,3056,3022,3254,3165,3153,3124,3092,3116,3141,3221,3070,3166,3081,3030,3122,3082,3010,3212,3226,3092,3088,3081,3214,3120,3091,3123,3077,3092,3039,3169,3231,3123,3084,3149,3192,3184,3053,3127,3109,3090,3115,3061,3176,3118,3115,3048,3068,3199,2954,3074,3052,3174,3210,3076,3184,3010,3135,3082,3150,3042,3211,3187,3220,3181
57,570,clench,3196,3209,3209,3232,3156,3273,3261,3135,3280,3257,3282,3252,3227,3283,3303,3131,3222,3201,3279,3184,3153,3359,3353,3414,3229,3185,3250,3181,3298,3242,3256,3107,3026,3133,3059,2971,3082,3040,3056,3004,3103,2998,3090,2994,3091,3148,3059,3034,3093,3194,3127,3051,3076,3057,3123,3064,3164,3073,3013,3191,3144,3072,3062,3164,3150,3113,3164,2990,3162,3029,3055,3033,3058,3025,3056,2983,3102,3035,3110,3045,3006,3025,3072,3000,3019,3129,3127,3058,3146,3037,3072,3056,3115,3070,3110,2970
58,580,left,3343,3408,3385,3338,3466,3340,3499,3322,3344,3343,3337,3376,3451,3422,3410,3395,3414,3259,3425,3297,3351,3420,3343,3438,3414,3397,3378,3550,3377,3475,3464,3486,3141,3223,3215,3306,3065,3190,3145,3161,3188,3277,3210,3246,3169,3234,3167,3267,3275,3215,3243,3363,3123,3169,3218,3105,3197,3253,3188,3336,3179,3155,3241,3247,3255,3235,3164,3297,3207,3227,3186,3256,3167,3321,3188,3416,3188,3236,3225,3235,3175,3101,3164,3206,3180,3183,3190,3189,3225,3119,3164,3103,3150,3235,3200,3132
59,590,left,3308,3198,3307,3259,3245,3326,3328,3116,3346,3252,3190,3328,3243,3258,3250,3255,3225,3270,3278,3344,3308,3327,3290,3294,3271,3315,3160,3266,3364,3373,3324,3277,3025,2968,3095,3047,3058,3050,3091,3143,3105,3154,3066,3041,3091,3166,3195,3096,3063,3125,3037,3147,3112,3095,3048,3190,3092,3073,3209,3112,3183,3101,2954,3082,3074,3062,3075,3199,3130,3146,3071,3046,3081,3068,3086,3066,2983,3068,2989,3092,3125,3133,3077,3032,3073,3025,3234,3021,3045,3093,3045,3075,3071,3090,3118,3075
60,600,left,3194,3245,3167,3225,3286,3339,3164,3243,3170,3241,3379,3225,3245,3289,3224,3239,3310,3212,3339,3325,3198,3306,3390,3338,3295,3142,3319,3221,3216,3158,3301,3195,3034,2974,3122,3083,3098,2998,3127,3169,2953,3088,3028,3179,3189,3088,3069,3200,3092,3105,3040,3115,3048,3165,3097,3087,3124,3170,3014,3030,3101,3219,3047,3064,3074,3040,3067,3117,2969,3072,3124,3019,3041,3111,3046,3061,3054,3137,3013,3106,3079,3091,3107,3014,3176,3105,3012,3092,3140,3026,3077,3057,3112,3209,3102,3026
61,610,left,3282,3322,3365,3393,3302,3397,3278,3246,3314,3318,3439,3332,3283,3195,3322,3393,3243,3297,3335,3433,3263,3330,3301,3313,3232,3203,3237,3169,3232,3352,3342,3297,3015,3124,3140,2946,3058,3084,3055,2965,3163,3105,3077,3240,3090,3039,3050,3172,3116,3033,3129,3055,3146,3168,3091,3146,3170,3010,3178,3116,3187,3147,3224,3233,3059,3097,3183,3116,3123,2988,3213,3262,3137,3240,3222,3102,3155,3114,3136,3152,3041,3085,3111,3215,3050,2994,3213,3133,3051,3184,3075,3180,3026,3068,3105,3115
62,620,left,3280,3224,3195,3350,3171,3169,3228,3249,3261,3275,3299,3209,3247,3330,3166,3271,3244,3247,3140,3235,3284,3216,3199,3258,3219,3141,3121,3246,3157,3022,3220,3172,3112,3065,3081,3152,3082,3064,2991,3063,2995,3158,2972,3050,3044,3010,2979,3079,3055,3142,3049,3101,3052,3067,3135,3139,3055,3005,3099,2971,3079,3140,2996,3056,2977,3134,3185,3055,3037,3108,3038,3190,3030,3121,3048,3013,3062,3081,3180,3085,3062,3144,3113,3116,3047,2995,3120,3107,3090,3080,3001,3015,3071,3027,3185,3082
63,630,left,3423,3385,3306,3400,3409,3412,3295,3387,3344,3404,3373,3378,3298,3375,3394,3201,3401,3355,3368,3345,3314,3317,3374,3431,3249,3339,3370,3382,3357,3285,3308,3364,3130,3106,3104,3158,3200,3088,3300,3153,3150,3076,3126,3069,3239,3179,3220,3244,3189,3213,3220,3283,3209,3216,3229,3181,3189,3229,3189,3165,3080,3065,3137,3145,3185,3225,3244,3195,3165,3145,3073,3179,3184,3154,3334,3189,3085,3168,3152,3182,3227,3343,3190,3246,3127,3266,3108,3240,3172,3217,3092,3142,3187,3187,3215,3082
64,640,left,3322,3216,3315,3448,3407,3409,3301,3407,3295,3295,3373,3216,3345,3327,3298,3310,3302,3279,3397,3289,3255,3317,3343,3316,3283,3370,3339,3278,3343,3364,3139,3308,3173,3144,3113,3162,3143,3112,3128,3121,3155,3182,3115,3183,3139,3110,3162,3268,3204,3171,3233,3071,3248,3176,3129,3140,3146,3192,3066,3237,3158,3185,3174,3153,3186,3064,3119,3227,3145,3201,3078,3162,3180,3234,3110,3097,3042,3165,3179,3156,3162,3235,3264,3153,3165,3230,3256,3140,3120,3056,3186,3207,3174,3071,3220,3144
65,650,left,3425,3339,3338,3300,3417,3490,3253,3406,3438,3292,3215,3268,3445,3296,3476,3550,3377,3453,3357,3278,3380,3475,3407,3372,3412,3399,3335,3394,3479,3344,3406,3402,3195,3193,3255,3169,3146,3269,3152,3157,3258,3288,3315,3262,3152,3103,3233,3143,3249,3242,3234,3264,3116,3109,3178,3090,3318,3215,3186,3128,3181,3237,3185,3157,3253,3173,3194,3289,3173,3164,3258,3171,3153,3202,3196,3202,3219,3216,3200,3359,3151,3150,3221,3149,3149,3142,3284,3303,3285,3143,3237,3094,3282,3259,3266,3174
66,660,left,3249,3343,3309,3352,3237,3242,3277,3256,3397,3360,3293,3438,3327,3405,3327,3333,3346,3201,3351,3282,3290,3323,3381,3339,3166,3295,3276,3306,3325,3276,3247,3347,3193,3112,3219,3162,3193,3170,3101,3165,3148,3084,2938,3145,3053,3214,3152,3149,3108,3202,3241,3122,3097,3087,3223,3057,2987,3080,3157,3196,3222,3136,3126,3144,3127,3128,3152,3053,3147,2987,3187,3093,3075,3127,3091,3146,3064,3107,3131,3127,3108,3102,3139,3184,3085,3125,3027,3130,3127,3170,3225,2985,3140,3143,3188,3071
67,670,left,3392,3442,3305,3371,3398,3289,3357,3378,3318,3381,3330,3351,3336,3340,3357,3425,3249,3366,3297,3330,3345,3271,3332,3363,3387,3363,3418,3430,3215,3404,3448,3363,3276,3203,3262,3114,3195,3139,3119,3154,3165,3035,3154,3160,3230,3267,3236,3078,3143,3148,3205,3208,3315,3218,3138,3283,3228,3086,3109,3364,3160,3249,3174,3100,3292,3233,3061,3096,3116,3179,3113,3232,3221,3111,3259,3152,3141,3192,3239,3206,3159,3197,3165,3171,3166,3244,3178,3146,3245,3083,3230,3168,3177,3117,3242,3096
68,680,left,3387,3237,3342,3229,3367,3302,3331,3353,3399,3285,3344,3268,3374,3340,3363,3230,3351,3309,3162,3288,3262,3188,3367,3291,3294,3293,3339,3297,3261,3299,3239,3211,3110,3156,3118,3018,3135,3180,3123,3083,3075,3056,3074,3078,3195,3071,3147,3200,3146,3182,3234,3062,3049,3064,3235,3134,3059,2991,3024,3074,3144,3178,3161,3148,3032,3031,3190,3203,3101,3076,3181,3113,3210,3104,3182,3058,3178,3085,3118,3081,3108,3156,3171,3121,3090,3082,3077,3175,3029,3043,3069,3066,3064,3116,3136,3138
69,690,left,3304,3223,3310,3423,3286,3327,3472,3319,3372,3392,3362,3321,3355,3192,3380,3396,3373,3400,3391,3364,3247,3411,3342,3356,3254,3314,3352,3343,3291,3389,3361,3380,3096,3041,3219,3206,3156,3155,3065,3184,3167,3133,3129,3145,3196,3161,3099,3070,3096,3195,3078,3125,3250,3171,3039,3123,3141,3253,3131,3197,3192,3196,3116,3132,3181,3152,3312,3145,3219,3142,3164,3111,3139,3169,3151,3039,3062,3226,3167,3273,3170,3176,3207,3141,3172,3132,3139,3113,3294,3081,3221,3249,3147,3153,3197,3251
70,700,left,3434,3550,3449,3457,3509,3413,3442,3408,3471,3360,3421,3418,3431,3411,3453,3427,3235,3468,3550,3457,3437,3402,3471,3377,3550,3379,3469,3394,3328,3446,3453,3446,3205,3166,3192,3139,3329,3221,3232,3166,3303,3232,3213,3221,3305,3289,3212,3296,3294,3273,3298,3191,3203,3240,3255,3224,3219,3248,3250,3163,3170,3231,3384,3270,3224,3295,3221,3187,3242,3200,3378,3248,3248,3259,3223,3233,3174,3323,3236,3253,3396,3264,3308,3245,3312,3279,3327,3332,3304,3221,3259,3266,3230,3270,3283,3227
71,710,left,3282,3247,3303,3224,3294,3328,3233,3270,3385,3429,3350,3256,3310,3275,3290,3380,3305,3372,3340,3279,3307,3281,3397,3228,3306,3324,3341,3237,3362,3348,3256,3303,3100,3157,3096,3111,3059,3107,3178,3151,3107,3062,3167,3039,3102,3185,3073,3196,3150,3209,3072,3160,3106,3173,3075,3122,3145,3227,3162,3150,3102,3163,3045,3063,3144,3100,3139,3057,3105,3139,3108,3074,3128,3108,3173,3204,3109,3097,3029,3179,3098,3083,3190,3228,3190,3107,3091,3125,3087,3200,3052,3139,3104,3141,3149,3213
72,720,left,3157,3298,3267,3331,3275,3296,3268,3268,3303,3327,3365,3369,3297,3253,3361,3241,3283,3385,3268,3233,3324,3233,3377,3262,3435,3412,3261,3233,3291,3234,3270,3217,3191,3100,3130,3060,3083,3069,3038,3182,3258,3105,3076,3033,3088,3053,3070,3114,3078,3150,3214,3148,2957,3029,3045,3091,3021,3104,3100,3202,3141,3056,3158,3179,3078,3117,3116,3077,3170,3156,3076,3096,3115,3080,3112,3084,3076,3115,2980,3050,3058,3117,3062,3076,3205,3083,3008,3159,3233,3061,3160,3087,3115,3067,3269,3065
73,730,left,3395,3225,3309,3219,3425,3258,3343,3358,3308,3312,3332,3260,3250,3296,3345,3179,3311,3262,3337,3316,3337,3340,3330,3327,3333,3299,3282,3320,3396,3311,3415,3366,3117,3106,3150,3087,3129,3256,3239,3181,3127,3055,3075,3231,3228,3189,3133,3253,3139,3164,3159,3231,3135,3102,3210,3190,3113,3193,3124,3108,3198,3100,3183,3193,3059,2980,3150,3159,3190,3190,2922,3084,3084,3144,3305,3091,3209,3219,3175,3082,3094,3162,3255,3084,3044,3220,3192,3158,3154,3222,3178,3207,3129,3096,3197,3241
74,740,left,3279,3279,3238,3295,3282,3260,3295,3292,3277,3206,3375,3355,3256,3263,3285,3350,3252,3281,3152,3241,3255,3290,3266,3280,3298,3365,3209,3346,3322,3390,3318,3295,3010,3209,3023,3073,3203,3123,3146,3045,3033,3218,3136,3100,3000,3127,3140,3087,3098,3130,3068,3118,3069,3036,3054,3191,3120,3073,3117,3084,3088,3102,3093,3178,3068,3046,2981,3114,3056,3057,3010,3192,3045,3144,3097,3090,3101,3020,3095,3029,3091,3090,3133,3103,3096,3183,3090,3133,3050,3079,2956,3021,3163,3052,3119,3115
75,750,left,3422,3496,3444,3488,3399,3324,3332,3439,3437,3330,3245,3368,3379,3317,3391,3418,3355,3406,3417,3357,3425,3401,3404,3437,3435,3422,3448,3511,3314,3473,3256,3282,3212,3163,3184,3176,3228,3250,3291,3289,3233,3191,3254,3248,3210,3293,3244,3304,3182,3153,3218,3267,3318,3196,3142,3252,3203,3236,3131,3217,3159,3149,3169,3188,3265,3215,3143,3292,3157,3188,3348,3167,3283,3282,3225,3352,3271,3212,3184,3179,3214,3181,3258,3287,3146,3113,3227,3211,3384,3298,3174,3116,3242,3111,3214,3142
76,760,left,3253,3355,3295,3300,3413,3386,3300,3162,3262,3319,3379,3250,3250,3229,3269,3277,3332,3335,3311,3234,3311,3357,3205,3323,3343,3389,3308,3297,3293,3230,3391,3330,3079,3168,3020,3110,3120,3151,3147,3057,3145,3087,3211,3175,3223,3067,3179,3064,3191,3172,3091,3126,3137,3157,3187,3177,3052,3084,3152,3179,3253,3105,3199,3243,3101,3162,3122,3143,3145,3287,3152,3081,3095,3196,3231,3123,3243,3262,3175,3187,3239,3192,3114,3190,3092,3132,3170,3171,3066,3113,3266,3095,3116,3200,3067,3154
77,770,left,3204,3175,3384,3185,3094,3089,3254,3222,3346,3298,3282,3172,3236,3282,3277,3280,3238,3215,3310,3211,3319,3274,3214,3184,3244,3323,3272,3285,3295,3244,3091,3244,3094,3117,3065,3077,3102,3037,3122,3093,3010,3115,2968,3054,3028,3078,3089,3208,3043,3073,3056,3039,3122,2950,3056,3119,3008,3084,2990,3043,3041,3069,2968,3014,3096,3006,3069,3018,3086,3054,3038,3100,3105,3092,3048,3043,3071,3037,3028,3151,3163,2996,3149,3080,3009,3092,3083,3118,3066,3119,3016,2988,3026,3061,3056,3071
78,780,left,3412,3296,3356,3419,3334,3315,3394,3359,3314,3266,3294,3224,3269,3275,3234,3309,3278,3376,3248,3201,3262,3230,3321,3273,3205,3380,3283,3211,3284,3262,3372,3287,3144,3195,3365,3050,3167,3216,3159,3232,3145,3098,3193,3046,3075,3158,3111,3285,3071,3153,3024,3231,3074,3041,3128,3066,3147,3211,3116,3210,3049,3075,3028,3136,3206,3142,3089,3115,3211,3116,3065,3124,3145,3110,3133,3038,3180,3097,3200,3183,3093,3084,3157,3199,3087,3098,3261,3160,3125,3097,3193,3148,3142,3125,3090,3151
79,790,left,3180,3265,3328,3271,3239,3212,3276,3301,3313,3231,3331,3401,3365,3284,3266,3279,3270,3292,3302,3264,3119,3300,3248,3286,3266,3239,3236,3157,3417,3250,3303,3204,3084,3177,3158,3104,3123,3086,3078,3141,3131,3016,2979,3134,3173,3142,3090,3174,3092,3178,3135,3134,3126,3192,3137,3013,3140,3124,3055,3203,3126,3099,3190,3125,2996,3095,3113,3091,3139,3020,3036,3166,3045,3162,3161,3164,3029,3123,3123,3176,3167,3088,3071,3140,3189,3160,3066,3220,3094,3154,3164,3289,3095,3074,3152,3235
80,800,left,3201,3225,3180,3117,3240,3210,3190,3275,3254,3180,3101,3116,3306,3207,3265,3131,3121,3242,3161,3207,3285,3261,3281,3186,3266,3223,3216,3215,3309,3155,3346,3114,3028,2934,2982,3021,3017,3033,3033,3023,3054,3076,3045,3091,3018,3067,3084,3036,2997,3118,3104,3049,3028,2953,3037,3046,3090,3013,2978,3088,3181,3015,3068,2973,3067,3047,3099,2994,2978,2918,3035,3110,3014,3009,3032,3061,3084,2989,2991,3020,3012,2991,3062,3134,3086,2931,2983,2975,2966,3113,3059,3153,3056,3086,3067,3088
81,810,left,3239,3360,3391,3391,3382,3221,3391,3309,3327,3358,3422,3398,3350,3333,3286,3320,3435,3299,3357,3299,3381,3461,3413,3431,3336,3286,3378,3375,3346,3346,3343,3292,3237,3066,3135,3125,3139,3133,3124,3146,3137,3050,3228,3184,3174,3174,3180,3152,3237,3116,3212,3122,3142,3197,3131,3166,3174,3090,3161,3204,3119,3102,3248,3118,3189,3127,3199,3136,3194,3224,3253,3120,3089,3140,3040,3195,3156,3148,3187,3068,3132,3251,3170,3149,3226,3291,3076,3285,3170,3088,3172,3186,3083,3218,3133,3216
82,820,left,3230,3308,3277,3227,3229,3348,3333,3192,3279,3382,3380,3453,3297,3309,3327,3286,3242,3258,3386,3261,3204,3312,3276,3302,3202,3260,3264,3310,3434,3193,3191,3307,3118,3180,2997,3046,3160,3194,3104,3142,3129,3092,3019,3101,3230,3105,3115,3147,3067,3089,3053,3056,3179,3047,3048,3076,3084,3051,3078,3096,3183,3118,3047,3095,3121,3043,3039,3178,3178,3219,3143,3093,3128,3121,3092,3059,3073,3092,3132,3137,3145,3066,2966,3042,3048,3158,3008,3125,3079,2960,3074,3113,3197,3154,3111,3102
83,830,left,3174,3125,3212,3165,3325,3232,3362,3234,3406,3341,3361,3348,3310,3187,3262,3254,3192,3284,3276,3228,3231,3187,3293,3276,3340,3331,3290,3263,3313,3328,3234,3207,3155,3156,3072,3045,3074,3140,2973,3040,3075,3123,3001,3048,3087,3139,3004,3112,3111,3092,3060,3106,3092,3174,3106,3070,3140,3124,3093,3029,3036,3168,3178,2991,3200,3117,3077,2994,3089,3038,3130,2991,3092,3175,3187,3080,3056,3058,3105,3091,3085,3056,3063,3152,3112,3099,3151,3173,3106,3096,3161,3100,3041,3214,3021,3086
84,840,left,3375,3258,3346,3290,3263,3220,3275,3263,3212,3256,3273,3270,3277,3217,3297,3324,3221,3267,3256,3287,3138,3219,3282,3249,3260,3199,3165,3242,3220,3206,3146,3196,3087,3232,3091,3105,3180,3137,3099,3097,3052,3073,2977,3093,2997,3059,3135,3030,2982,3083,3075,3051,3180,3026,3007,3021,2985,3135,2995,3111,3061,2977,3113,3023,3117,3037,3059,3203,3017,3035,3047,3129,3133,3008,3046,3087,3121,3012,3007,3112,3094,3086,3071,3138,3144,2999,3136,2993,3060,3124,3112,3025,3077,3097,3056,3098
85,850,left,3356,3326,3491,3311,3360,3411,3473,3263,3334,3350,3313,3327,3333,3403,3280,3478,3419,3409,3377,3425,3418,3449,3388,3290,3309,3423,3387,3374,3398,3377,3347,3340,3226,3272,3217,3073,3074,3213,3302,3224,3237,3126,3232,3191,3247,3204,3167,3307,3263,3219,3219,3182,3141,3218,3231,3179,3109,3224,3191,3141,3227,3208,3246,3227,3218,3228,3187,3332,3195,3248,3292,3194,3207,3239,3112,3224,3176,3219,3137,3261,3190,3245,3243,3273,3218,3140,3236,3155,3307,3119,3189,3147,3127,3154,3153,3201
86,860,left,3064,3322,3329,3312,3369,3358,3359,3346,3320,3309,3336,3340,3272,3325,3288,3319,3292,3261,3299,3276,3208,3225,3277,3331,3269,3308,3310,3218,3281,3306,3405,3234,3085,3152,3087,2990,3067,3138,3165,2981,3042,3044,3085,3210,3121,3097,3131,3166,3165,3162,3123,3080,3142,3172,3114,3109,3120,3031,3125,3115,3113,3148,3101,3074,3180,3035,3140,3132,3182,3150,3019,3105,3222,3143,3119,3164,3043,3032,3127,3061,3130,3133,3124,3081,3127,3133,3196,3131,3050,3125,3133,3108,3127,3115,3227,3101
87,870,left,3254,3259,3315,3283,3209,3351,3349,3280,3325,3295,3369,3345,3223,3363,3316,3295,3323,3383,3304,3200,3314,3275,3293,3366,3402,3232,3337,3274,3369,3244,3331,3282,3107,3141,3078,3106,3104,3153,3207,3102,3119,3084,3038,3164,3156,3112,3199,3103,3114,3068,3048,3264,3137,3114,3096,3152,3088,3001,3225,3148,3093,3105,3090,3190,3097,3077,3073,3098,3116,3153,3148,3138,3129,3234,3021,3114,3044,3104,3158,3107,3013,3018,3053,3097,3082,3023,3141,3230,3121,3092,3229,3135,3203,3213,3085,3171
88,880,left,3278,3219,3272,3396,3270,3273,3314,3199,3108,3309,3227,3219,3326,3195,3249,3317,3225,3284,3290,3264,3260,3245,3273,3273,3231,3331,3216,3259,3409,3202,3287,3222,3221,3141,3080,3142,3124,3146,3133,3239,3101,3108,3065,3144,3050,3063,3011,3016,3019,3200,3082,3100,3195,3035,3083,3067,3013,3164,3092,3054,3100,3064,3011,2908,3084,3110,3101,3117,2983,3149,3130,3075,3089,3046,3040,3088,3076,3015,3034,3060,3070,2997,3098,3190,2967,3015,3107,3068,2978,3096,3089,3060,3130,3161,3133,3005
89,890,left,3268,3228,3211,3155,3267,3321,3186,3155,3209,3218,3203,3198,3294,3255,3254,3293,3298,3218,3215,3203,3224,3089,3228,3362,3210,3179,3278,3269,3187,3109,3241,3248,3066,3131,3154,3030,3107,3028,3076,3005,2980,3088,3066,3077,3107,3171,3046,3093,2993,2994,3108,3102,3112,3115,3141,3071,3043,2986,3057,2985,3003,2932,3140,2973,3038,3081,2982,3015,2925,3103,3121,3023,3036,3068,3145,3111,3003,2944,3145,3105,3103,3067,2992,2966,3061,3077,2963,2983,2991,3106,2987,3049,3001,2976,3128,2852
90,900,left,3286,3320,3227,3218,3346,3380,3324,3274,3299,3306,3305,3192,3314,3260,3175,3319,3281,3282,3255,3226,3303,3303,3248,3245,3208,3323,3230,3161,3179,3348,3295,3239,2949,3059,3040,3041,3090,2961,3014,3146,3143,3004,3131,2880,3080,3174,3028,3096,3086,3104,3059,3087,3172,3086,2982,3047,3138,3053,3035,3148,3132,3163,3214,3172,3131,3018,3185,3119,3080,3104,3072,3004,3107,3070,2997,3036,3042,3060,3134,3120,2981,3151,3125,3040,3111,3136,2959,3027,3141,3037,3047,3084,3015,3093,3143,3141
91,910,left,3263,3300,3291,3394,3304,3239,3318,3264,3246,3248,3273,3299,3333,3309,3353,3244,3348,3283,3318,3236,3283,3279,3297,3260,3179,3296,3245,3212,3321,3258,3369,3299,3041,3054,3059,3197,3135,3171,3079,3141,3104,2974,3043,2995,3126,3082,3126,2973,3206,3196,3198,3046,3063,3044,3002,3013,3078,3065,3128,3054,3100,2990,3017,2989,3168,3094,3101,3149,3061,3152,3057,3200,3139,3077,3154,3136,3170,3113,3204,3133,3178,3104,3117,3108,3063,3228,3109,3198,3012,2941,3127,3087,3095,3094,3109,2978
92,920,left,3213,3304,3354,3302,3363,3408,3251,3349,3313,3270,3317,3291,3374,3305,3285,3279,3411,3335,3275,3409,3291,3305,3280,3378,3405,3423,3319,3329,3370,3307,3524,3403,3214,3161,3047,3156,3113,2986,3159,3106,3258,3187,3088,3217,3148,3088,3165,3077,3085,3096,3019,3156,3273,3124,3017,3154,3259,3170,3128,3098,3129,3105,3067,3198,3057,3203,3169,3171,3221,3039,3137,3193,3012,3171,3165,3108,3122,3092,3263,3083,3092,3245,3209,3110,3081,3316,3234,3064,3061,3148,3062,3122,3074,3194,3073,3282
93,930,left,3222,3322,3298,3254,3289,3102,3167,3234,3257,3257,3284,3299,3295,3225,3229,3284,3227,3363,3185,3280,3318,3332,3165,3303,3230,3263,3254,3138,3229,3219,3184,3255,2998,3101,2961,2996,3068,3065,3014,3109,2991,3019,3101,2932,2999,3055,3056,2960,3079,3044,2966,3005,3005,3077,3012,2969,2985,3007,3136,2982,3093,3086,2991,3080,3126,3105,3172,3104,3035,2982,3015,3082,3068,3080,3152,3144,3041,3052,3023,3041,3086,2981,3048,3095,3064,3028,3131,2969,3088,3097,3163,3035,3074,3007,3087,2872
94,940,left,3213,3203,3190,3164,3247,3234,3180,3293,3212,3239,3319,3215,3300,3229,3298,3245,3257,3158,3368,3179,3189,3087,3184,3286,3258,3224,3360,3230,3319,3260,3330,3200,3006,3049,3082,3160,2977,3058,3004,3172,3010,2976,2922,3010,3064,3024,3020,3048,2971,3086,3055,3038,3081,3007,2997,3072,3060,3017,3004,3015,2948,3060,3027,3105,2946,3047,2959,3051,2962,2966,3115,3079,3123,3035,3046,2960,3090,3087,3039,2986,2948,2999,3040,3037,3052,2973,3009,3037,2915,3008,3033,3088,3045,3062,3139,2995
95,950,left,3240,3198,3147,3196,3163,3314,3055,3191,3318,3146,3078,3161,3089,3164,3248,3272,3269,3254,3121,3047,3094,3213,3122,3199,3132,3173,3232,3216,3110,3202,3280,3203,3175,3093,2918,3026,3061,3023,2991,2975,3012,3094,3073,3109,3076,3037,3069,2930,3075,3042,3028,3047,3060,3062,3131,3105,3086,3059,3037,3144,3085,3125,3018,2961,3074,3142,2990,3097,3078,3010,3020,3046,3035,3088,3081,3014,3095,3192,2982,3006,3115,3076,3009,3163,2972,2925,3068,3085,3056,3009,2938,2976,3090,3033,3097,3028
96,960,left,3348,3314,3343,3162,3309,3243,3310,3396,3323,3335,3311,3288,3278,3255,3269,3317,3304,3359,3275,3233,3265,3346,3159,3334,3316,3243,3371,3255,3284,3302,3321,3323,3042,3181,3115,3068,3080,3081,3160,3053,3241,3042,3059,3134,3109,3183,3054,3100,3104,3037,3177,3111,3092,3074,2914,3106,2991,3062,3111,3073,3036,2963,3061,3109,3157,3139,3064,3088,3134,3198,3042,3227,3049,3105,3039,3113,3078,3142,3114,3138,3195,3030,3053,3150,3098,3199,3080,3036,3046,2976,3034,3096,3147,3071,2998,3160
97,970,left,3222,3199,3264,3133,3146,3090,3264,3021,3091,3104,3204,3106,3155,3069,3083,3064,3195,3126,3071,3182,3187,3130,3311,3135,3151,3194,3104,3143,3122,3234,3151,3117,3036,2908,2950,2959,2934,2998,3024,3019,3044,2956,3112,3015,2923,2927,2975,2995,2847,3112,2933,2989,3027,3025,2936,3060,2900,3035,2938,2964,2979,2886,3005,3017,3052,3032,3007,2942,3090,3011,2902,3020,3049,3031,3046,2909,2956,3045,2959,3074,3179,3013,2931,3027,3001,2998,2883,2954,3064,2967,3016,3068,2880,2988,2922,2927
98,980,left,3267,3229,3406,3210,3231,3233,3199,3227,3341,3229,3217,3201,3365,3263,3107,3186,3279,3251,3259,3340,3337,3260,3302,3197,3295,3303,3159,3270,3299,3242,3184,3283,3114,2920,3147,3074,3104,3091,3035,3089,3129,3105,3084,3104,3066,2995,3097,3136,3037,3028,3105,3121,3075,3060,3097,3102,3051,3025,3192,3051,3159,3080,3072,3220,3074,2970,3086,3047,3017,3128,3081,3129,3139,3088,3100,3055,3226,3145,3145,2983,3122,3081,3094,3014,3174,3143,3010,3068,3004,3025,3186,3122,3012,3047,3125,3108
99,990,left,3231,3272,3397,3384,3256,3405,3306,3336,3322,3270,3258,3352,3249,3167,3398,3234,3332,3287,3233,3270,3194,3294,3248,3307,3150,3258,3352,3327,3303,3385,3323,3270,3078,3072,3195,3177,3147,3125,3204,3149,3106,3068,3229,3055,3189,3133,3240,3155,3080,3103,3076,3109,3134,3196,3081,3032,3068,3054,3268,3166,3113,2998,3053,3118,3073,3043,3132,3163,3127,3042,3088,3108,3128,3149,3143,3162,3021,3181,3084,3075,3087,3177,3075,3151,3173,3054,3167,3063,3131,3133,3111,3126,3143,3125,3144,3050
100,1000,left,3376,3453,3395,3400,3343,3355,3351,3316,3270,3357,3240,3396,3347,3294,3352,3221,3298,3294,3277,3420,3303,3341,3317,3375,3293,3274,3361,3284,3302,3430,3365,3373,3162,3173,3202,3135,3082,3099,3065,3168,3142,3135,3035,3126,3107,3248,3230,3125,3139,3195,3098,3083,3198,3130,3197,3089,3041,3235,3250,3110,3168,3134,3140,3174,3029,3265,3190,3104,3110,3145,3242,3138,3148,3110,3095,3171,3256,3192,3168,3140,3159,3195,3126,3261,3139,3113,3230,3215,3179,3098,3153,3222,3118,3073,3239,3124
101,1010,left,3293,3293,3265,3211,3323,3278,3304,3307,3175,3351,3301,3121,3315,3230,3326,3240,3243,3194,3258,3186,3248,3231,3341,3204,3163,3237,3254,3312,3155,3124,3189,3235,3124,3063,3049,3061,3019,3006,3121,3041,2921,3013,3109,3050,3059,3112,2992,3038,3122,3105,3115,3035,3050,2956,3077,3054,3036,3015,3148,3078,3121,3043,3147,3140,3066,3083,3096,3148,3035,3069,3123,3095,3006,3122,3060,3033,3019,3054,3070,2981,3098,3143,3084,3031,3061,3151,3064,3088,3076,3015,3055,3000,3046,3138,2954,3050
102,1020,left,3378,3428,3251,3341,3434,3450,3376,3328,3268,3346,3392,3368,3406,3397,3346,3353,3212,3328,3299,3295,3379,3392,3419,3302,3347,3321,3380,3503,3277,3345,3406,3467,3149,3188,3267,3108,3197,3225,3051,3165,3201,3218,3213,3182,3189,3159,3140,3215,3132,3086,3115,3147,3220,3181,3325,3138,3166,3028,3283,3162,3153,3094,3317,3178,3146,3146,3211,3179,3206,3203,3109,3193,3167,3177,3268,3112,3131,3147,3203,3216,3131,3213,3206,3074,3144,3214,3226,3184,3238,3136,3191,3295,3202,3202,3184,3167
103,1030,left,3213,3222,3183,3316,3205,3257,3234,3172,3344,3193,3286,3229,3271,3389,3223,3229,3243,3302,3179,3332,3267,3226,3340,3230,3246,3333,3264,3242,3152,3255,3276,3220,3055,3056,3130,3088,3134,2994,3073,3103,3097,3109,3188,3064,3055,3127,3053,3082,2988,3103,3195,2969,3067,3114,3026,3174,3124,3074,3044,3131,3097,3071,3062,3114,3052,3020,3124,2994,3142,3117,3043,3171,3009,3078,3045,3025,3011,3155,3073,3072,3113,3030,3102,3125,3085,3140,3081,3031,3115,3072,3062,3013,3206,2964,3077,3040
104,1040,left,3275,3340,3227,3266,3226,3201,3329,3386,3380,3314,3120,3210,3293,3311,3296,3313,3345,3231,3317,3279,3222,3388,3382,3266,3343,3356,3274,3294,3341,3318,3327,3327,3122,3167,3047,3113,3189,3106,2994,3185,3136,3053,3154,3118,3215,3103,3168,3119,3155,3208,3016,3206,3101,3141,3247,3142,3104,3171,3182,3143,3163,3162,3061,3050,3106,3060,3047,3146,3221,3206,3098,3139,3177,3024,3074,3033,3033,3058,3218,3097,3110,3113,3013,3197,3116,2944,3139,3162,3044,3084,3069,3178,3058,3111,3167,3146
105,1050,left,3174,3166,3211,3115,3210,3174,3295,3271,3253,3211,3295,3271,3204,3203,3296,3211,3320,3290,3284,3218,3215,3341,3248,3209,3310,3257,3194,3211,3240,3355,3217,3268,3043,3039,3139,3075,3048,3089,3056,3080,3069,3076,3040,2943,3136,2980,3045,3061,3060,3030,3076,2948,3031,3165,2968,3124,3060,3035,3003,3147,3072,3002,3102,3086,3034,3028,3096,3048,2975,3064,3107,3154,3146,3011,3113,3094,3056,3077,3170,3036,2995,3113,2970,3094,3075,3029,3156,2984,3091,3037,3067,3156,3004,3027,3005,2996
106,1060,left,3167,3276,3285,3207,3310,3162,3348,3218,3241,3307,3286,3260,3244,3390,3280,3297,3265,3233,3208,3203,3197,3286,3183,3301,3162,3204,3265,3279,3182,3087,3211,3225,3037,3058,3055,3155,3108,3011,3173,3093,2941,3025,3053,3155,2981,3079,3102,3036,2992,2981,3047,2980,3116,3046,3135,2943,3094,3096,3083,3082,3123,3110,3028,2997,3064,3065,3053,3034,3112,3006,3137,2983,3081,2998,3049,3050,3052,2992,3170,3013,3109,3052,3008,3039,2973,3057,3035,3122,3052,3023,2989,3000,3065,3018,3093,3021
107,1070,left,3328,3378,3257,3318,3346,3428,3229,3295,3174,3225,3363,3284,3229,3275,3263,3200,3239,3308,3335,3254,3403,3310,3317,3264,3386,3305,3251,3314,3440,3413,3357,3388,3118,3091,3122,3108,3144,3107,3153,3078,3161,3119,3153,3227,3174,3268,3147,3108,3132,3123,3040,3111,3108,3101,3046,3124,3060,3102,3070,3091,3083,3145,3197,3193,3109,3198,3070,3121,3090,3114,3135,3090,3062,3092,3169,3087,3128,3138,3164,3038,3067,3248,3160,3186,3094,3084,3188,3163,3175,3104,3163,3077,3005,3131,3190,3233
108,1080,left,3340,3268,3327,3348,3236,3371,3297,3347,3279,3270,3387,3363,3342,3259,3359,3316,3390,3372,3171,3287,3395,3409,3356,3155,3321,3318,3410,3280,3321,3419,3430,3327,3081,3050,3159,3190,3210,3175,3090,3221,3239,3137,3072,3162,3260,3123,3192,3016,3088,3207,3056,3098,3103,3150,3182,3043,3112,3134,3179,3107,3090,3039,3061,3019,3098,3058,3159,3196,3112,3071,3105,3021,3131,3224,3093,3085,3133,3074,3120,3061,3077,3032,3060,3106,3072,3131,3018,3199,3016,3152,3089,3091,3076,2990,3059,3150
109,1090,left,3067,3075,3145,3078,3210,3173,3184,3090,3205,3101,3102,3090,3065,3105,3147,3126,3180,3106,3189,3106,3139,3134,3094,3060,3083,3142,3079,3180,3040,3163,3082,3132,3077,3020,3191,3045,2960,3019,3013,3148,3124,2973,3012,3015,3046,3009,3110,3135,3038,3096,3019,3018,3101,3089,3056,3097,3147,2969,3084,3129,3038,3080,3144,3058,3048,3153,3074,3230,3110,3119,3209,3153,3215,3073,3194,3157,3161,3147,3182,3131,3190,3170,3116,3216,3029,3090,3097,3134,3101,3176,3228,3087,3119,3149,3149,3115
110,1100,left,3186,3134,3322,3234,3299,3113,3278,3285,3350,3206,3221,3136,3228,3304,3221,3342,3259,3273,3255,3303,3246,3271,3218,3362,3294,3175,3125,3216,3286,3236,3239,3169,3044,3139,3111,2937,2984,2942,3044,3083,3055,3155,3004,3230,3004,3119,3061,3150,2961,2977,3072,3106,3086,3022,3030,2989,3085,3079,3212,3059,3007,2982,3031,3124,3056,3020,3089,3114,2959,3000,3157,3130,3194,3006,3008,3108,2932,3079,3043,3084,3103,2964,2979,3088,2884,3038,3042,3077,3088,3058,3044,2997,3064,3062,3175,3029
111,1110,left,3210,3182,3378,3312,3314,3256,3196,3343,3386,3229,3283,3112,3272,3225,3294,3173,3232,3345,3246,3289,3334,3320,3248,3375,3375,3333,3296,3276,3334,3278,3207,3361,3156,3157,3008,3125,3130,3218,3056,3155,3056,3093,3070,3226,3154,3032,3119,3203,3127,2957,3100,3088,3045,3052,3213,3087,3070,3054,3018,3064,2978,3145,3085,3122,3137,3158,3206,3116,3085,3045,3004,3145,3136,3032,3092,3091,3015,3047,3165,3152,3036,2980,3160,2998,3040,3171,3167,3103,3085,3103,3102,3149,3175,3145,3037,3124
112,1120,left,3419,3338,3403,3362,3320,3420,3421,3382,3381,3278,3285,3246,3279,3356,3264,3310,3352,3327,3400,3393,3403,3238,3475,3311,3427,3349,3333,3275,3237,3263,3291,3357,3182,3246,3301,3140,3120,3257,3289,3219,3202,3210,3154,3109,3158,3139,3157,3215,3179,3129,3216,3204,3149,3100,3015,3175,3203,3038,3178,3195,3082,3131,3254,3135,3079,3135,3112,3137,3158,3172,3063,3084,3196,3170,3034,3088,3156,3185,3213,3093,3162,3234,3155,3024,3150,3253,3172,3201,3161,3217,3130,3035,3156,3065,3242,3042
113,1130,left,3271,3299,3262,3172,3337,3397,3291,3276,3278,3327,3200,3289,3254,3305,3405,3288,3383,3297,3181,3200,3267,3277,3366,3350,3228,3287,3250,3334,3272,3344,3293,3278,2995,3086,3159,3179,3090,3068,3189,3122,3033,3031,3081,3159,3101,3155,3154,2919,3162,3180,3091,3171,3044,3141,3085,3099,3091,3133,3117,3167,3057,3101,3156,3167,3123,3071,3113,3147,3143,3106,3205,3098,3140,3158,3076,3168,3101,3127,3064,3188,3265,3171,3233,3086,3154,3108,3085,3145,3149,3088,3130,3127,3288,3212,3072,3248
114,1140,left,3183,3139,3119,3107,3213,3156,3093,3247,3240,3180,3130,3235,3042,3137,3309,3200,3167,3162,3202,3036,3246,3117,3189,3170,3114,3200,3163,3187,3130,3163,3113,3131,2974,3024,2961,2849,2931,3071,2894,2993,3037,3046,2919,2943,3048,2909,2983,3037,2907,3005,3011,3079,3092,3030,2999,2860,3033,2958,2959,3066,3078,3059,3070,3050,3106,2989,3037,3000,2955,2963,2961,3084,3094,3014,2994,3027,3039,2944,3009,2917,3076,3066,3085,2957,3052,3015,2932,2943,3032,3027,2995,2898,3023,2931,3048,3026
115,1150,left,3284,3368,3416,3399,3266,3301,3363,3137,3264,3377,3270,3340,3295,3398,3208,3339,3370,3317,3318,3316,3244,3388,3329,3275,3357,3302,3363,3358,3402,3293,3197,3310,3231,3147,3156,3103,3195,3197,3119,3133,3139,3174,3195,3299,3236,3190,3084,2957,3244,3217,3104,3097,3042,3146,3198,3134,3191,3159,3125,3167,3100,3123,3189,3106,3133,3243,3154,3158,3175,3213,3102,3281,3084,3260,3223,3174,3191,3105,3145,3090,3182,3106,3174,3174,3133,3144,3090,3170,3124,3208,3150,3107,3177,3064,3134,3173
116,1160,left,3374,3257,3281,3289,3268,3161,3166,3189,3265,3287,3253,3369,3355,3246,3268,3209,3334,3174,3294,3333,3247,3344,3252,3227,3285,3242,3327,3361,3319,3219,3260,3256,3073,3123,3158,3199,2970,3096,2966,3100,3166,3203,3102,3187,3193,3089,2990,3100,3054,3098,3177,3034,3064,3075,2991,3078,3163,3154,3092,3048,3159,3002,3149,3137,3129,3154,3040,3190,3083,3136,3047,2986,3111,3114,3161,3054,3074,3106,3108,3096,3069,3089,3027,3041,3052,3052,3034,3056,2970,3038,3091,3155,3066,3146,3062,3055
117,1170,left,3354,3401,3375,3278,3256,3317,3440,3324,3331,3317,3447,3287,3379,3243,3321,3365,3259,3223,3345,3295,3418,3270,3300,3364,3310,3445,3354,3282,3305,3335,3409,3251,2996,3180,3136,3090,2986,3151,3123,3175,3120,3139,3150,3163,3149,3111,3266,3051,3016,3103,3258,3102,3212,3162,3127,3089,3150,3257,3164,3081,3078,3154,3164,3138,3078,3169,3157,3080,3171,3163,3125,3108,3231,3146,3133,3143,3110,3128,3051,3155,3145,3237,3118,3041,2978,3127,3065,3050,3155,3021,3096,3179,3207,3015,3054,3054
118,1180,left,3333,3370,3291,3395,3249,3233,3242,3280,3348,3315,3346,3363,3361,3258,3296,3339,3218,3349,3307,3262,3282,3370,3191,3183,3259,3211,3197,3224,3319,3232,3302,3331,3141,3073,3080,3140,3054,3046,3204,3166,3071,3128,3175,3003,3209,3168,3086,3078,3115,3027,3158,3178,3111,3061,3062,3114,3088,3093,3201,3061,3094,3036,3171,3217,3147,3035,3168,3010,3137,3096,3105,3098,3011,3071,3118,3083,3094,3234,3085,3067,3043,3077,3056,3187,3120,3251,3078,3164,3018,3171,3038,3075,3049,3213,3138,3119
119,1190,left,3298,3364,3338,3329,3420,3402,3334,3450,3338,3360,3351,3335,3421,3355,3343,3414,3379,3314,3278,3413,3327,3244,3261,3420,3343,3305,3251,3356,3346,3383,3401,3458,3050,3045,3082,3032,3047,3217,3063,3188,3200,3149,3128,3101,3102,3144,3148,3145,3103,3069,3109,3076,3153,3045,3089,3127,3140,3202,3096,3077,3207,3213,3235,3199,3084,3180,3138,3217,3193,3083,2995,3337,3101,3122,3095,3204,3161,3275,3199,3157,3176,3240,3136,3151,3141,3090,3177,3137,3042,3132,3159,3142,3208,3163,3089,3124
120,1200,right,3077,3031,3067,3112,3127,3051,3204,3143,3104,3067,3133,2960,3158,3076,2981,3126,3083,3163,3111,3138,3025,3150,3081,3152,3053,3071,2992,3164,2933,3074,3037,3080,3304,3188,3275,3266,3286,3336,3298,3316,3413,3361,3195,3298,3278,3212,3305,3195,3338,3320,3334,3278,3273,3263,3218,3251,3326,3286,3207,3283,3287,3304,3148,3336,3178,3216,3141,3137,3120,3074,2941,3093,2957,3202,3134,3122,3114,3070,3171,3038,3102,3064,3048,3087,3077,2973,3179,3159,3055,3011,3086,3164,2967,3048,3163,2987
121,1210,right,3036,3045,2954,3006,3036,3099,3013,3029,3096,3116,2915,3062,2977,3049,2992,3110,2998,2973,3018,3020,3122,3015,2969,3118,3114,3066,2911,3033,3107,3043,3042,3064,3188,3349,3234,3306,3162,3270,3145,3051,3253,3163,3132,3127,3264,3048,3309,3170,3333,3205,3205,3309,3156,3242,3256,3171,3150,3301,3117,3201,3244,3265,3161,3283,3025,3043,2970,3050,3006,3112,3116,3020,2995,3130,3003,3006,3058,3092,3056,3064,2977,3113,3068,3082,2970,3004,3041,3030,3037,3039,3105,3046,3019,3022,3041,3144
122,1220,right,3106,3127,3156,3062,3067,3155,3234,3080,3089,3028,3121,3111,3224,3079,3132,3018,3117,3218,3076,3061,3018,3064,3084,3102,3079,3090,3041,3068,3092,3182,2988,3035,3304,3326,3314,3292,3286,3307,3377,3377,3342,3125,3344,3327,3322,3237,3313,3200,3267,3284,3305,3211,3334,3295,3321,3250,3404,3344,3243,3233,3182,3344,3220,3238,3090,3160,3083,3136,3093,3145,3262,3167,3123,3067,3111,3066,3195,3011,3144,3066,3067,3177,3135,3180,3116,3025,3100,3001,3110,3092,3117,3120,3154,3060,2962,3122
123,1230,right,3073,3067,3008,3069,2998,3022,3068,2964,3055,3100,2938,3148,3061,3026,2970,3020,3015,2922,3093,3141,3124,3090,3077,3041,2973,3129,2936,3095,3042,3088,3115,2967,3220,3182,3155,3325,3211,3260,3225,3272,3166,3253,3205,3344,3103,3296,3236,3210,3312,3171,3142,3203,3185,3202,3179,3232,3147,3381,3150,3179,3206,3387,3247,3153,3008,2915,3109,3038,2956,3161,2997,3064,3058,3081,2984,3020,2996,3031,2995,2973,3175,3073,3142,3031,2964,3027,3039,2993,3024,3092,3132,3118,3104,2957,3040,3009
124,1240,right,3175,3016,3007,3013,3119,3040,3111,3036,3056,3179,3062,3152,3111,3078,2927,3042,3083,3112,3082,3048,2981,3028,2976,3062,2995,3041,3091,3077,2946,3032,3114,2972,3243,3193,3271,3170,3135,3332,3191,3124,3233,3317,3227,3157,3278,3142,3211,3248,3207,3244,3063,3246,3280,3153,3106,3225,3303,3251,3068,3181,3220,3277,3124,3367,3056,3080,3160,3026,3034,3121,3054,3054,3057,3181,3044,3086,3063,3152,2990,3058,3064,3061,3060,2960,3089,3013,3003,2953,3028,3047,3042,3110,3163,2998,2877,3004
125,1250,right,2953,3163,3033,2990,3135,2920,3048,3009,2954,3094,3142,2983,3121,3168,3130,3078,3005,3063,3063,3054,2951,3094,3041,2982,3065,3123,3132,3067,3120,3178,3166,3022,3208,3229,3296,3361,3336,3194,3176,3271,3154,3248,3187,3340,3170,3251,3269,3249,3196,3193,3291,3282,3241,3233,3232,3219,3252,3241,3272,3188,3259,3213,3251,3226,3067,3028,3030,3033,3053,3067,3025,3138,3058,3121,2925,3080,3096,3114,3100,2998,3063,3029,3121,2955,3057,3117,3060,3021,3051,3086,3066,2995,3119,3028,3065,3083
126,1260,right,3053,3064,2986,3116,2886,3090,3105,3024,3104,3113,2974,3102,3075,3031,3071,2990,2965,2997,3003,3174,3012,3076,3027,3021,3049,3100,2950,3068,2989,3012,2988,3062,3216,3318,3223,3259,3230,3262,3256,3313,3248,3185,3199,3184,3144,3263,3319,3233,3188,3273,3197,3188,3252,3256,3120,3237,3221,3187,3199,3202,3215,3181,3246,3267,3050,3086,2953,3100,3070,3180,3014,3046,3055,2974,3109,3106,2951,3032,2988,3002,3024,3142,3019,3116,3121,3085,3090,3113,3086,3007,3050,2988,3064,2989,3161,2906
127,1270,right,3187,3150,3030,3139,3246,3195,3180,3158,3186,3273,3178,3134,3146,3163,3150,3131,3107,3183,3143,3187,3115,3018,3214,3174,3130,3180,3112,3031,3120,3094,3192,3156,3283,3339,3274,3338,3372,3335,3383,3344,3287,3337,3426,3311,3396,3222,3335,3405,3286,3326,3291,3347,3335,3271,3347,3317,3227,3362,3259,3375,3265,3374,3316,3383,3116,3169,3190,3174,3231,3093,3173,3155,3150,3065,3139,3074,3211,3210,3167,3170,3141,3031,3065,3102,3135,3079,3096,2960,3188,3079,3051,3069,3132,3147,3005,3184
128,1280,right,3087,3129,3078,3036,3113,3010,3085,3075,3196,3160,3073,3174,3159,3061,2991,3151,3061,3126,3150,3136,3089,3042,3127,3002,3107,3118,3124,3092,3043,3105,3117,3068,3248,3241,3446,3214,3234,3174,3383,3333,3222,3272,3237,3317,3345,3329,3258,3260,3427,3220,3313,3174,3260,3276,3277,3332,3227,3351,3287,3161,3262,3269,3220,3286,3025,3095,3052,2992,3059,3061,3074,3094,3174,3136,3034,3129,3102,3097,3104,3116,3142,3049,3187,3118,3160,3154,3150,3120,3108,3056,2976,3185,3131,2980,3183,3096
129,1290,right,3130,3106,3118,3127,3017,3077,3006,3174,3014,2956,3149,3044,3057,3136,2989,3065,3027,3035,3081,2935,3037,3042,3001,3046,3077,3138,3051,3154,3097,3000,3048,3110,3242,3222,3307,3325,3231,3170,3160,3181,3080,3239,3237,3283,3318,3282,3173,3215,3315,3234,3229,3233,3235,3232,3280,3222,3200,3271,3352,3356,3101,3307,3147,3234,3122,3037,2947,3045,3077,3003,3127,3008,3008,3011,3040,3066,3040,3106,3091,2988,3130,3004,3057,3091,3100,3123,3096,3023,3110,3148,3108,3093,3013,3157,3154,3128
130,1300,right,3123,3074,3133,3172,3123,3090,3116,3179,3277,3119,3013,3220,3090,3064,3153,3184,3116,3194,3185,3098,3095,3209,3107,3081,3162,3150,3111,3092,3158,3201,3146,3026,3116,3206,3094,3218,3215,3244,3185,3330,3131,3247,3184,3197,3135,3157,3203,3112,3149,3140,3196,3121,3110,3151,3252,3156,3226,3269,3146,3137,3158,3167,3142,3194,3246,3240,3226,3288,3275,3241,3178,3196,3178,3211,3161,3188,3325,3280,3238,3334,3299,3349,3166,3262,3342,3296,3222,3228,3220,3247,3170,3270,3264,3150,3173,3323
131,1310,right,2998,3003,3135,2974,2886,2988,3016,3016,3020,2982,2957,3138,3092,2882,3048,2907,2859,3034,3099,3087,3005,2997,3008,2910,3027,2967,3023,3041,2986,3107,2949,3034,3181,3207,3177,3148,3129,3131,3117,3238,3219,3205,3176,3128,3154,3244,3200,3152,3186,3226,3162,3209,3233,3167,3224,3244,3100,3210,3196,3139,3147,3218,3132,3199,2941,2913,2970,3047,2998,2951,3068,2866,3051,2970,3050,2967,3025,2960,3051,3013,3089,2942,2863,3084,3069,3042,2895,3013,2945,3016,3007,2989,2980,3117,3042,2999
132,1320,right,3122,3180,3141,3126,3147,3060,3172,3166,3119,3088,3172,3240,3102,3110,2971,3231,3191,3134,3139,3147,3081,3170,3010,3117,3186,3154,3089,3203,3112,3112,3109,3039,3329,3353,3285,3289,3304,3311,3341,3363,3290,3242,3289,3376,3257,3332,3268,3267,3339,3277,3317,3245,3444,3325,3236,3371,3295,3444,3320,3335,3289,3317,3304,3251,3115,3168,3057,3104,3180,3167,2994,3148,3215,3017,3009,3154,3006,3210,3043,3187,3167,3098,3234,3132,3157,3126,3101,3042,3163,3154,3067,3143,3069,3034,3110,3174
133,1330,right,3021,3069,3092,3132,3026,3125,3114,3082,3048,3159,3011,3128,3094,3127,3108,3101,3095,3073,3046,2966,2968,3063,2927,3098,3018,3011,3058,3093,3069,3055,2999,3048,3343,3282,3169,3295,3275,3352,3248,3266,3287,3238,3143,3148,3324,3232,3267,3240,3107,3304,3277,3247,3264,3314,3304,3298,3259,3345,3294,3235,3318,3272,3237,3350,3131,3149,3008,3027,3137,3093,3004,3077,2911,3131,3094,3094,2963,3164,3049,3118,3141,3062,3069,3092,3007,3090,3158,3048,2991,3034,3007,3176,3090,3144,3148,3103
134,1340,right,2929,3018,3195,2978,2953,3052,2984,3137,3097,2989,3062,3003,3039,3145,2950,2952,3055,3104,3009,3136,3062,3053,3073,2905,3110,3099,3060,3122,2997,3165,3159,3104,3229,3137,3265,3292,3268,3256,3176,3283,3207,3298,3217,3316,3108,3224,3218,3142,3175,3279,3379,3219,3200,3260,3292,3395,3270,3235,3228,3175,3221,3256,3166,3237,3023,3081,3020,3117,3071,3057,3080,3083,3030,3067,3070,3037,3123,3055,3049,3144,3117,3044,2928,3127,2970,3101,3157,3070,3036,3056,2974,3077,3042,3074,3033,3041
135,1350,right,3029,3027,3009,3027,3108,3177,3032,3115,3063,3157,3048,3124,3017,3104,3054,3093,3061,3141,3070,3155,3148,2981,3056,3004,3020,3090,3103,2973,3040,3051,3015,3085,3248,3196,3322,3332,3361,3205,3189,3283,3254,3151,3176,3250,3316,3225,3264,3338,3369,3217,3309,3227,3365,3225,3251,3146,3263,3260,3390,3259,3231,3280,3259,3284,3090,3117,3131,3089,3147,3136,3136,3177,3058,3144,3135,3201,3073,3138,3110,3073,2978,3107,3065,3142,3098,2978,3012,3133,3132,3084,3043,3094,3064,2970,3019,3006
136,1360,right,3070,3115,3015,3139,3103,3232,3053,3035,3107,3159,3160,3143,3249,3147,3114,3100,3020,3142,3193,3150,3162,3172,3108,3052,3144,3139,3030,3133,3129,3142,3108,3048,3234,3210,3201,3390,3327,3240,3322,3321,3326,3278,3268,3312,3261,3317,3276,3347,3299,3238,3292,3344,3137,3283,3293,3263,3237,3290,3368,3228,3372,3328,3265,3239,3048,2981,3168,2971,3004,3102,3057,3231,3156,3002,3146,3108,3182,3256,3197,2969,3090,3129,3175,3051,3126,3109,3063,3078,3123,3203,3208,3095,3205,3132,3095,3086
137,1370,right,3111,3201,3156,3118,3070,2955,3126,3127,3053,2996,3037,3085,3050,2969,3101,3029,3151,3078,3159,3054,2938,3070,3041,3073,2991,3164,3122,3037,3150,3031,3072,3135,3266,3251,3273,3320,3192,3271,3224,3227,3386,3183,3250,3298,3319,3247,3177,3302,3230,3157,3272,3179,3272,3264,3196,3289,3319,3347,3133,3217,3249,3284,3239,3247,3070,3154,3010,3163,3093,3101,3161,3134,3127,3122,3027,3187,3056,3045,3078,3146,3066,3168,3028,3179,2958,3153,3197,3131,2982,3038,3079,3002,3105,3032,3068,2999
138,1380,right,3109,2990,3028,3153,3141,3010,3098,3073,3089,3040,3017,3111,2967,3088,3042,3000,3021,3094,3023,3148,3089,3001,3028,3096,3078,3048,3176,3005,2997,3057,3050,3051,3273,3168,3225,3279,3217,3244,3224,3191,3280,3242,3177,3190,3354,3232,3225,3171,3257,3325,3299,3239,3294,3258,3290,3248,3188,3245,3276,3206,3355,3362,3302,3275,3065,3072,2979,3146,3059,3142,3080,3050,3099,3080,3018,3030,3066,2946,2939,3056,2997,3000,3083,3034,3107,3009,2992,3084,3049,3090,3020,3138,2918,3085,3137,3012
139,1390,right,3033,3129,3062,3035,2992,3108,2921,3114,3023,3058,3093,3039,3100,3150,3110,3052,3005,3131,3066,3108,3014,3120,2962,3101,3106,3009,3069,2966,2976,3023,3111,3026,3263,3143,3209,3298,3181,3311,3234,3276,3275,3247,3236,3279,3161,3281,3221,3247,3295,3244,3180,3289,3285,3199,3147,3171,3177,3274,3185,3380,3237,3241,3234,3136,3102,3093,3105,3116,3081,3147,3013,3179,3074,3150,3002,3064,2984,3027,2987,3034,3125,3024,2990,3114,3005,3033,3054,3130,3011,3036,2989,3051,3164,3041,3155,3082
140,1400,right,3219,3166,3185,3135,3107,3197,3167,3303,3280,3107,3226,3271,3132,3077,3203,3147,3139,3234,3169,3236,3249,3207,3163,3079,3173,3056,3147,3158,3268,3092,3193,3156,3192,3352,3392,3272,3339,3318,3264,3326,3286,3253,3341,3351,3284,3402,3313,3440,3451,3301,3429,3297,3339,3270,3341,3402,3449,3437,3378,3317,3319,3361,3306,3356,3152,3207,3058,3091,3099,3087,3255,3089,3116,3111,3268,3185,3136,3180,3049,3215,3263,3227,3193,3052,3078,3138,3078,3186,3208,3240,3265,3226,3203,3135,3110,3239
141,1410,right,3222,3106,3099,2983,3024,2989,3049,3106,3035,2909,3064,3140,3026,3020,3141,3016,3094,2944,3017,2999,2974,2950,3065,2953,3049,3027,3046,2936,3056,2958,3069,3015,3237,3183,3203,3276,3342,3173,3309,3177,3238,3213,3250,3195,3245,3235,3155,3177,3357,3241,3207,3153,3210,3223,3203,3329,3308,3265,3190,3308,3230,3289,3122,3231,2915,3023,3060,3051,3045,2918,3047,3126,3014,3108,3051,3079,3069,3071,3027,2991,3077,3104,3104,3033,3079,3023,3009,3154,2998,2986,2965,2992,3144,3124,2989,3051
142,1420,right,3031,3126,3043,3119,3047,2964,3013,2981,2976,3043,2948,2949,3047,3055,2981,2960,3056,2956,3015,3088,2968,3075,3131,3071,3102,2934,3008,3024,2961,2902,2948,2978,3144,3132,3134,3243,3315,3126,3192,3161,3083,3198,3372,3146,3195,3170,3220,3303,3255,3198,3205,3181,3145,3195,3231,3306,3216,3105,3150,3245,3174,3145,3287,3201,3022,3037,3073,3007,3105,3059,3123,3110,2969,3036,3055,3108,3021,3045,3093,3046,3044,3086,3140,3116,3031,3026,3002,3021,3048,2885,3073,2959,3040,3048,3051,2955
143,1430,right,3139,3147,3137,3137,3185,3038,3145,2959,3098,3074,3168,3074,3029,3209,3155,3083,3026,2907,3165,3159,3126,3040,3059,3109,3076,2979,3302,3024,3128,3233,3103,3090,3229,3354,3264,3268,3289,3351,3285,3289,3277,3411,3212,3251,3304,3185,3370,3320,3281,3278,3148,3235,3311,3339,3361,3345,3406,3254,3350,3337,3308,3272,3264,3237,3058,3045,3066,3178,3076,3098,3097,2997,3162,3147,3162,3180,3109,3080,3164,3044,3142,3146,3031,3266,3117,3147,3134,3086,3099,3024,3180,3092,3158,3043,3136,3053
144,1440,right,2898,2960,2851,3075,3082,2952,2974,3000,2949,2975,2876,3047,2940,3019,3066,3026,2951,2900,3066,3017,3127,3040,3059,2961,2983,2955,3070,3019,3009,3162,2860,2949,3129,3124,3230,3291,3101,3195,3113,3246,3172,3275,3223,3205,3308,3216,3106,3232,3208,3217,3226,3154,3234,3174,3102,3242,3181,3153,3180,3289,3131,3136,3291,3290,3042,2987,2930,3060,3025,3003,3082,2927,3071,3067,2873,3066,3096,3022,3057,3083,3008,2984,2971,3026,2985,2916,3025,3004,2960,2925,3015,3071,3026,2975,3042,2966
145,1450,right,3033,2928,2940,2996,2984,2996,2978,3101,2990,2903,3070,2965,3031,3015,3009,2966,3002,3001,3041,2982,3141,3040,3045,3013,2977,3062,3006,3112,3051,3021,2986,3086,3206,3156,3200,3281,3113,3246,3138,3175,3251,3098,3364,3202,3124,3162,3197,3178,3277,3186,3221,3234,3066,3224,3159,3219,3116,3267,3112,3182,3176,3217,3179,3102,3157,3151,2987,3025,3012,3152,3053,3083,3037,3023,2989,3056,3064,3052,3024,3013,3031,3068,2888,3090,2968,2958,2954,2937,2929,2955,3041,2900,2960,3013,3080,2961
146,1460,right,2997,3144,3076,3145,3060,3079,3056,3020,3227,3095,3041,3078,3149,2978,3146,2954,3143,3077,3103,3049,3075,3072,3030,3148,3174,3053,3039,3066,3034,3029,3066,3145,3275,3224,3319,3177,3127,3264,3243,3255,3195,3311,3317,3147,3281,3268,3342,3160,3140,3266,3289,3276,3279,3311,3246,3239,3327,3240,3338,3248,3276,3295,3310,3343,3042,3049,3054,3074,3071,2994,3007,3073,3034,3143,3078,3114,3051,3172,3045,3010,3172,3124,3056,3092,3131,3076,3156,3154,3212,3043,3090,3040,3117,3178,3078,3140
147,1470,right,3084,3137,3126,2963,3053,3253,3068,3043,3039,3058,3143,3187,3235,3173,3159,3051,3154,3204,3143,3185,3057,3144,3172,3004,3038,3001,3164,3185,3045,3248,2959,3125,3332,3388,3285,3354,3216,3282,3411,3241,3311,3301,3405,3276,3272,3305,3261,3298,3317,3174,3219,3190,3303,3247,3280,3417,3350,3354,3209,3304,3337,3346,3245,3232,3196,3134,3151,3190,3056,3152,3058,3169,3163,3247,3123,3145,2993,3201,3254,3110,3064,3112,3113,3068,3057,3105,3050,3165,3169,3229,3134,3103,3165,3097,3100,3168
148,1480,right,2966,3055,2903,3073,3122,3084,3115,3043,3072,3128,3047,3022,3067,3021,3017,3126,3086,2962,3035,3025,3064,2970,3123,3076,3035,3158,3033,3097,3074,3017,3027,2996,3242,3214,3312,3152,3204,3305,3284,3124,3267,3161,3138,3328,3255,3171,3150,3169,3245,3274,3249,3286,3220,3287,3373,3258,3272,3176,3315,3139,3270,3286,3309,3266,3102,2902,2965,3043,3008,2963,2976,3108,3101,2895,3026,3107,3004,3079,3092,3132,3049,3154,3069,3170,3054,3117,3136,3086,3032,3056,3085,3054,3013,3111,3046,3039
149,1490,right,3089,3138,3101,3127,3094,3256,3075,3021,3130,3181,3099,3068,3120,3095,3138,3156,3151,3007,3099,3010,3112,3050,3184,3200,3147,3104,3118,3143,3079,3042,3041,3063,3214,3381,3247,3246,3340,3282,3311,3228,3315,3142,3273,3280,3250,3234,3273,3379,3415,3407,3324,3244,3196,3301,3386,3371,3217,3261,3240,3283,3299,3208,3301,3366,3149,3112,3155,3082,3167,3170,3045,3130,3080,3064,3170,3099,3139,3061,3109,3060,3157,3211,3077,3084,3167,3087,3068,3199,3066,3140,3083,3123,3162,3141,3022,3018
150,1500,right,3061,2998,3028,3131,3084,2988,3171,3166,3199,3112,3047,3207,3107,3132,3059,2987,3119,3140,3092,3103,3083,3097,3120,3042,3091,3036,3113,3144,3177,3130,3117,3108,3209,3315,3248,3303,3325,3301,3359,3307,3281,3318,3196,3262,3274,3231,3335,3307,3211,3306,3287,3233,3184,3262,3270,3240,3256,3316,3385,3292,3228,3284,3226,3228,3141,3009,3123,3154,3160,3321,3164,3118,3053,3161,3055,3135,3008,3043,3090,3108,3148,3085,3115,2962,3094,3147,3080,3006,3121,3173,3001,3090,3053,3158,3144,3070
151,1510,right,3154,3094,3192,3141,3216,3178,3160,3224,3104,3077,2971,3046,3130,3140,3173,3222,3137,3228,3168,3126,3107,3191,3063,3154,3146,3324,3267,3152,3035,3112,3135,3142,3206,3269,3234,3179,3361,3359,3440,3213,3277,3406,3277,3196,3246,3223,3358,3190,3401,3230,3285,3351,3249,3267,3365,3306,3320,3345,3352,3323,3363,3300,3354,3305,3132,3247,3168,3072,3132,3129,3269,3153,3189,3128,3146,3196,3164,3265,3118,3097,3125,3126,3116,3115,3226,3052,3250,3044,3126,3194,3152,3076,3116,3142,3160,3186
152,1520,right,3125,3160,3105,3066,3125,3190,3051,3189,3102,3041,3035,3243,3077,3131,3259,3157,3049,3139,3040,3069,3037,3176,3070,3013,3218,3218,3072,3187,3112,3089,3002,3016,3283,3376,3206,3270,3240,3335,3300,3315,3224,3262,3220,3240,3212,3260,3452,3309,3208,3244,3162,3301,3311,3275,3279,3213,3263,3292,3376,3369,3336,3231,3300,3292,3048,3017,3119,3053,3091,3054,3203,3168,3045,3122,3144,3061,3087,3051,3151,2944,3127,3132,3001,3097,3113,3080,3107,3111,3238,3123,3057,3153,3215,3229,3103,3000
153,1530,right,3066,2994,3033,3043,3008,2991,3094,3068,3050,3049,3159,3014,3098,3089,3015,2945,2977,3023,3061,3216,3096,2965,3098,3185,2988,3004,2942,3109,3093,3111,3009,3080,3225,3384,3360,3220,3198,3304,3213,3127,3333,3179,3291,3210,3221,3194,3246,3373,3201,3269,3133,3277,3428,3190,3088,3185,3320,3279,3227,3272,3243,3152,3272,3222,3028,3044,2944,3104,3085,3051,3093,3056,3075,3179,3101,3066,3010,3040,3121,3118,3023,3118,3042,3111,3209,3070,3126,3125,3101,3016,3098,3115,2992,2969,3169,3147
154,1540,right,3127,3066,3087,3121,3123,3078,3150,3007,3016,2971,3038,3012,3033,2968,3098,3057,3078,2981,3139,3020,2927,2991,3075,3072,2999,3026,3113,3045,3136,3064,3024,3095,3244,3204,3213,3255,3187,3313,3329,3319,3193,3275,3210,3111,3199,3252,3241,3229,3303,3143,3330,3235,3162,3110,3234,3198,3218,3202,3200,3222,3189,3316,3283,3265,3026,3014,3014,3052,3085,3085,3121,3008,3029,3000,3078,2956,3123,2966,3099,2942,2991,2999,2931,3045,3000,2950,3109,3075,3051,3048,3014,3031,3025,3101,3123,3029
155,1550,right,3071,3138,3202,3200,3000,3121,3015,3031,3002,3092,3107,3062,3015,3100,3026,3104,3107,3143,3121,3137,2966,3055,3204,3156,3148,3247,3199,3074,3197,3100,3195,3066,3284,3224,3373,3328,3240,3271,3291,3214,3273,3258,3341,3363,3149,3303,3285,3234,3293,3235,3234,3229,3471,3242,3330,3242,3319,3295,3324,3275,3337,3258,3267,3353,3077,3190,3008,3180,3223,3152,3163,3145,3080,3107,3112,3129,3177,3139,3163,3061,3077,3098,2997,3135,3091,3196,3073,3014,3165,3210,3120,3170,3068,3082,3012,3022
156,1560,right,3122,3091,3225,3054,3096,3145,3099,3083,3044,3027,3082,3078,3170,3129,2981,2953,3157,3258,3188,3080,3063,3139,2996,3091,3077,3221,3100,3007,3001,3145,3169,3080,3233,3260,3182,3265,3224,3284,3316,3262,3201,3305,3196,3328,3253,3222,3301,3233,3390,3262,3386,3280,3291,3319,3249,3254,3327,3210,3273,3298,3230,3271,3349,3301,3026,3050,3091,3041,3064,3085,3166,3041,3015,3051,3003,3256,3065,3102,3074,3135,3032,3038,3046,3116,3137,3086,3147,3120,3125,3161,3103,3197,3148,3142,3071,3133
157,1570,right,2988,2961,3029,3078,3068,3106,3060,3015,2864,2991,3061,3148,3109,3030,3096,3085,3005,3025,3017,3170,3047,3053,3050,3055,3023,3069,3119,3054,3060,3086,3116,3004,3245,3271,3217,3282,3247,3287,3251,3196,3289,3126,3262,3210,3290,3255,3317,3306,3180,3240,3291,3151,3149,3225,3257,3191,3170,3152,3265,3063,3225,3327,3258,3261,3154,3208,3098,3087,3066,3041,3165,3121,3088,3104,3182,3037,3075,2994,3020,3193,3057,2966,3154,3026,3094,3115,3102,3001,3057,2990,3076,2964,2954,3069,2931,2984
158,1580,right,3046,2987,3053,3021,3016,3057,3109,3091,3076,3066,3010,3083,2880,3010,2952,2931,2941,2990,2919,2908,3041,3040,2992,2976,3022,3091,3061,3023,2978,2991,2932,3103,3154,3170,3185,3266,3208,3124,3115,3202,3275,3171,3171,3190,3170,3257,3189,3232,3179,3161,3246,3143,3183,3297,3229,3156,3160,3128,3164,3194,3191,3088,3161,3204,2933,2982,2958,2978,2992,3001,3032,3032,3112,3017,2975,2882,2992,3019,3002,3021,2901,3006,2981,3038,3024,2949,2939,3046,3012,3097,2911,2962,3018,3004,2982,3101
159,1590,right,3070,3116,3054,3093,3087,3120,3086,3152,3111,3073,3056,3021,3114,3122,3114,3005,3138,3052,2985,3031,3222,3054,3153,3000,3093,3054,3041,3082,2938,3074,3134,3044,3284,3303,3330,3267,3290,3211,3299,3285,3274,3311,3255,3316,3134,3289,3279,3240,3284,3239,3232,3256,3210,3320,3317,3276,3271,3298,3241,3236,3324,3357,3342,3280,3223,3232,3191,3014,3110,3103,3059,2972,3128,3136,3110,3191,3331,3035,3094,3112,3065,3155,3079,3121,3146,3019,3176,3102,3040,3193,2996,3022,3174,3038,3085,3108
160,1600,right,3171,3158,3107,3112,3249,3067,3131,3103,3118,3157,3024,3023,3026,3130,3204,3089,3111,3153,3121,3302,3171,3070,3211,3196,3178,3029,3041,3142,3215,3075,3166,3101,3319,3312,3368,3323,3320,3235,3229,3336,3119,3309,3302,3364,3289,3369,3373,3242,3339,3299,3253,3275,3303,3275,3347,3326,3233,3296,3226,3252,3320,3441,3289,3432,3028,3162,3059,3141,3078,3075,3152,3163,3074,3098,3048,3086,3200,3147,3134,3073,3105,3154,3167,3021,3104,3155,3098,3092,3158,3158,3242,3141,3170,3207,3098,3105
161,1610,right,2914,2898,3072,3036,3098,3017,3152,3127,3047,3106,2910,3118,3094,3150,3103,3043,3147,3023,3026,3102,3174,3063,3125,3126,3115,3042,3182,3048,3101,3114,2925,3162,3241,3207,3284,3242,3197,3276,3390,3168,3262,3158,3212,3198,3347,3303,3277,3276,3213,3202,3206,3252,3148,3295,3334,3252,3340,3263,3271,3192,3334,3235,3367,3290,3115,3164,3122,2985,2978,3025,3035,3124,3037,3129,3082,3160,3105,3106,3090,3028,3078,3150,3085,3089,3048,3011,3103,3045,3088,3069,3109,3110,3012,3101,3147,3080
162,1620,right,3041,3056,3146,3038,3056,3044,2988,3140,3080,3052,3076,2994,2977,2986,2894,3028,2996,3011,3046,3046,2981,2999,3047,2953,3071,2989,3011,3011,3061,3068,3065,2997,3158,3299,3235,3185,3249,3274,3286,3157,3108,3163,3215,3244,3246,3218,3175,3240,3127,3306,3179,3343,3270,3250,3323,3241,3294,3180,3203,3246,3294,3289,3280,3256,3026,3157,2963,3071,3062,3032,2979,3070,3026,2956,3095,3079,3012,3028,3021,3110,3084,3075,3031,3060,3042,2972,3054,3031,3080,3039,3034,3035,3029,3038,2950,3103
163,1630,right,3091,2999,3072,3039,3205,2956,3062,3143,3119,3186,3045,3100,3022,3017,2904,3061,3024,3105,3116,3090,3033,3099,3037,3057,3022,3157,3106,3111,3126,3035,3212,3047,3191,3336,3263,3213,3392,3304,3335,3162,3231,3248,3296,3288,3304,3274,3240,3167,3372,3318,3164,3271,3242,3244,3324,3205,3190,3209,3275,3271,3266,3256,3200,3233,3077,3084,3068,3152,3095,3118,3068,3081,3113,3042,3104,3086,3048,3022,3141,2967,3229,2990,3156,3136,3158,3183,3123,3051,3161,3073,3137,3122,3104,3210,3033,3014
164,1640,right,3120,3020,3181,3098,3114,3139,3106,3089,3119,3134,3022,3014,3036,3057,3100,3112,3021,3077,3082,3092,3079,2955,3117,3137,3114,3069,3083,2997,3042,3093,3168,3083,3176,3133,3394,3176,3302,3362,3233,3288,3291,3307,3235,3364,3285,3266,3232,3277,3286,3201,3242,3400,3291,3287,3291,3216,3310,3326,3271,3323,3264,3346,3249,3368,3217,3092,3179,2979,3223,3088,3110,3022,3147,3105,3089,3019,3057,3111,2933,3155,3147,3111,3051,3121,3060,3006,2980,3132,3052,3054,3066,3045,2996,3082,3102,3082
165,1650,right,3039,3048,3144,3121,2930,2992,3038,3095,3151,3098,3059,2971,3024,3103,3149,2993,3089,3106,2990,2999,3149,3045,2936,2976,3074,3028,2961,3140,2981,3133,2962,3013,3046,3080,3079,3144,3067,3091,3022,3184,3189,3037,3122,3081,3115,3143,3128,3065,3091,3178,3267,3149,3265,3253,3042,3059,3158,3070,3119,3125,3093,3173,3115,3158,3116,3107,3082,3103,3077,3110,3156,3110,3187,3183,3125,3092,3044,2996,3075,3012,3201,3084,3050,3101,3084,2956,3047,3140,3132,3104,3219,3054,3126,3093,3140,3050
166,1660,right,3016,3053,2988,3050,3098,3156,3123,3073,3074,3030,3032,3101,3104,2992,2980,3006,3045,3113,3121,3082,3147,2953,3076,3080,3071,3097,3098,3027,2977,2976,3033,3034,3147,3290,3229,3095,3183,3130,3113,3307,3236,3173,3253,3270,3234,3272,3275,3178,3138,3310,3305,3284,3246,3165,3279,3118,3179,3196,3159,3252,3267,3322,3190,3310,2961,3090,3121,3058,2984,3085,3087,2995,2980,3155,2958,2925,3094,3087,2992,3051,3067,3019,3029,2934,3135,3124,3127,3155,3061,2940,2965,3132,3073,2992,3112,3076
167,1670,right,2989,2899,2969,3022,3050,3060,2920,3018,3037,3116,2980,2996,3045,2828,2971,3008,3071,3022,2984,3017,3035,3136,3126,3083,3069,3083,2981,2905,2985,3093,2874,3133,3239,3167,3282,3204,3221,3054,3127,3196,3111,3216,3191,3241,3334,3145,3210,3221,3119,3195,3204,3070,3188,3187,3298,3256,3270,3191,3217,3140,3280,3234,3166,3183,2976,2936,3024,2987,3004,3103,3088,3073,3026,3034,3031,3020,2985,2936,2926,3080,3026,3125,2968,3136,2900,2993,3050,3075,3057,2967,3076,2971,2939,3012,3061,3045
168,1680,right,2963,3047,3078,3036,3056,2967,3150,3079,3083,3134,3085,3140,3101,3165,3177,3100,3119,3061,3155,3182,3091,3094,3051,3085,3092,3183,3154,3078,2987,3127,3145,3060,3345,3142,3215,3246,3286,3479,3335,3273,3233,3233,3207,3320,3197,3346,3289,3312,3329,3296,3217,3226,3334,3341,3240,3187,3210,3266,3260,3213,3351,3286,3353,3267,3184,2926,3081,3051,3110,3109,3101,3067,3079,2981,3176,3108,3051,3188,3178,3209,3127,3116,3047,3102,3164,3057,3095,3033,3016,3101,3074,3076,3024,3230,3161,3143
169,1690,right,3014,3047,3108,3192,3134,3065,2993,3066,3112,3089,3109,3094,3044,3160,3035,3051,3126,3118,3050,3134,3159,3149,3072,3099,3065,3028,3138,3084,3006,3158,3069,3048,3233,3253,3250,3189,3253,3334,3342,3203,3283,3222,3262,3274,3173,3212,3286,3172,3218,3238,3283,3228,3270,3280,3222,3147,3225,3230,3147,3172,3179,3334,3183,3351,3200,3133,3205,3048,3045,3193,3022,3076,3149,3124,3093,2974,3088,3087,3100,3045,3058,3070,3193,3152,3086,3134,3041,2999,3080,3146,3159,3032,3064,3047,3108,3082
170,1700,right,3044,3189,3186,3146,3124,3275,3198,3140,3113,3287,3291,3179,3193,3244,3163,3148,3168,3201,3171,3115,3137,3029,3141,3228,3228,3203,3235,3146,3151,3179,3095,3123,3441,3313,3207,3326,3274,3394,3214,3320,3420,3293,3415,3328,3416,3380,3491,3353,3436,3325,3330,3444,3253,3367,3456,3438,3261,3219,3319,3205,3263,3352,3327,3366,3140,3163,3260,3108,3194,3111,3160,3164,3168,3121,3142,3162,3171,3193,3160,3243,3232,3177,3171,3171,3167,3191,3221,3151,3179,3153,3233,3155,3204,3197,3234,3091
171,1710,right,3118,3127,3180,3120,3149,3162,3121,3036,3088,3067,3003,3141,3088,3041,3088,3164,3131,3113,3159,2993,3157,3084,3177,3043,3077,3035,3160,3069,3187,2997,3097,3118,3161,3341,3240,3320,3151,3283,3251,3299,3215,3301,3256,3270,3373,3192,3237,3418,3257,3277,3252,3195,3256,3191,3103,3251,3193,3297,3197,3225,3196,3256,3275,3210,3115,3106,3079,3168,3054,3147,3216,3144,3116,3086,3145,3065,3147,3090,3119,3213,2999,3201,3126,3122,2983,3048,3020,3018,3097,3154,3077,3074,3076,3036,3215,3029
172,1720,right,3013,3021,2992,3034,3065,3088,3070,3032,2968,2961,2967,3086,3031,2957,3061,3143,3014,3017,3069,3082,3102,3008,2983,3199,3084,3096,2980,3087,3106,3119,3071,3096,3095,3205,3266,3265,3145,3220,3190,3272,3204,3357,3293,3240,3077,3222,3342,3185,3228,3230,3254,3207,3212,3271,3209,3255,3324,3327,3266,3308,3233,3319,3286,3279,3105,2924,3061,3052,3120,3021,2946,2972,3152,3134,3114,3021,3070,3005,2976,3094,3001,2990,2987,3043,2954,2969,3169,3102,2922,3018,3143,3079,3068,3139,2996,3167
173,1730,right,3023,2972,3143,3041,3076,3011,3072,3035,2977,2958,3017,3010,2986,3083,2932,3002,2935,2975,3034,3037,3152,3118,3085,3018,2993,3058,2996,3112,3056,3076,3136,2929,3138,3301,3205,3218,3189,3146,3210,3193,3221,3140,3147,3286,3246,3224,3163,3097,3248,3087,3064,3071,3170,3204,3240,3136,3104,3299,3140,3214,3228,3338,3155,3204,3000,2953,3008,2998,3038,3046,3059,3112,2999,3055,3084,3087,3034,3122,3075,3092,3047,3037,3104,2959,3011,3031,3017,2986,3023,2993,3127,3089,2983,3170,3001,3064
174,1740,right,3035,3068,3167,2979,3139,3105,3037,3116,3011,3063,2968,2996,3008,3098,3049,3009,3005,3038,2974,2966,3026,3023,3083,2919,3038,3031,3046,2967,3220,2953,3026,3084,3237,3192,3144,3292,3312,3304,3251,3301,3099,3172,3257,3235,3218,3232,3178,3281,3269,3217,3332,3167,3211,3251,3243,3233,3144,3262,3322,3282,3267,3177,3185,3230,3008,3053,3076,3128,3056,3044,2951,3227,3216,3069,2929,3194,3089,2954,3076,3051,3176,3050,2927,3059,3059,3079,3110,2927,3070,3041,2992,3014,3160,3008,3021,3020
175,1750,right,3008,2993,3106,3054,2919,3188,3060,3098,3040,3088,3092,3015,3038,3064,3069,3005,3013,2995,2991,3143,2980,3123,3021,3002,3091,2940,3100,3032,2958,3038,2960,2965,3247,3200,3250,3134,3187,3069,3110,3223,3229,3163,3254,3134,3195,3224,3154,3301,3224,3127,3147,3192,3149,3206,3171,3321,3188,3189,3259,3284,3270,3196,3153,3179,3074,3006,2981,3053,2960,3099,3068,3049,2958,2995,2949,3067,3036,3034,2975,2977,2891,3015,3064,2943,3095,3009,3009,3149,3059,3072,2975,2970,3044,3050,2888,3074
176,1760,right,3138,3058,3086,3129,3112,3113,3085,3049,3000,3174,3044,3092,3086,3051,2899,3068,3076,3061,3059,2950,3026,3182,3080,3111,2995,3119,3129,3059,3132,3070,3044,2979,3257,3285,3285,3128,3257,3312,3174,3311,3410,3274,3275,3334,3325,3216,3235,3372,3112,3369,3148,3268,3228,3365,3335,3225,3338,3309,3264,3220,3293,3235,3327,3268,3158,3031,3049,3083,3141,3015,3110,2955,3021,3091,3134,3219,3055,3115,3099,3025,3044,3103,3021,3120,3101,3177,3076,3045,3202,3132,3073,3061,3033,3075,3132,3043
177,1770,right,2960,2958,2943,2916,3064,2903,2929,2942,2993,2933,2973,2985,2933,2943,3037,2892,2970,2854,2803,2981,2986,2866,2938,2960,2954,3113,2895,2937,2956,2928,2899,2938,3092,3217,3133,3141,3080,3198,3211,3214,3141,3178,3134,3137,3167,3100,3194,3008,3106,3177,3161,3129,3270,3156,3176,3110,3163,3090,3150,3212,3190,3134,3118,3148,2938,2976,2922,2952,2949,2947,3017,3065,2985,2841,3042,2969,2948,2811,2966,2958,2949,2887,2995,3057,2858,2974,2986,2981,2939,2970,2936,2991,3024,2946,2939,2918
178,1780,right,3104,3066,3122,3179,3011,3081,3098,3001,3008,3159,2931,3086,3023,3094,3157,3155,3018,3150,3150,3089,3065,3087,3126,3072,3094,3073,3146,3091,3100,3121,3074,3207,3379,3306,3208,3242,3276,3174,3286,3322,3344,3344,3286,3277,3291,3296,3197,3273,3385,3280,3356,3337,3279,3213,3262,3277,3240,3183,3236,3272,3293,3303,3224,3191,3121,3097,3140,3055,3100,3156,3133,3037,3084,3123,3078,3076,3027,3056,3085,3123,3029,3143,3001,3018,3109,3078,2994,3101,3119,3117,3043,3153,3070,3025,3039,3087
179,1790,right,2990,3070,3020,3045,3024,2988,3028,3082,3073,3000,2933,3060,2983,3067,3064,2968,2986,3107,3103,2938,3041,3117,3095,2989,3067,3058,3020,3101,2990,3052,3097,3046,3217,3113,3155,3141,3260,3286,3217,3300,3245,3195,3255,3239,3217,3256,3232,3187,3189,3170,3188,3210,3238,3261,3094,3219,3243,3263,3062,3223,3275,3181,3197,3270,3019,3073,3100,3028,3051,2972,2996,3040,3022,3047,3041,3043,3009,3027,3017,3104,3054,3005,3065,3067,2961,3061,3128,2903,3095,3106,3008,3081,3024,3051,3105,3132
180,1800,right,3079,3229,2965,3159,3100,3040,3055,3036,3085,3115,3180,3071,3184,3172,3223,3114,3147,3056,3091,3186,3154,3046,3070,3081,3289,3137,3001,3018,3191,3098,3077,3240,3328,3322,3242,3301,3313,3242,3298,3332,3284,3277,3253,3423,3325,3393,3306,3389,3270,3243,3287,3321,3275,3283,3241,3272,3343,3177,3243,3388,3332,3344,3353,3284,3079,3124,3139,3206,3075,3126,3126,3146,3129,3057,3072,3167,3162,3190,3133,3075,3149,3088,3186,3060,3084,3152,3154,3121,3137,3108,3142,3103,3131,3190,3145,3169
181,1810,right,3107,3006,3108,3057,3059,3125,2953,3091,3049,3085,3100,3111,3150,3219,3060,3049,3136,3200,3011,3132,3100,3132,3133,3083,3076,3058,3064,3098,3073,3185,3195,3160,3225,3221,3183,3397,3188,3249,3360,3288,3379,3351,3273,3330,3145,3285,3252,3135,3196,3325,3347,3292,3383,3358,3285,3489,3303,3243,3331,3215,3248,3243,3434,3370,3128,3129,3057,3145,3175,3119,3206,3263,3139,3155,3058,3167,3149,3111,3054,3124,3129,3125,3091,3108,3081,3017,3096,3088,3097,3142,3087,3030,3016,3024,3065,3082
182,1820,right,2866,3070,3066,3152,3063,3085,3133,3070,3025,3069,3082,3029,3004,3070,3106,3017,2984,2975,3179,2935,3009,3133,3114,3078,3079,3026,3036,3065,3062,3015,3078,2957,3130,3216,3217,3126,3341,3124,3308,3144,3272,3243,3300,3188,3208,3267,3283,3217,3259,3220,3287,3173,3281,3308,3216,3224,3311,3375,3340,3352,3352,3239,3201,3207,3077,3191,3022,2986,3142,3165,3078,3158,3133,3191,3079,3048,3134,3054,2956,3004,3125,3095,3001,3091,3160,2970,3055,2922,3080,3082,3056,3062,3006,3036,3002,3130
183,1830,right,3151,3089,3118,3120,3057,3268,3101,3149,3135,3209,3081,3088,2996,3072,3181,3102,3181,3197,3124,3152,3111,3013,3197,3150,3206,3074,3115,3125,3083,3063,3285,3110,3288,3280,3302,3306,3432,3256,3385,3353,3221,3293,3236,3210,3250,3327,3219,3364,3351,3276,3128,3286,3182,3245,3228,3310,3358,3332,3373,3284,3297,3374,3376,3347,3157,3095,3123,3229,3064,3176,3147,3092,3068,3117,3175,3070,3115,3185,3095,3113,3225,3153,3145,3125,3224,3002,3043,3052,3118,3194,3178,2976,3114,3110,3216,3180
184,1840,right,3010,2989,3017,2993,3001,3056,2959,2830,3106,2949,3049,2912,2952,3069,3051,2925,2979,3010,3063,2922,2909,3029,2954,3120,2975,2863,3119,2979,2959,3048,3069,3123,3138,3098,3125,3197,3161,3111,3098,3202,3087,3113,3120,3135,3292,3116,3241,3179,3132,3200,3083,3239,3234,3164,3190,3137,3255,3154,3176,3155,3191,3208,3277,3122,3143,3043,3049,3038,2944,2981,2989,2984,3126,3008,3021,3126,3019,2947,3019,3065,2992,3042,2928,2969,3033,3037,3040,3056,2961,2984,2886,3082,2974,3014,3016,2977
185,1850,right,3143,3072,3198,3204,3125,3169,3118,3067,3171,3146,3055,3001,3081,3072,3102,3187,3074,3177,3018,3068,3079,3104,3144,3139,3164,3100,3103,3122,3182,3044,3139,3067,3195,3386,3237,3249,3358,3249,3213,3335,3179,3217,3353,3272,3300,3265,3303,3215,3286,3338,3177,3312,3355,3333,3237,3327,3209,3188,3400,3406,3356,3352,3353,3230,3182,3188,3167,3128,3042,3138,3135,3099,3104,3119,3186,3108,3180,3084,3151,3163,3147,3212,3126,3279,3130,3144,3227,3091,3175,3113,3054,3245,3132,3171,3147,3105
186,1860,right,3019,3012,3039,2959,2978,3047,3022,3155,3016,3042,3048,3125,3060,2983,3126,2980,3007,3053,2981,3008,3043,3111,3035,3128,2941,2999,3057,3068,2999,2975,3009,3175,3325,3186,3064,3289,3231,3296,3339,3242,3198,3206,3155,3252,3161,3257,3214,3153,3253,3323,3145,3244,3177,3182,3224,3206,3189,3226,3215,3282,3317,3124,3142,3213,3033,2969,3016,3067,2999,3122,3020,3090,2973,2983,3016,3068,2971,3030,3051,2937,3028,3084,2980,2942,2924,3121,2986,3071,3093,3032,3045,3078,3039,2833,3143,3154
187,1870,right,3068,3064,3064,3104,3100,3062,3138,3084,3132,3033,3131,3030,3076,3006,3087,3239,3106,3106,3115,3208,3067,3106,3078,3103,3112,3066,3136,3145,3113,3045,3146,3159,3274,3259,3287,3344,3394,3269,3319,3162,3164,3274,3285,3407,3313,3159,3279,3331,3289,3225,3293,3275,3293,3131,3355,3211,3279,3241,3337,3248,3317,3370,3346,3262,3048,3138,3139,3166,3116,2999,3205,3080,3064,3018,3141,3059,3040,3172,3182,3140,3154,3076,3016,3145,3181,3120,3039,3090,3105,2969,3039,3099,3108,2956,3106,3078
188,1880,right,3035,3085,2974,2993,3095,3135,3110,3009,3151,3171,3130,3137,3166,3155,3113,3113,3043,3170,2954,3101,3146,3069,3091,3107,3158,3163,3155,3131,3128,3156,3052,3154,3199,3306,3267,3325,3365,3216,3211,3290,3304,3255,3370,3347,3214,3407,3385,3306,3279,3371,3282,3258,3151,3318,3332,3237,3225,3364,3317,3259,3282,3262,3249,3287,3146,3058,3096,3106,3084,3043,3177,3079,3051,3142,3078,3140,3080,2981,3132,3126,3107,3144,3060,3148,3170,3209,3134,2974,3067,3112,3183,3125,3139,3177,3197,2946
189,1890,right,3036,3060,3239,3163,2958,3208,3127,3037,3103,3059,3099,3081,3137,3217,3269,3072,3081,2988,3108,3053,3061,3193,3026,3091,3036,3150,2994,3094,2983,3092,3058,2990,3247,3362,3281,3255,3243,3137,3149,3234,3168,3208,3277,3139,3283,3348,3264,3207,3207,3283,3314,3298,3223,3185,3251,3238,3264,3295,3234,3217,3230,3308,3355,3362,3047,3149,3044,3079,3054,2970,3072,3012,3111,3035,3102,3080,3023,2963,3040,3040,3106,3112,3065,3029,3081,3146,3084,3110,3174,3055,3164,3096,3155,3161,3120,3060
190,1900,right,3070,3042,3111,3170,2995,3007,3070,3087,3152,3024,3086,3073,3085,3085,3032,3024,3135,3075,3083,3077,3137,3139,3059,3035,3152,3033,3072,3131,3119,3121,3124,2963,3306,3292,3231,3261,3364,3247,3238,3257,3272,3229,3325,3317,3203,3362,3251,3310,3368,3310,3255,3217,3349,3131,3245,3301,3124,3229,3305,3162,3260,3198,3310,3254,3017,3006,3107,3098,3177,3141,3105,3025,3136,2955,3029,3073,3078,3055,3120,3012,3010,3114,3203,3122,2974,3052,3096,3169,2975,3074,3028,3065,3100,3068,3055,3132
191,1910,right,3135,3113,3198,3129,3147,3097,3191,3180,3200,3114,3150,3301,3007,3244,3218,3067,3228,3164,3198,3157,3201,3156,3099,3257,3106,3130,3183,3174,3172,3193,3143,3181,3385,3461,3378,3239,3353,3344,3416,3407,3419,3377,3356,3368,3440,3370,3351,3338,3423,3423,3442,3330,3349,3258,3382,3409,3292,3277,3394,3345,3288,3440,3349,3202,3182,3124,3133,3154,3094,3265,3268,3219,3188,3231,3111,3193,3162,3121,3321,3276,3167,3161,3126,3225,3179,3231,3209,3066,3085,3141,3286,3214,3260,3191,3134,3363
192,1920,right,3065,3076,3095,3043,3056,3005,3004,3089,3083,3108,3129,2911,2971,2958,3132,3131,3059,3081,2955,3062,2984,2974,3008,3065,3133,3119,3100,2958,3015,3113,2958,3064,3261,3280,3238,3104,3147,3252,3301,3216,3190,3260,3173,3191,3206,3223,3257,3275,3225,3294,3292,3264,3189,3153,3161,3200,3220,3227,3381,3329,3225,3156,3187,3259,3060,3117,3073,3072,3090,3075,3102,2977,3036,2946,2960,3020,3030,2976,3039,3001,3142,3018,3041,3030,3101,3052,2979,2975,3100,3048,3103,3076,3109,3058,3007,3027
193,1930,right,3041,3066,3070,2992,2965,3086,3039,3144,2962,2957,2976,3064,3005,3012,2892,3013,3043,2884,3083,3064,3110,3011,2988,3053,2978,3018,3074,2883,2946,2926,2935,3041,3254,3164,3186,3278,3345,3162,3269,3118,3354,3201,3174,3303,3186,3188,3185,3148,3184,3105,3133,3153,3115,3134,3260,3226,3238,3119,3147,3201,3248,3155,3277,3161,3125,3068,3079,2968,2974,3044,3061,2975,3030,2970,2896,2964,3140,2953,3072,2920,2922,2990,3004,3116,3069,3121,2907,3023,3101,2992,3018,3026,3053,2963,3024,3014
194,1940,right,3088,2979,3067,3097,2948,3090,2946,3097,3063,3095,3073,3176,3024,3106,3110,3077,3109,3035,3046,3125,3029,3112,3052,3001,2990,3058,3041,3145,3077,3099,3046,2849,3250,3207,3163,3367,3306,3254,3365,3282,3323,3243,3359,3286,3238,3177,3232,3338,3175,3263,3326,3216,3340,3223,3232,3226,3234,3271,3123,3314,3246,3235,3145,3326,3112,3087,3086,3007,3153,3051,2983,3042,3084,3094,3016,3027,3080,3013,3029,3150,3014,3065,2986,3082,2929,3132,3108,3138,3213,3172,3018,2979,3094,2984,3031,3018
195,1950,right,3080,3233,3142,3149,3123,3151,3174,3146,3130,3137,3020,3034,3092,3173,3101,3194,3087,3161,3092,3063,3224,3115,3038,3067,3110,3117,3143,3073,3133,3091,3058,3061,3344,3315,3266,3246,3301,3268,3279,3182,3424,3301,3284,3344,3414,3341,3228,3326,3256,3224,3306,3286,3296,3295,3503,3298,3375,3234,3363,3355,3297,3344,3290,3333,3168,3157,3170,3044,3104,3030,3151,3252,3114,3119,3089,3120,3094,3103,3101,3099,3149,3217,3142,3222,3245,3122,3206,3141,3121,3201,3151,3099,3132,3163,3182,3118
196,1960,right,3030,3096,3128,3114,2957,2909,2943,3165,3021,3057,3150,3038,3126,3094,3013,3052,3079,3088,3044,3130,3122,3123,3041,3014,2987,3106,3031,2997,3035,3154,3160,3155,3265,3206,3287,3114,3458,3252,3231,3249,3373,3150,3169,3317,3164,3242,3166,3320,3296,3176,3350,3225,3343,3269,3096,3115,3244,3311,3298,3327,3322,3235,3254,3245,3165,3033,3086,3039,3061,3122,3124,3142,3046,3023,2926,3246,3022,3039,3097,3176,3056,3061,3022,2979,3078,2986,3124,3035,3013,3001,3150,3074,3071,3008,3079,3063
197,1970,right,2979,2997,3007,3131,3052,2971,3091,3056,2983,2907,2981,3107,3071,3116,2880,3016,3003,3084,3065,3057,3018,3009,3056,3003,2973,3002,3082,3024,3015,3046,3017,3037,3226,3090,3235,3170,3165,3277,3228,3261,3156,3208,3230,3232,3206,3139,3309,3193,3195,3051,3178,3218,3171,3279,3207,3262,3277,3218,3204,3330,3289,3267,3308,3201,3061,3052,3074,3022,3092,2946,3135,3127,3054,3133,3093,3010,3044,2988,3099,3082,2996,2949,3027,3026,2988,2990,3102,2974,3026,3072,3043,3087,3040,3040,3050,2957
198,1980,right,3086,2971,2909,3041,2951,3049,2958,3059,3161,3047,2914,3105,2990,2918,2985,3090,2839,2911,3068,3004,3046,3079,3003,2985,3055,3069,3006,3013,2975,2933,3085,2980,3261,3274,3283,3102,3182,3152,3179,3220,3199,3187,3178,3095,3097,3315,3193,3106,3241,3313,3067,3245,3162,3181,3305,3162,3148,3208,3298,3140,3163,3182,3125,3041,3035,2895,3007,3025,3000,2965,3019,2977,3043,2922,3043,3148,2974,3018,2989,2948,2932,3008,3046,3013,2980,3135,3034,3036,3070,3086,3078,3077,2978,3028,3072,3004
199,1990,right,3054,3050,3095,3071,3072,2992,2984,3105,3046,3055,3063,3057,3020,3025,3056,3055,3104,3023,3057,3039,3068,3099,3064,3110,3009,3052,3074,3105,3086,3080,3149,2996,3239,3271,3287,3381,3234,3261,3199,3253,3316,3143,3248,3236,3334,3228,3313,3262,3180,3182,3334,3222,3319,3187,3277,3344,3192,3139,3222,3101,3189,3305,3250,3209,2965,3141,2996,3134,3153,3085,3021,3069,3104,3005,3054,3053,3113,3018,3233,3086,2985,2973,3092,3049,2993,3147,3119,3189,3093,3009,2931,3054,3129,3153,3128,3130
200,2000,right,3065,3174,3007,3080,3110,3191,3091,3043,3138,3080,3077,3106,3210,3027,3151,3191,3109,3052,3107,3094,3198,3149,3084,3154,3215,3078,3114,3095,3055,3203,3078,3081,3356,3287,3242,3288,3290,3336,3285,3305,3390,3315,3228,3196,3285,3269,3209,3301,3490,3235,3267,3293,3299,3244,3311,3330,3251,3214,3285,3188,3269,3387,3322,3231,3221,3234,3141,3097,3029,3160,3104,3144,3055,3053,3158,3211,3236,3172,3142,3237,3041,3096,3022,3170,3125,3128,3119,3144,3166,3065,3123,3171,3225,3078,3071,3091
201,2010,right,3062,3157,3036,3160,3105,3045,3117,3031,3168,3132,3065,3011,3072,3095,3070,3160,3110,3214,3170,3069,3111,3134,3065,3129,3112,3070,3043,3166,3125,3119,2979,3122,3345,3215,3215,3325,3280,3299,3269,3171,3246,3256,3196,3366,3342,3208,3267,3334,3305,3202,3266,3249,3278,3307,3279,3307,3369,3257,3272,3367,3283,3299,3265,3203,3009,3120,3077,3126,3110,3152,3063,3158,3064,3092,3142,3076,3178,3171,3070,3081,3043,3020,3115,3123,3240,3123,3132,3071,3041,3155,3106,3058,3140,3139,3096,3156
202,2020,right,3168,3071,3219,3241,3128,3137,3104,3171,3216,3171,3167,3162,3203,3103,3144,3207,3101,3116,3137,3095,3162,3075,3139,3235,3110,3129,3187,3171,3137,3092,3066,3118,3325,3368,3344,3260,3293,3318,3219,3249,3233,3346,3332,3314,3266,3271,3318,3419,3256,3270,3371,3266,3328,3213,3395,3304,3238,3297,3199,3244,3236,3269,3290,3359,3103,3296,3060,3161,3130,3168,3140,3153,3096,3136,3113,3143,3043,3097,3125,3089,3147,3140,3170,3042,3202,3078,3228,3130,3202,3062,3172,3143,3095,3039,3126,3158
203,2030,right,3040,2997,3016,2983,2972,3015,2934,2965,3025,2959,3065,3054,2972,3012,2965,3167,2989,2989,2986,2995,3055,3041,3118,3140,3107,3057,3063,2970,3005,3022,3083,2995,3161,3217,3339,3216,3212,3223,3203,3255,3250,3253,3208,3247,3226,3123,3096,3231,3272,3231,3297,3182,3272,3210,3243,3146,3174,3223,3349,3304,3184,3259,3293,3263,2998,3121,3111,3011,3046,2907,2886,3068,3002,3039,3050,2957,2987,3047,2976,2948,3031,2924,3091,3120,3096,2994,3028,3124,3001,2969,2989,3086,3008,3077,3070,3050
204,2040,right,3120,3091,3077,3164,3196,3070,3080,3124,3094,3132,3140,3103,3079,3007,3042,3036,3097,3005,3083,3173,3167,3061,3073,3072,3147,3184,3044,3046,3037,3149,2984,2995,3329,3291,3339,3160,3311,3333,3255,3280,3211,3216,3320,3340,3315,3335,3347,3318,3213,3328,3345,3275,3247,3342,3340,3239,3225,3263,3301,3355,3384,3130,3133,3345,3136,3109,2964,3049,3075,3086,3124,3134,3138,3072,3148,3106,3099,3145,3081,3116,3113,3070,3053,3086,3204,3112,3136,3139,3104,3195,3020,3123,3182,3116,3108,3189
205,2050,right,3021,2992,2974,3041,3099,3088,3006,3071,3029,3004,2995,2993,3004,3023,3034,3090,3124,2958,2972,3033,3058,3073,3013,2993,2973,2985,2945,3018,2975,3011,2909,3061,3156,3208,3240,3209,3211,3241,3162,3259,3137,3174,3274,3218,3183,3126,3210,3223,3264,3264,3228,3177,3256,3240,3135,3232,3138,3056,3131,3115,3192,3182,3222,3138,3026,2887,3061,3019,3051,3042,3058,3153,2989,3075,2994,2944,3036,3030,3093,3061,3013,2980,2923,3019,2989,2993,3024,3087,2932,2995,2957,2943,3024,2971,3033,2989
206,2060,right,3212,3025,3151,3189,3110,3109,3205,3218,3046,3121,3124,3105,3195,3107,3142,3113,3092,3056,3204,3180,3146,3151,3103,3276,3186,3259,3226,3135,3061,3170,3173,3117,3281,3276,3293,3320,3256,3314,3434,3320,3285,3151,3336,3431,3194,3322,3460,3380,3434,3274,3346,3239,3357,3299,3376,3317,3239,3321,3445,3431,3364,3296,3416,3349,3143,3134,3085,3138,3180,3096,3124,3132,3095,3044,3033,3132,3213,3125,3000,3146,3083,3088,3169,3177,3196,3118,3096,3034,3040,3271,3032,3254,3181,3152,3252,3085
207,2070,right,3048,3155,3083,3131,3140,3032,3140,3090,3166,3203,3274,3143,3210,3115,3062,3162,3112,3111,3168,3082,3102,3071,3120,3170,3149,3065,3114,3103,3156,3007,3206,3197,3384,3208,3305,3424,3275,3309,3212,3399,3288,3377,3242,3263,3290,3196,3331,3274,3372,3258,3287,3244,3402,3316,3267,3333,3367,3189,3238,3286,3239,3280,3303,3210,3156,3000,3019,3183,2955,3090,3097,3071,3156,3103,3092,3156,3133,3159,3079,3273,3237,3141,3218,3093,3148,3080,3103,3103,3155,3172,3133,3071,3242,3173,3098,3077
208,2080,right,3190,3114,3031,3052,2992,3141,3095,3025,3133,3132,3055,3114,3075,3051,3061,2969,3151,3074,3115,3060,3139,3056,3132,3043,3094,3154,3032,3031,3085,3083,3012,3059,3245,3286,3295,3263,3196,3381,3207,3284,3270,3237,3251,3280,3232,3159,3184,3352,3311,3255,3159,3354,3262,3287,3226,3317,3341,3258,3226,3314,3314,3360,3265,3247,3045,3021,3080,3002,2976,3072,3106,3113,2985,3174,2977,3135,3116,3128,3124,3040,2956,3003,3167,3111,3144,3023,3058,3031,2963,3063,3048,3101,3118,2996,3161,3039
209,2090,right,3210,3241,3153,3239,3096,3096,3144,3189,3172,3180,3120,3214,3074,3144,3179,3159,3083,3120,3108,3071,3184,3204,3209,3121,3177,3156,3192,3180,3161,3167,3276,3097,3396,3274,3336,3294,3361,3320,3274,3196,3178,3406,3349,3321,3278,3327,3313,3277,3333,3309,3448,3346,3429,3314,3264,3332,3243,3354,3359,3245,3335,3256,3378,3445,3244,3181,3202,3150,3242,3210,3162,3121,3231,3062,3146,3162,3127,3059,3091,3000,3132,3108,3158,3244,3106,3078,2954,3134,3207,3149,3167,3051,3103,3080,3085,3135
210,2100,right,3129,3018,3000,3139,3136,3127,3086,3083,3038,3179,3032,3034,3061,3056,3150,3069,3047,3143,3013,3200,2996,3035,3056,2996,3126,3108,3074,3113,3106,3023,3009,3064,3135,3252,3261,3310,3201,3337,3349,3310,3251,3264,3289,3262,3204,3285,3220,3288,3295,3274,3178,3219,3259,3199,3363,3307,3289,3263,3173,3220,3177,3252,3299,3301,3042,3151,3052,3051,3017,3088,3052,3057,3009,3013,3143,3155,2976,3027,3061,3087,3115,2963,3082,3157,3132,3123,3055,3021,3105,3080,3085,3095,3075,3318,3020,3058
211,2110,right,3081,3048,3074,3063,3090,3121,3115,3053,3040,3149,3074,3022,3025,3035,3074,3015,3027,3106,2999,3080,3045,3068,2943,3016,3028,3141,3113,3056,2992,3038,3056,3062,3284,3357,3218,3230,3195,3247,3172,3246,3270,3287,3291,3284,3214,3215,3220,3306,3353,3238,3315,3306,3178,3282,3376,3275,3183,3321,3164,3175,3229,3239,3230,3205,3161,3063,3119,3166,3038,3051,3124,3084,3134,3116,3059,3133,3178,2985,3174,3087,3147,3082,3141,2976,3093,3144,3081,3069,3060,3060,3102,3026,3093,3084,3110,3105
212,2120,right,3054,3014,3076,3025,3054,3055,3077,3069,2998,3104,3031,3006,3132,2978,3087,3112,3101,2934,3079,3049,3147,3045,3101,2997,3160,3063,3052,3018,3046,3037,3020,3064,3204,3168,3302,3281,3142,3255,3265,3222,3209,3253,3200,3304,3278,3288,3195,3169,3233,3209,3223,3287,3185,3324,3255,3226,3222,3268,3216,3222,3217,3217,3211,3280,3115,3067,3205,3050,2979,3019,3083,2961,2968,2985,3127,3102,3131,3043,2973,3097,3058,3046,3025,3072,3028,2999,3037,3091,3083,3133,3157,3025,3052,3133,2994,3096
213,2130,right,3202,3206,3187,3103,3215,3108,3234,3132,3266,3228,3107,3154,3014,3129,3120,3247,3183,3250,3087,3093,3226,3126,3092,3178,3274,3269,3077,3056,3152,3069,3182,3195,3305,3217,3349,3302,3342,3464,3405,3350,3320,3395,3381,3361,3265,3263,3289,3210,3308,3315,3348,3289,3326,3433,3303,3442,3388,3403,3395,3345,3275,3411,3348,3333,3134,3108,3178,3110,3036,3036,3186,3114,3157,3131,3176,3050,3104,3152,3158,3026,3036,3047,3126,3149,3147,3193,3130,3006,3040,3250,3162,3105,3196,3152,3086,3006
214,2140,right,3098,3123,3031,3133,2955,3176,3091,3177,3059,2962,2972,3099,3105,3152,3103,3120,3069,3089,3034,3082,3010,3061,3113,3127,2988,2984,3070,2998,3150,3083,3130,3018,3175,3231,3192,3287,3225,3270,3320,3182,3356,3356,3256,3171,3136,3278,3294,3231,3413,3178,3320,3307,3291,3235,3236,3304,3322,3252,3191,3210,3279,3168,3283,3264,3133,3111,3179,3073,3284,3146,3137,3111,3116,3085,3156,3051,3038,3184,3044,3110,3017,3000,3018,3030,3009,3097,2977,2897,2920,3084,3095,2977,3051,3003,3124,3007
215,2150,right,3026,3213,3033,3111,3029,3034,3033,3122,3075,3166,3110,3030,2991,2997,3086,2968,2916,3133,3150,3060,3190,3104,3108,3034,3058,3133,3157,3150,3122,2981,3111,3005,3288,3297,3300,3285,3233,3301,3279,3397,3188,3290,3342,3310,3168,3260,3344,3310,3183,3309,3402,3166,3374,3364,3280,3229,3327,3203,3165,3218,3211,3304,3333,3378,3132,3123,3079,3179,3036,3092,3210,3104,3074,3039,3046,3042,3032,3003,3125,2995,3074,3127,3141,3077,3121,3099,3041,3073,3067,3275,3069,3068,3024,3011,3153,3103
216,2160,right,3103,3000,3079,3051,3021,3143,3137,3046,3117,3150,3157,3011,3033,3052,3104,3159,3062,3177,3018,3122,3070,3130,3188,3152,3165,3152,3014,3104,3084,3102,2993,3078,3344,3310,3388,3339,3304,3305,3284,3318,3288,3322,3389,3386,3252,3319,3243,3204,3289,3343,3239,3279,3244,3249,3227,3266,3304,3266,3185,3283,3303,3308,3354,3279,3080,3091,3210,3046,3033,3050,3038,3204,3214,3045,3077,3127,3198,3108,3122,3014,3173,3141,3276,3181,3113,3185,3001,3236,3129,3070,3025,3061,3029,3102,3049,3040
217,2170,right,3152,3131,3015,3114,3104,2987,3034,3119,3109,3108,3203,3152,3101,3100,3043,3291,3150,3093,3083,3113,3183,3125,3024,3184,3120,3124,3098,3159,3129,3124,3128,3159,3253,3287,3368,3365,3387,3186,3352,3310,3362,3316,3351,3328,3364,3336,3277,3256,3246,3332,3281,3369,3278,3408,3371,3331,3382,3334,3259,3421,3356,3301,3409,3345,3076,3162,3059,3206,3031,3182,3130,3121,3149,3165,3067,3170,3052,3090,3186,3103,3185,3074,3204,3215,3071,3068,3128,3104,3242,3065,3171,3201,3086,3073,3088,3136
218,2180,right,3175,3068,3178,3123,3186,3062,3160,3218,3163,3045,3172,3135,3060,3069,3067,3136,2959,3184,3186,3151,3093,2972,3125,3100,3076,3160,3085,3010,3094,3100,3094,3190,3250,3238,3308,3340,3370,3297,3264,3316,3357,3351,3118,3276,3224,3370,3231,3359,3315,3241,3277,3301,3290,3314,3238,3319,3201,3284,3348,3394,3234,3326,3354,3304,3064,3118,3241,3164,3037,3182,3071,3012,3132,3007,3025,3027,3062,3074,3148,3049,3082,3175,3006,3104,3122,3005,3120,3051,3067,3115,3099,3067,3140,3133,3083,3101
219,2190,right,3092,3204,3017,3087,3072,3128,3107,3083,3073,3073,3124,3167,3076,3086,3050,3077,3050,3086,3079,3184,3065,2976,3151,3065,3082,3034,3157,3100,3019,3008,3090,2985,3268,3358,3226,3305,3240,3115,3257,3330,3302,3336,3256,3248,3343,3311,3334,3308,3167,3298,3342,3161,3301,3250,3282,3301,3362,3261,3307,3145,3287,3338,3208,3264,3102,3077,3057,3068,3087,3185,3098,3137,3084,3142,3060,2999,3121,3013,3069,3043,3015,3087,3081,3134,3082,3180,3091,3112,3100,3118,3119,3078,3139,3081,3022,3096
220,2200,right,3048,3025,3098,3023,3104,3140,3161,3071,3054,3093,3076,3069,3140,3157,3068,3105,2937,3060,3052,2962,3080,3064,3123,3048,3104,3124,3084,3096,3174,3006,2991,3173,3198,3323,3335,3279,3280,3282,3207,3317,3164,3307,3357,3252,3332,3255,3263,3219,3237,3278,3309,3284,3178,3203,3175,3246,3230,3208,3235,3252,3157,3230,3244,3293,3103,3099,3066,2991,3132,2896,3036,3127,3085,3160,3017,3088,3073,3218,2962,3059,3059,3067,3155,3034,3205,3054,3055,3164,3109,2998,3119,3104,3139,3176,3105,3213
221,2210,right,3045,3073,3078,3145,3099,3094,3089,3021,3139,3158,3147,3079,3143,3123,3127,3057,3134,3140,3117,3049,3163,3204,3212,3202,3014,3010,3095,3131,3092,3021,3030,3133,3296,3226,3354,3261,3265,3415,3366,3260,3233,3296,3287,3336,3295,3361,3290,3349,3203,3305,3311,3272,3117,3293,3253,3241,3304,3293,3274,3348,3230,3444,3327,3217,3107,3068,3135,3059,3011,3013,3132,3021,3172,3112,2965,3119,3052,3138,3158,3186,3066,3169,3171,3105,3185,3198,3108,3137,3068,3181,3207,3145,3237,3248,3122,3086
222,2220,right,3005,3125,3056,3124,3005,3070,3128,3012,3061,3134,2999,3176,3095,3070,3126,3046,3068,3189,3146,3068,3073,3143,2982,3009,3188,3094,3129,3038,3130,3075,3058,3009,3174,3277,3230,3265,3235,3293,3273,3278,3199,3287,3267,3189,3303,3178,3191,3308,3199,3209,3279,3198,3275,3269,3234,3251,3264,3234,3142,3290,3302,3267,3371,3264,3116,3151,3085,3068,3034,3060,3107,2996,3001,3110,3027,3131,3006,3140,3070,3051,3093,2946,3064,3011,3088,3023,3103,3155,2960,3029,3082,3179,3073,3016,3125,3104
223,2230,right,3038,3115,3028,3040,3058,2961,3076,3113,3161,3081,3093,3039,2933,3129,3022,3006,2999,2916,3034,3005,3073,3001,3158,3019,2914,3021,2960,3039,2969,3028,2985,3002,3215,3366,3229,3291,3186,3231,3319,3314,3058,3142,3223,3210,3174,3217,3190,3104,3168,3203,3213,3257,3251,3186,3003,3134,3253,3141,3179,3170,3147,3237,3145,3193,2981,3077,2932,3107,3023,3056,3130,3038,3062,2986,3078,3031,3016,3068,2970,3046,3055,3097,3149,2980,2941,3051,3054,3036,3068,2832,3042,3088,3003,2936,3070,3015
224,2240,right,3021,3079,3149,3212,3132,3051,3218,3163,3151,3117,3138,3180,3100,3127,3109,3184,3121,3058,3121,3137,3127,3144,3139,3091,3195,3187,3095,3063,3107,3172,3085,3017,3298,3294,3231,3360,3303,3341,3283,3304,3338,3282,3254,3301,3337,3223,3384,3267,3348,3272,3303,3234,3243,3345,3330,3181,3433,3315,3170,3355,3349,3418,3315,3242,3157,3119,3170,3153,3107,3060,3079,3066,3195,3094,3115,3097,3134,3176,3094,3073,3078,3128,3007,3146,3228,3099,3165,3143,3043,3020,3094,3100,3085,3163,3047,3073
225,2250,right,3106,3016,3222,3123,3180,3148,3227,3172,3147,3179,3054,3187,3115,3238,3067,3182,3090,3091,3183,3056,3198,3216,3174,3177,3057,3063,3086,3220,3106,3020,3204,3090,3331,3350,3390,3254,3442,3203,3383,3253,3375,3270,3305,3270,3364,3278,3288,3243,3276,3302,3299,3318,3256,3367,3336,3295,3291,3376,3275,3269,3368,3324,3361,3279,3233,3159,3049,3147,3169,3054,3182,3194,3164,3095,3206,3168,3107,3072,3104,3164,3001,3101,3215,3148,3188,3113,3293,3111,3112,3139,3080,3088,3161,3126,3103,3172
226,2260,right,3203,3164,3072,3073,3127,3145,3107,3209,3126,3170,3045,3177,3064,3109,3189,3123,3087,3165,3110,3126,3174,3181,3115,3174,3215,3066,3155,3285,3131,3122,3078,3210,3284,3239,3327,3246,3381,3262,3309,3313,3318,3451,3427,3324,3264,3291,3318,3388,3319,3305,3342,3301,3365,3431,3296,3291,3360,3276,3298,3352,3328,3398,3351,3387,3331,3117,3140,3179,3224,3139,3129,3148,3215,3046,2964,3126,3144,3192,3315,3255,3114,3072,3090,3157,3314,3149,3153,3079,3193,3210,3206,3087,3071,3237,3223,3175
227,2270,right,3205,3161,3285,3141,3107,3115,3123,3163,3230,3244,3148,3218,3173,3148,3187,3201,3192,3158,3222,3116,3310,3207,3173,3084,3252,3354,3209,3287,3167,3220,3144,3261,3374,3333,3382,3404,3383,3250,3364,3258,3370,3299,3307,3335,3402,3409,3452,3401,3298,3310,3344,3280,3370,3321,3337,3367,3260,3416,3401,3415,3424,3358,3456,3270,3229,3138,3258,3178,3192,3166,3193,3227,3128,3212,3119,3092,3113,3149,3099,3276,3146,3347,3109,3174,3180,3050,3178,3257,3170,3146,3184,3201,3159,3209,3159,3077
228,2280,right,3122,3200,3079,3139,3042,3090,3116,3143,3172,3155,3159,3190,3153,3062,3111,3019,3144,3189,3208,3137,3120,3033,3123,3183,3023,3199,3199,3068,3017,3066,3095,3070,3399,3410,3242,3405,3217,3392,3326,3328,3342,3333,3300,3361,3401,3270,3263,3451,3320,3179,3317,3226,3254,3347,3297,3340,3402,3243,3316,3271,3317,3170,3293,3307,3165,3187,3190,3103,3196,3132,3088,3106,3067,3114,3058,3233,3137,3119,3137,3065,3118,3074,3013,3132,3060,3042,3191,3075,3126,3093,3119,3094,3075,3114,3102,3065
229,2290,right,3035,3070,3097,2994,3113,3021,3171,3125,3040,3079,2972,3155,3094,3005,3005,3054,3142,2963,3131,3148,3041,3034,3092,3199,3068,3036,3058,3053,3117,3077,3094,3113,3315,3356,3259,3330,3330,3169,3281,3294,3338,3259,3269,3238,3244,3323,3295,3187,3295,3278,3301,3291,3307,3310,3182,3306,3374,3155,3162,3239,3279,3261,3275,3332,3108,3013,3171,3074,3112,3016,3151,3021,3065,3158,3061,2966,3036,3104,3050,3062,3040,3040,3173,3035,2966,3134,3076,3062,3061,3075,3150,3095,3072,2986,3069,3078
230,2300,right,3161,3138,3115,3033,3188,3096,3119,3116,3134,3105,3173,3111,3085,3072,3040,3137,3184,3182,3276,3083,3111,3139,3101,3168,3105,3103,2928,3164,3139,3156,3052,3145,3376,3206,3321,3304,3253,3388,3303,3403,3424,3267,3320,3388,3398,3324,3363,3220,3354,3262,3380,3213,3301,3284,3333,3279,3317,3312,3283,3360,3384,3271,3290,3334,3002,3065,3134,3190,3079,3177,3108,3166,3085,3141,3206,3133,3163,3121,3076,3113,3064,3117,3139,3134,3159,3099,3146,3041,3238,3208,3280,3052,3174,3214,3213,3187
231,2310,neutral,3165,3112,2984,3115,3018,3093,3056,3068,3091,3259,3172,3129,3085,3155,3077,3193,3114,3007,3025,3195,3134,3182,3192,3250,3096,3097,3167,3157,3088,3130,3179,3158,3249,3318,3203,3271,3302,3289,3284,3232,3277,3241,3237,3310,3365,3306,3268,3323,3181,3253,3236,3276,3308,3249,3279,3320,3377,3221,3344,3333,3216,3308,3246,3353,3033,3082,3034,3015,3029,3110,3071,3192,3162,3113,3001,3015,3175,3108,3175,3070,3089,3120,3124,3114,3140,3159,3248,3188,3165,3073,3100,3091,3099,3114,3155,3238
232,2320,right,3062,3051,3131,3129,3050,3049,3069,3155,3143,3107,3185,3185,3171,3067,3159,3013,3120,3122,3043,3087,3159,3147,3108,3055,3053,3088,3107,3115,2985,3092,3145,3073,3295,3354,3212,3252,3304,3253,3285,3334,3241,3192,3302,3298,3365,3296,3323,3212,3198,3276,3262,3291,3245,3228,3271,3371,3207,3306,3224,3225,3307,3284,3250,3233,3008,3060,3027,3062,3122,3152,3173,3031,3016,3147,3098,3072,3117,3125,3063,3216,3192,3114,3107,3172,2999,3059,3135,3014,3031,3084,3118,3132,3093,2959,3088,3054
233,2330,right,3213,3115,3034,3059,3104,3076,3066,3074,3099,3176,3092,3175,3172,3235,3106,3141,3128,3161,3201,3165,3128,3070,3157,3138,3155,3192,3031,3137,3100,3082,3202,3104,3224,3302,3222,3466,3240,3339,3242,3281,3321,3299,3403,3338,3256,3244,3371,3384,3285,3363,3299,3303,3214,3202,3192,3322,3241,3327,3360,3427,3236,3308,3248,3314,3119,3098,3143,3127,3167,3181,3161,3067,3052,3099,3156,3142,3160,2998,3180,3061,3119,3114,3128,3074,3112,3060,3107,3125,3174,3173,3073,3080,3164,3112,3174,3160
234,2340,right,3116,3294,3138,3231,3242,3214,3288,3159,3252,3209,3175,3156,3167,3098,3101,3201,3103,3221,3100,3210,3224,3139,3249,3153,3188,3153,3119,3215,3166,3061,3138,3104,3341,3332,3390,3274,3397,3245,3438,3326,3331,3411,3379,3356,3319,3282,3387,3308,3477,3304,3455,3375,3389,3285,3336,3374,3367,3282,3450,3313,3342,3440,3417,3321,3161,3247,3170,3171,3135,3180,3248,3242,3226,3092,3220,3145,3296,3307,3094,3153,3197,3236,3282,3147,3199,3224,3138,3041,3142,3151,3187,3139,3283,3181,3151,3190
235,2350,right,3076,3171,3087,3027,3201,3117,3076,3184,3115,3063,3108,2997,3104,3173,3125,3221,3117,3160,3087,3093,3079,3169,3183,3137,3122,3063,3058,3117,3083,3239,3184,3166,3345,3378,3323,3331,3389,3268,3268,3235,3400,3292,3322,3275,3271,3325,3263,3306,3338,3297,3290,3357,3321,3392,3221,3269,3466,3174,3352,3340,3395,3313,3257,3196,3136,3128,3211,3106,3040,3321,3185,2930,3143,3094,3155,3195,3164,3139,3099,3056,3118,3155,3180,3077,3116,3117,3220,3102,2991,3089,3178,3104,3125,3113,3046,3089
236,2360,right,3061,3048,2978,3067,2960,2998,2994,3069,2971,3120,3200,3092,3093,2978,3070,3043,3031,3115,2990,3136,3097,3062,2999,3091,2998,3068,3162,3120,3059,3046,3119,3041,3209,3281,3179,3187,3343,3234,3322,3256,3306,3233,3149,3230,3134,3179,3302,3271,3306,3242,3126,3198,3300,3241,3201,3252,3201,3100,3283,3178,3120,3198,3253,3206,3016,2999,3223,2983,3127,3032,3109,2957,3085,3079,3006,3060,3140,3050,3100,3125,2986,3080,3087,3024,2997,3089,3067,3109,3020,2957,3036,3014,3130,3126,3033,2874
237,2370,right,3078,3152,3043,3075,3133,3011,2982,2995,3037,3072,2981,3070,3124,3091,3149,3034,3129,3112,3079,3166,3223,3116,2988,3013,3044,3051,3050,3058,2982,3087,3071,3047,3240,3210,3180,3164,3231,3289,3266,3254,3182,3323,3261,3253,3345,3267,3180,3388,3266,3295,3336,3285,3208,3364,3209,3173,3173,3302,3230,3307,3192,3181,3156,3286,3025,3048,2941,3142,3112,3041,3067,3017,3181,3092,2982,3029,3116,2994,3006,3125,3121,3102,3069,3054,3127,3111,3053,3151,3018,3131,3141,3124,3024,3110,3019,3089
238,2380,right,3111,3155,3157,3169,3156,3200,3159,3109,3026,3022,3186,3126,3047,3095,3157,2980,3107,3099,3188,3165,3045,3150,3119,3163,3112,3057,3141,3201,3017,3043,3056,3198,3215,3298,3376,3395,3382,3335,3268,3401,3288,3257,3232,3178,3237,3270,3359,3308,3364,3169,3294,3310,3214,3327,3238,3258,3222,3228,3265,3232,3220,3242,3305,3434,3138,3180,3069,3190,3130,3103,3102,3106,3122,3125,3075,3115,3017,3113,3130,3182,3002,3106,3165,3056,3060,3124,3149,3157,3104,3087,3124,3151,3032,3195,3052,3080
239,2390,right,3213,3204,3161,3241,3065,3229,3204,3172,3304,3229,3160,3218,3228,3126,3122,3080,3164,3150,3142,3298,3103,3171,3179,3083,3199,3168,3202,3034,3084,3148,3139,3169,3410,3431,3384,3389,3352,3376,3253,3327,3322,3337,3388,3334,3319,3478,3304,3258,3327,3266,3429,3201,3378,3440,3304,3276,3207,3226,3376,3409,3381,3434,3335,3328,3244,3155,3240,3167,3160,3128,3129,3213,3209,3179,3163,3113,3134,3065,3179,3176,3114,3215,3182,3147,3072,3221,3029,3217,3199,3133,3197,3046,3006,3036,3205,3145
240,2400,neutral,3154,3186,3124,3089,3167,3176,3156,3145,3109,3148,3197,3106,3116,3182,3175,3093,3101,3180,3090,3204,3105,3133,3082,3227,3206,3304,3198,3150,3088,3137,3135,3162,3175,3165,3293,3162,3278,3093,3166,3197,3145,3290,3155,3109,3136,3220,3075,3114,3113,3169,3168,3041,3124,3140,3110,3158,3261,3256,3227,3166,3221,3124,3094,3151,3105,3136,3010,3112,3173,3019,3069,3095,3085,3111,3123,3180,3162,3092,3142,3109,3137,3102,3170,3023,3085,3176,3167,3174,3160,3183,3230,3174,3071,3139,3270,3121
241,2410,neutral,3277,3140,3072,3100,3185,3103,3133,3140,3136,3068,3073,2978,3108,3079,3086,3160,3243,3256,3146,3211,3109,2995,3157,3185,3125,3105,3062,3081,3071,3149,3166,3112,3107,3298,3170,3120,3155,3079,3065,3115,3155,3259,3090,3054,3180,3083,3105,3136,3134,3102,3185,3111,3124,3147,3206,3217,3066,3139,3115,3275,3090,3222,3014,3007,3155,3126,3121,3216,3072,3169,3142,3107,3166,3064,3158,3172,3125,3107,3130,3113,3172,3061,3170,3115,3100,3100,3105,3173,3086,3119,3164,3054,3040,3125,3137,3107
242,2420,neutral,3070,3118,3120,3039,3163,3217,3086,3053,3159,3164,3075,3075,3095,3173,3109,3129,3203,3172,2988,3077,3212,3172,3070,3101,3123,3171,3087,3138,3089,3146,3199,3138,3126,3036,2997,3070,3056,3180,3097,3067,3100,3146,3144,2995,3146,3081,3100,3139,3079,3082,3090,3192,3108,3086,3204,3193,3127,3212,3211,3143,3045,3005,3069,3134,3120,3052,3117,3093,2995,3135,3005,3113,3172,3007,3138,3219,3092,3043,3140,3173,3133,3141,3120,3066,3163,3160,2999,3147,3075,2968,3013,3162,3118,3054,3141,3115
243,2430,neutral,3142,3137,3078,3140,3167,3174,3151,3137,3100,3151,3187,3107,3039,3155,3183,3194,2959,3210,3116,3146,3104,3122,3085,3099,3072,3144,3225,3188,3140,3128,3255,3106,3074,3027,3068,3018,3134,3148,3080,3076,3170,3107,3232,3116,3103,3041,3151,3107,3179,3034,3079,3092,3110,3106,3125,3199,3194,3223,3033,3133,3170,3076,3097,3166,3115,3107,3161,2993,3154,3069,3213,3120,3188,3180,3022,3169,3068,2968,3061,3083,3184,3101,3233,3232,3053,3119,3083,3133,3089,3069,3169,3126,3189,3093,3139,3127
244,2440,neutral,3074,3214,3113,3140,3147,3094,3041,3191,3169,3304,3081,3099,3131,3191,3051,3127,3240,3129,3114,3320,3162,3061,3217,3168,3231,3154,3214,3132,3227,3166,3125,3227,3154,3184,3211,3109,3073,3166,3186,3253,3150,3105,3247,3075,3271,3170,3038,3088,3088,3101,3059,3171,3225,3144,3111,3066,3138,3107,3277,3108,3154,3105,3160,3182,3265,3043,3116,3175,3233,3075,3157,3138,3211,3258,3184,3166,3147,3175,3160,3155,3195,3168,3196,3222,3202,3130,3229,3126,3164,3062,2970,3222,3144,3148,3057,3234
245,2450,neutral,3126,3122,3060,3046,3107,3090,3171,3180,3083,3120,3040,3252,3176,3062,3036,3089,3070,3104,3098,3088,3119,3106,3157,3082,3093,3057,3086,3241,3103,3164,3043,3136,3071,3047,3076,3036,2994,3148,3032,3105,3074,2959,3135,3011,3008,3068,3124,3057,3052,3053,3124,3176,3028,3058,3062,3124,3021,3230,3041,3106,3183,3151,3124,3158,3049,3068,3124,3115,3047,3035,3154,3126,3081,3079,2981,3126,3166,3006,3041,3091,3048,3077,3128,3126,2975,3070,3060,3111,3214,3188,3017,3136,3174,3154,3169,3091
246,2460,neutral,3189,3120,3197,3108,3191,3005,3156,3235,3135,3207,3110,3072,3128,3185,3220,3113,3191,3180,3155,3187,3150,3156,3167,3205,3177,3081,3196,3190,3237,2995,3155,3106,3274,3095,3157,3165,3086,3177,3229,3162,3136,3152,3172,3089,3143,3108,3093,3350,3155,3071,3156,3154,3196,3112,3127,3142,3135,3182,3056,3121,3065,3093,3027,3153,3026,3124,3107,3154,3045,3122,3137,3194,3176,3058,3195,3135,3145,3097,3254,3042,3111,3187,3178,3201,3168,3198,3174,3181,3148,3082,3030,3255,3036,3035,3201,3168
247,2470,neutral,3234,3120,3106,3074,3126,3112,3093,3136,3092,3107,3099,3132,3040,3205,3086,3198,3179,3139,3123,3027,3035,3143,2958,3158,3049,3136,3070,3068,3049,3192,3116,3149,3184,3118,3092,3017,3140,3198,3036,3055,2976,3108,3045,3235,3119,3050,2988,3079,3190,3167,3191,2994,3185,3139,3207,3188,3055,3138,3076,3053,3198,3140,3069,3117,3098,3094,3172,3026,3180,3056,3229,3088,3098,3109,3226,3164,3103,3103,3062,3187,3015,3185,3244,3174,3165,3184,3069,3164,2957,3078,3116,3094,3218,3036,3053,3110
248,2480,neutral,3096,3106,3042,3111,3141,3055,3128,3184,3129,3089,3064,3094,3040,3125,3091,3038,3220,3212,3098,3062,3014,3201,3097,3047,3041,3162,3106,3055,3087,3018,3053,3123,3066,3022,3075,3048,3116,3170,3020,3041,2990,3085,3126,3062,3108,3194,3061,3176,3118,3241,3044,3104,3158,2982,3048,3151,3101,3156,3121,3100,3171,3135,3053,3104,3012,3069,3080,3022,3182,3158,3115,3008,3126,3101,3078,2999,3113,3174,3106,3039,3121,3084,2998,3103,3144,3082,3035,2951,3089,3077,3043,3110,3154,3073,3031,3109
249,2490,neutral,3281,3181,3249,3105,3222,3152,3153,3261,3187,3105,3230,3161,3334,3094,3249,3163,3176,3236,3225,3282,3130,3197,3219,3151,3179,3188,3171,3131,3177,3160,3105,3127,3115,3084,3075,3141,3118,3060,3163,3267,3126,3168,3086,3120,2986,3160,3207,3106,3095,3173,3135,3147,3153,3231,3119,3061,3129,3134,3061,3117,3120,3165,3068,3165,2981,3029,3063,3070,3049,3177,3018,2993,3053,3126,3097,3155,3154,3080,3177,3074,3158,3094,3100,3060,3127,3137,3156,3124,3108,3181,3028,3141,3244,3179,3059,3076
250,2500,neutral,3118,3294,3170,3204,3219,3142,3134,3159,3233,3065,3160,3228,3100,3136,3096,3207,3215,3170,3108,3003,3017,3216,3270,3217,3073,3219,3175,3136,3195,3330,3150,3096,3153,3234,3306,3129,3264,3264,3198,3012,3154,3204,3135,3140,3238,3126,3158,3133,3087,3296,3200,3102,3183,3148,3204,3225,3118,3256,3234,3135,3154,3156,3228,3119,3270,3084,3146,3259,3199,3172,3189,3134,3188,3242,3136,3165,3208,3236,3181,3090,3196,3157,3104,3220,3087,3087,3150,3127,3293,3170,3244,3245,3123,3196,3292,3261
251,2510,neutral,3179,3077,3087,3142,3052,3142,3196,3074,3051,3072,3099,3156,3149,3261,3117,3022,3060,3126,3125,2981,3116,3126,3112,3198,3143,3054,3192,3031,3147,3074,3131,3163,3144,3259,3193,3183,3131,3046,3132,3155,3120,3233,3065,3051,3074,3126,3110,3084,3149,3042,3188,3090,3145,3104,3013,3140,3087,3172,3051,3074,3008,3169,3052,3017,3037,3128,3159,3086,3094,2969,2971,3133,3132,3047,3170,3123,3154,3092,3140,3118,3139,3089,3132,3173,3204,3193,3278,3112,3228,3117,3125,3046,3059,3216,3067,3157
252,2520,neutral,3222,3309,3113,3135,3259,3112,3187,3148,3218,3087,3172,3178,3180,3103,3178,3148,3090,3144,3178,3194,3124,3194,3159,3178,3149,3077,3198,3057,3114,3234,3060,3130,3167,3180,3191,3097,3168,3318,3147,3337,3143,3108,3199,3193,3172,3180,3286,3189,3228,3162,3131,3189,3184,3160,3182,3113,3119,3116,3156,3125,3237,3157,3280,3185,3297,3142,3202,3087,3207,3182,3303,3176,3031,3161,3223,3185,3137,3032,3104,3169,3164,3254,3063,3175,3153,3240,3172,3269,3253,3072,3130,3290,3137,3209,3213,3129
253,2530,neutral,3077,3184,3182,3086,3169,3111,3135,3100,3195,3156,3072,3124,3049,3120,3201,3019,3117,3233,3149,3219,3201,3121,3110,3086,3153,3119,3077,3134,3065,3080,3219,2998,2958,3055,3104,3143,3104,3026,3097,3126,3225,3221,3182,3107,3142,3056,3153,2926,3139,3041,3159,3049,3077,3110,3015,3081,3071,3047,3100,3039,3127,3046,3166,3045,3064,3229,3030,3111,3036,3140,3065,3185,3060,3052,3021,3178,3063,3130,3147,3092,3069,3011,3100,2979,3049,3140,3118,3123,3138,3111,3157,3205,3285,3081,3123,3102
254,2540,neutral,2920,3175,3226,3116,2950,3088,2979,3064,3041,3146,2995,3034,3253,3036,3012,3086,3113,3081,3121,3184,3142,3063,3155,3178,3161,3195,3116,3118,3160,3138,3101,3106,3223,3127,3136,3197,3070,3131,3118,3111,3058,3142,3103,3091,3094,3059,3112,3052,3089,3066,2930,3119,3030,3062,3146,3077,3083,3125,3218,2991,3124,3072,3140,3090,3155,3036,3157,3083,3132,3133,3028,3094,3056,3138,3099,3057,3029,3134,3045,3181,3129,3131,3034,3065,3046,3031,3135,3053,3226,3060,3115,3096,3105,3086,3061,3191
255,2550,neutral,3204,3090,3148,3074,3052,3121,3115,3234,3097,3163,3161,3122,3139,3105,3133,2957,3192,3164,3198,3123,3171,3151,3080,3044,3047,3126,3089,3218,3176,3196,3139,3090,3044,3087,3110,3176,3152,3080,3057,2938,3135,3167,3122,3102,3167,3086,3117,3085,3176,3099,3119,3060,3061,3027,3102,3190,3043,3088,3158,3012,3141,3053,3217,3181,3137,3233,3119,3202,3251,3188,3184,3113,3248,3272,3153,3310,3190,3189,3130,3214,3211,3210,3224,3237,3200,3170,3121,3187,3142,3131,3209,3252,3232,3290,3274,3189
256,2560,neutral,3202,3133,3101,3150,3108,3148,3204,3154,3104,3244,3090,3111,3158,3209,3218,3216,3156,3095,3147,3248,3134,3083,3057,3218,3116,3143,3208,3164,3137,3290,3195,3224,3098,3081,3193,3203,3131,3139,3066,3191,3051,3220,3177,3153,3148,3182,3261,3219,3137,3072,3175,3290,3122,3155,3132,3156,3147,3216,3222,3207,3204,3255,3095,3159,3113,3241,3131,3085,3246,3106,3223,3122,3110,3222,3114,3205,3137,3182,3107,3123,3205,3149,3133,3140,3228,3083,3104,3053,3259,3118,3198,3161,3154,3090,3117,3225
257,2570,neutral,3127,3031,3074,3152,3106,3164,3045,3062,3158,3064,3162,3099,3166,3041,3043,3155,3132,3051,3180,3090,3176,3178,3134,3263,3199,3204,3203,3292,3162,3154,3165,3246,3149,3122,3129,3136,3098,3130,3077,3085,3039,3073,3133,3122,3112,3169,3212,3148,3176,3176,3142,3168,3021,3218,3186,3192,3097,3151,3185,3008,3184,3227,3121,3148,3264,3147,3154,3164,3123,3127,3111,3211,3097,3200,3203,3142,3113,3131,3101,3132,3190,3224,3035,3134,3076,3091,3156,3202,3023,3066,3072,3060,3086,3179,3119,3113
258,2580,neutral,3039,3050,3109,3043,3042,2970,3084,2981,2924,3091,3024,2982,2977,3040,3045,3019,3040,3049,2972,3060,3111,3042,3095,3007,3049,2993,3047,2986,3048,3091,2990,2945,2997,3089,3106,3121,3102,3102,3097,3086,3094,3113,3062,3088,2845,3096,3024,3182,3112,3050,3118,3087,3023,3067,3057,2974,3053,3002,2978,3149,3102,2985,3128,3148,3001,2938,3178,3040,2978,3043,3070,3054,3061,2962,2952,2960,2950,3113,3068,2934,2972,2981,2961,3058,3031,3079,3134,3063,2974,2941,2966,3058,3073,2988,3115,2902
259,2590,neutral,3401,3262,3298,3351,3320,3272,3260,3333,3366,3238,3363,3358,3252,3188,3277,3134,3451,3173,3333,3326,3298,3273,3143,3260,3290,3346,3306,3450,3248,3300,3223,3311,3209,3206,3173,3194,3161,3213,3216,3173,3145,3315,3270,3330,3159,3118,3139,3198,3192,3338,3225,3081,3079,3147,3205,3148,3167,3170,3358,3237,3184,3151,3182,3129,3215,3339,3168,3245,3082,3314,3192,3163,3163,3265,3065,3301,3292,3233,3177,3248,3150,3153,3157,3194,3343,3234,3259,3184,3305,3218,3221,3165,3127,3193,3302,3286
260,2600,neutral,3107,3289,3058,3189,3093,3059,3147,3168,3191,3188,3157,3177,3101,3001,3203,3143,3148,3134,3290,3147,3080,3091,3158,3074,3095,3158,3186,3080,3139,3143,3150,3209,3186,3139,3090,3230,3169,3024,3187,3277,3140,3151,3192,3141,3202,3064,3142,3175,3133,3130,3151,3055,3163,3076,3131,3184,3077,3255,3143,3085,3171,3185,3117,3055,3075,3095,3112,3055,3221,3229,3146,3127,3152,3165,3070,3130,3254,3145,3169,3072,3219,3161,3144,3105,3065,3205,3212,3168,3117,3094,3145,3136,3115,3170,3067,3113
261,2610,neutral,3142,3197,3239,3120,3166,3148,3224,3135,3199,3087,3135,3198,3112,3129,3118,3134,3191,3238,3084,3134,3014,3226,3172,3119,3249,3175,3169,3125,3189,3088,3112,3092,3264,3132,3017,3165,3234,3199,3097,3080,3207,3030,3141,3072,3224,3295,3086,3165,3259,3166,3106,3174,3201,3100,3171,3182,3123,3108,3163,3083,3162,3104,3157,3219,3168,3155,3178,3137,3111,3174,3105,3252,3025,3088,3160,3171,3119,3064,3166,3263,3174,3160,3104,3068,3113,3113,3121,3055,3123,3176,3221,3110,3244,3089,3129,3188
262,2620,neutral,3236,3199,3231,3176,3173,3240,3152,3259,3280,3165,3300,3185,3130,3233,3229,3145,3256,3104,3167,3175,3183,3341,3203,3159,3193,3019,3164,3217,3163,3226,3197,3214,3182,3259,3206,3126,3242,3195,3217,3257,3164,3037,3100,3276,3134,3267,3304,3093,3181,3131,3063,3124,3189,3186,3191,3242,3314,3235,3317,3157,3135,3145,3196,3208,3297,3160,3203,3157,3153,3110,3248,3173,3216,3178,3263,3179,3273,3207,3273,3130,3239,3237,3147,3243,3234,3165,3227,3223,3198,3260,3226,3181,3281,3100,3186,3251
263,2630,neutral,3098,3070,3092,3106,3128,3104,3129,3037,3150,3097,2962,3103,3121,3041,2962,3147,3104,3179,3058,3033,3164,3026,3133,3174,3097,3169,3105,2999,3229,3042,2972,3140,3135,3087,3092,3201,3185,3169,3168,3057,3183,3157,3168,3025,3203,3096,3096,3042,3049,3148,3068,3056,3158,3161,3197,3093,3041,3112,3098,3017,2965,3094,3031,3012,3238,3098,3149,3072,3154,3047,3135,3055,3178,3158,3135,3145,3089,3067,3156,3115,3045,3070,3055,3054,3124,3097,3026,2990,3078,3109,3123,3168,3019,3107,3107,3131
264,2640,neutral,3047,3085,3084,3129,3079,3084,3210,3091,3038,3160,3119,3216,3139,3078,3039,3128,3133,3120,3203,3180,3085,3070,3073,3123,3139,3164,3005,3186,3163,3165,3143,3254,3312,3238,3229,3370,3281,3171,3298,3256,3350,3217,3232,3206,3271,3291,3251,3350,3263,3103,3070,3201,3255,3234,3271,3320,3312,3294,3241,3314,3281,3219,3318,3211,3093,3105,3115,3027,3107,3116,3105,3185,3105,3110,3259,3100,3131,3150,3099,3067,3138,3138,3051,3115,3109,3095,3081,3196,3116,3173,3179,3090,3136,3112,3114,3085
265,2650,neutral,3032,2989,3132,3112,3016,2989,3001,3055,3098,3083,3041,3033,3023,3006,2979,2950,3002,3050,2977,3050,2963,2968,3085,2994,3054,3148,3134,2975,2957,2985,3042,2931,3052,3181,3065,2982,2950,3022,2979,3167,3096,3043,3061,2977,3043,2996,3020,2935,3012,2893,2981,2974,2967,3091,3046,2900,3008,3027,2982,3022,3076,3022,3162,3092,2970,2983,3043,3043,3004,3004,3141,2987,3017,3036,3033,2959,2907,3039,3048,3018,2923,3033,3010,3122,3089,3042,2958,3081,3039,3110,3024,2996,3008,2957,3023,3021
266,2660,neutral,3123,3223,3050,3136,3117,3126,3035,3134,3189,3100,3135,3164,3188,3105,3146,3124,3134,3087,3107,3195,3214,3083,3107,3138,3230,3148,3172,3151,3170,3090,3197,3211,3112,3067,3235,3139,3161,3091,3090,3090,3152,3266,3029,3174,3234,3205,3182,3168,3180,3080,3113,3218,3093,3096,3250,3026,3115,3199,3319,3173,3031,3166,3166,3159,3191,3144,3086,3182,3271,3034,3076,3190,3103,3143,3068,3112,3119,3103,3153,3153,3119,3227,3165,3252,3032,3059,3230,3145,3124,3099,3196,3231,3201,3049,3089,3221
267,2670,neutral,3089,3036,3077,3037,3187,3132,3187,3216,3151,3136,3122,3179,3086,3075,3117,3081,3041,3136,3097,3076,3051,3154,3124,3101,3138,3242,3066,3071,3196,3129,3184,3126,3092,3156,3113,3046,3120,3122,2994,3030,3013,3101,3070,3147,3095,3148,3104,2925,3090,3129,3067,3116,3118,3101,3080,3124,3137,3038,3214,3099,3089,3029,3035,3053,3089,3091,3150,3096,3129,2959,3032,3166,2991,3204,3065,3065,3025,3187,3233,3246,3065,3136,3126,3163,3136,3039,3182,3010,3156,3142,3128,3149,3074,3028,3124,3074
268,2680,neutral,3216,3135,3209,3257,3149,3229,3245,3251,3223,3136,3222,3160,3226,3322,3192,3058,3277,3161,3183,3126,3113,3226,3212,3128,3175,3149,3195,3160,3251,3188,3182,3197,3317,3234,3235,3196,3170,3213,3128,3143,3234,3235,3153,3276,3128,3195,3145,3168,3350,3180,3146,3286,3212,3185,3258,3076,3165,3307,3123,3243,3251,3092,3192,3213,3241,3246,3265,3172,3168,3218,3321,3309,3104,3239,3214,3214,3257,3030,3165,3286,3140,3246,3154,3243,3221,3210,3230,3273,3231,3225,3161,3258,3054,3131,3276,3251
269,2690,neutral,3159,3235,3267,3099,3159,3225,3136,3114,3251,3143,3200,3170,3160,3186,3130,3141,3129,3260,3140,3300,3163,3256,3259,3211,3219,3231,3291,3278,3192,3239,3183,3172,3281,3227,3273,3218,3247,3144,3144,3179,3246,3150,3227,3153,3143,3155,3181,3206,3232,3210,3220,3190,3213,3226,3096,3282,3185,3236,3243,3015,3212,3111,3186,3247,3303,3114,3148,3202,3221,3105,3229,3267,3265,3253,3101,3148,3200,3170,3176,3129,3093,3177,3243,3136,3213,3172,3227,3343,3188,3236,3159,3160,3227,3130,3221,3311
270,2700,neutral,3203,3019,3107,3241,3186,3231,3111,3149,3188,3155,3243,3129,3138,3005,3174,3116,3153,3099,3166,3094,3138,3191,3122,3332,3266,3171,3158,3229,3233,3154,3139,3189,3242,3143,3194,3204,3117,3074,3213,3264,3204,3277,3111,3177,3206,3190,3110,3174,3287,3215,3124,3043,3183,3185,3112,3144,3328,3193,3339,3199,3166,3116,3123,3200,3142,3192,3179,3136,3168,3184,3231,3187,3134,3248,3111,3174,3200,3128,3191,3139,3185,3181,3123,3172,3097,3264,3153,3126,3136,3204,3172,3184,3242,3150,3116,3206
271,2710,neutral,3203,3091,3241,3143,3223,3126,3224,3246,3193,3160,3266,3109,3176,3241,3255,3076,3140,3161,3085,3288,3242,3237,3188,3307,3125,3144,3212,3093,3242,3221,3247,3160,3188,3174,3173,3212,3174,3214,3164,3173,3324,3180,3072,3310,3232,3141,3199,3130,3159,3063,3240,3149,3293,3100,3290,3149,3219,3154,3113,3112,3137,3118,3285,3215,3177,3223,3149,3119,3302,3162,3173,3196,3180,3175,3294,3209,3219,3157,3210,3341,3229,3210,3187,3277,3236,3256,3019,3183,3186,3224,3154,3181,3184,3154,3124,3151
272,2720,neutral,3109,3031,2962,3050,3110,3088,3005,2937,3135,2980,3036,3036,3034,3123,3041,3191,2980,3025,3017,3009,3100,3125,2999,3179,3043,3013,3083,3083,2987,3045,3118,2977,3046,3042,2950,3037,3109,3092,2954,3035,3040,3093,3084,3067,2957,3172,3026,2986,3040,3127,3076,2959,3030,3072,3131,3051,3048,3069,3083,3067,3145,3032,2985,3079,2968,3003,3023,3043,3094,3136,3010,3023,3080,2995,3145,2944,3001,3026,3008,3148,3082,3026,3028,2986,3103,3174,3115,3046,2942,2970,3102,3047,3067,3056,3079,3007
273,2730,neutral,3095,3117,3092,3109,3105,3096,2982,3335,3090,3102,3065,3099,3060,3106,3107,3051,3055,3156,3011,3078,3121,3100,3118,2987,3119,2927,3114,3135,3079,3018,3152,3143,3208,3086,3141,3192,3089,3138,3135,3195,3034,3028,3049,3060,3096,3079,3078,3088,3062,3113,3060,3108,3060,3054,3075,3051,3057,3137,3063,3074,3180,3029,3020,3146,3127,3031,3060,3010,3115,3067,3156,3119,2999,3052,3039,3174,2973,3055,3012,3027,3038,3140,3085,3043,3096,3035,3030,3173,3153,3195,3066,3040,3109,3057,3121,3169
274,2740,neutral,3211,3182,3155,3145,3266,3272,3227,3259,3088,3309,3292,3294,3111,3195,3204,3245,3215,3232,3186,3196,3259,3354,3175,3301,3201,3155,3260,3155,3181,3111,3202,3256,3181,3169,3186,3103,3119,3214,3171,3105,3163,3140,3138,3193,3045,3112,3143,3084,3093,3171,3165,3112,3202,3190,3094,3083,3147,3144,3106,3092,3103,3146,3083,3024,3043,3176,3118,3222,3094,3190,3028,3173,3174,3093,3143,3087,3144,3092,2999,3190,3153,3239,3225,3178,3077,3191,3119,3160,3219,3094,3140,3191,3083,3228,3114,3084
275,2750,neutral,3071,3086,3094,2985,2990,3081,3064,3020,3088,2995,3120,3093,3056,3076,3082,3097,2992,3081,3134,3018,3161,3149,3190,3065,3105,3090,3120,3119,3197,3080,3113,3143,3067,3009,3106,3100,3113,2937,2981,3057,3104,3087,3052,2954,3099,3130,3131,3026,3112,3089,3025,3041,3016,3118,3025,3122,3072,3155,3059,3100,3212,3137,3167,3039,3057,3028,3013,3079,3094,3062,3072,3063,3042,3052,3066,3018,3183,3058,3036,3071,3068,3094,3051,3084,3017,2990,3088,3057,3019,2989,3117,3093,3114,3141,3011,3172
276,2760,neutral,3097,3101,3157,3105,3159,3128,3226,3193,3079,3130,3262,3155,3109,3230,3092,3062,3238,3238,3132,3240,3081,3184,3093,3096,3228,3088,3147,3180,3274,3166,3096,3133,3119,3022,3010,3126,3234,3090,3045,3142,3217,3083,3127,3213,3219,3160,3156,3059,3122,3200,3240,3155,3194,3162,3245,3173,3190,3118,3168,3184,3186,3162,3183,3230,3140,3107,3169,3195,3196,3114,3190,3031,3122,3028,3143,3131,3270,3215,3106,3148,3037,3184,3160,3040,3081,3170,3109,3103,3161,3191,2986,3155,3128,3230,3171,3130
277,2770,neutral,3027,3095,3132,3052,3167,3095,3089,3140,3089,3018,3112,3130,3200,3082,3098,3172,3053,3061,3178,3192,3162,3018,3035,3103,3015,3111,3106,3117,3069,3058,3062,3194,3065,3137,3011,3089,3120,3152,3077,3136,3149,3259,3135,3076,3108,3182,3215,3163,3132,3095,3137,3016,3050,3098,3125,3097,3201,3086,3103,3144,3150,3091,2998,3059,3098,3231,3120,3157,3137,3058,3051,3148,3147,3163,3063,3044,3165,3227,3104,3099,3191,3067,3104,3092,3167,3089,3070,3042,3119,3122,3114,3254,3249,3157,3150,3138
278,2780,neutral,3171,3072,3080,3100,3092,2964,3051,3202,3069,3067,3033,3093,3034,3222,3027,3046,2986,3118,3127,3027,3086,3063,3126,3051,3133,3050,3041,3146,3067,2976,3036,3056,3119,3017,2972,3149,3008,3088,3100,3092,3128,3095,3004,3035,3114,3118,3098,2996,3108,3116,2984,3102,3052,3106,3104,3070,3047,3069,3182,3085,3220,3118,3060,3133,3019,2993,3065,2973,2944,3091,3037,3082,3099,3043,3219,2972,3110,3099,3095,3066,3090,3067,3041,3083,2966,3079,3054,3123,3146,3131,3129,2930,3014,3207,3063,3187
279,2790,neutral,2950,3058,3001,3036,3020,3045,3176,3102,3079,3069,3103,3067,3206,3079,3018,3043,3158,3147,3159,3146,3084,3064,3091,2988,3091,2992,3081,3050,2955,3141,3070,3036,3046,3123,3065,3028,3092,3158,3167,3176,3008,3060,3094,3110,2981,3133,2943,2997,3098,3143,3053,3000,3145,3116,3035,3036,3038,3110,2978,2950,3075,3052,3096,3014,3086,3066,3124,3030,3075,3094,3069,3082,3164,3112,3030,2954,3095,3006,3052,3190,3084,3125,3138,3078,3128,2921,3143,3114,3028,2984,3053,2987,3076,3107,3216,3131
280,2800,neutral,3277,3146,3092,3078,3161,3042,3217,3202,3193,3183,3181,3211,3121,3253,3231,3201,3125,3191,3184,3173,3174,3165,3233,3085,3246,3248,3145,3113,3199,3211,3320,3233,3262,3222,3184,3254,3152,3132,3240,3210,3065,3106,3162,3172,3122,3139,3186,3109,3279,3246,3034,3036,3255,3298,3142,3181,3192,3229,3124,3195,3214,3069,3252,3147,3237,3259,3182,3069,3168,3106,3179,3170,3387,3057,3189,3170,3124,3136,3201,3192,3117,3000,3066,3131,3113,3148,3219,3213,3126,3174,3118,3074,3098,3156,3133,3212
281,2810,neutral,3187,3036,3089,3042,3135,2989,3068,3095,3065,3043,3053,3225,3090,3097,3061,3177,2990,3153,3038,3102,3149,3023,3066,3111,3042,3038,3067,3204,3128,3117,3140,3109,3081,3094,3105,3093,3058,3109,3158,3074,3032,3151,3067,3064,3110,3056,3157,3015,3116,3159,3152,3088,2982,3184,3139,3109,3086,3137,3194,3166,3236,3200,3178,3209,3161,3140,3194,3268,3070,3124,2994,3204,3060,3105,3094,3120,3095,3120,3193,3025,3145,3024,3045,3107,3128,3259,3172,2945,3137,3027,3191,3093,3020,3076,3083,3033
282,2820,neutral,3099,3144,3030,3098,3110,3069,3025,3181,3008,3113,3081,3048,3114,3148,3185,3223,3192,3156,3113,3085,3107,3079,3076,3103,3091,3095,3130,3027,3124,3097,3080,3096,3144,3129,3196,3180,3077,3099,3093,3191,3095,3039,3144,3016,3187,3075,3105,3196,3174,3035,3128,3062,3137,3104,3103,3125,3093,3138,3161,3294,3189,3083,3180,3079,3039,3067,3056,3157,3121,3075,3064,3054,3038,3227,3198,3082,3196,3172,3133,3170,3146,3229,3092,3233,3099,3091,3088,3028,3137,3158,3154,3212,3144,3132,3196,3143
283,2830,neutral,3129,3232,3075,3015,3047,3075,3186,3214,3126,3168,3131,3156,3085,3216,3254,3138,3261,3062,3092,3132,3150,3130,3144,3106,3203,3143,3131,3133,3219,3242,3188,3275,3097,3081,3034,3135,3160,3179,3152,3083,3095,3086,3219,3140,3151,3108,3151,3213,3200,3201,3200,3221,3244,3187,3025,3253,3176,3180,3104,3184,3197,3073,3133,3184,3087,3179,3205,3150,3069,3240,3208,3115,3194,3104,3236,3161,3139,3222,3085,3195,3069,3253,3212,3082,3079,3099,3079,3137,3252,3228,3135,3109,3250,3157,3035,3237
284,2840,neutral,3148,3028,3115,3081,3102,3131,3171,3084,3272,3145,3052,3093,3056,3191,3150,3138,2980,3176,3121,3144,3165,3097,3060,3093,3088,3133,3227,3144,3028,3152,3067,3041,3145,3084,3141,3226,3121,3214,3145,3177,3113,3157,3100,3105,3143,3070,3144,3059,3083,3104,3188,3111,3112,3113,3146,3123,3129,3120,3161,3003,3165,3150,3063,3136,3105,3204,3083,3041,3051,3199,3245,3274,3117,3131,3142,3082,2982,3139,3083,3112,3191,3014,3099,3027,3184,3126,3245,3083,3066,3143,3081,3063,3127,3138,3070,3142
285,2850,right,3209,3044,3012,3185,3169,3059,3187,3153,3004,3162,3111,3107,3242,3108,3271,3157,3102,3178,3187,3212,3158,3155,3060,3067,3139,3163,3065,3081,3096,3135,3170,3196,3154,3092,3079,3131,3108,3179,3083,3041,3081,3211,3160,3141,3109,3090,3249,3238,3100,3130,3139,3155,3020,3122,3116,3106,3109,3218,3168,3221,3170,3160,3089,3137,3126,3190,3200,3070,3185,3090,3139,3169,3125,3043,3174,3135,3041,3226,3067,3129,3197,3108,3232,3114,3125,3030,3151,2964,3136,3254,3121,3119,3068,3131,3080,3156
286,2860,neutral,3143,3152,3193,3180,3187,3083,3076,3198,3034,3219,3094,3174,3147,3108,3169,3235,3199,3130,3099,3140,2999,3044,3132,3024,3107,3115,3080,3089,3036,3125,3085,3110,3108,3168,3196,3039,3141,3178,3244,3133,3185,3175,3123,3104,3130,3109,3147,3102,3186,3115,3050,2998,3090,3117,3052,3153,3063,3083,3096,3195,3046,2996,3150,3036,3052,3208,3082,3139,3083,3165,3090,3125,3190,3113,3078,3193,3144,3146,3069,3084,3119,3114,3069,3039,3145,3015,3101,3098,3150,3078,3100,3132,3224,3102,3202,3079
287,2870,neutral,3129,3285,3225,3273,3242,3194,3189,3101,3200,3176,3228,3177,3255,3220,3092,3163,3199,3248,3146,3153,3235,3211,3165,3191,3208,3213,3215,3167,3248,3159,3085,3127,3136,3231,3187,3187,3179,3227,3166,3138,3213,3129,3181,3290,3179,3247,3246,3120,3174,3222,3157,3218,3217,3202,3256,3206,3208,3085,3223,3103,3244,3180,3185,3144,3271,3223,3219,3219,3188,3157,3222,3123,3245,3211,3088,3154,3159,3119,3180,3123,3305,3213,3289,3193,3100,3246,3113,3179,3191,3081,3134,3079,3089,3195,3215,3177
288,2880,neutral,3111,3066,3107,3021,3271,3223,3142,3157,3132,3233,3124,3185,3169,3159,3156,3117,3193,3213,3188,3205,3222,3165,3205,3170,3283,3201,3204,3167,3141,3148,3070,3207,3236,3247,3338,3358,3236,3289,3252,3265,3348,3209,3237,3262,3255,3169,3165,3339,3154,3303,3284,3190,3269,3249,3293,3382,3268,3179,3264,3198,3188,3205,3246,3147,3146,3165,3075,3108,3106,3040,3223,3157,3283,3255,3112,3224,3136,3146,3209,3222,3158,3181,3105,3140,3195,3164,3191,3196,3100,3255,3098,3186,3237,3318,3176,3183
289,2890,neutral,3183,3017,2979,3131,3231,3018,3109,3195,3159,3119,3051,3214,3166,3201,3114,3145,3186,3086,3184,3188,3156,3164,3082,3187,3013,3081,3041,3061,3136,3102,3244,3212,3144,3146,3139,3161,3160,3153,3143,3121,3015,3087,3074,3103,3202,2986,2996,3092,3035,3073,3207,3057,3086,3117,3026,3070,3217,3150,3044,3147,2936,3023,3186,3124,3079,3156,3091,3083,3220,3061,3119,3021,3133,3119,3058,3079,3237,3222,3074,3169,3013,3063,3145,3082,3104,3015,3117,3064,3041,2994,3144,3032,2997,3239,2979,3148
290,2900,neutral,3160,3180,3140,3106,3158,3254,3184,3208,3172,3179,3183,3354,3160,3160,3197,3197,3115,3239,3122,3096,3229,3175,3268,3234,3248,3221,3303,3193,3177,3245,3216,3225,3104,3241,3217,3128,3266,3266,3054,3179,3183,3152,3202,3157,3325,3183,3149,3137,3096,3192,3105,3383,3150,3353,3274,3112,3294,3233,3218,3229,3093,3217,3183,3182,3087,3155,3185,3187,3174,3123,3172,3111,3167,3145,3203,3238,3262,3251,3233,3103,3148,3261,3316,3137,3141,3198,3290,3154,3145,3195,3167,3187,3243,3162,3179,3214
291,2910,neutral,3142,3309,3163,3176,3108,3086,3255,3167,2995,3141,3155,3064,3081,3198,3107,3205,3095,3118,3164,3066,3145,3160,3125,3135,3206,3203,3191,3048,3089,3202,3158,3043,3052,3081,3237,3122,3072,3161,3208,3159,3034,3175,3035,3082,3021,3111,3201,3101,3169,3158,3118,3100,2993,3145,3023,3115,3120,3055,3071,3112,3156,3192,3142,3128,3181,3086,3079,3125,3117,3047,3088,3089,3148,3062,3081,3057,3276,3081,3089,3039,3135,3093,3094,3078,3087,3128,3134,3162,3143,3090,3002,3231,3159,3265,3080,3127
292,2920,neutral,3093,3108,3100,2968,3040,3076,3093,3046,3052,3038,3064,3082,3135,3168,3003,3074,2995,2999,3139,3109,3048,3013,3117,3148,3104,3053,3074,3107,3179,3041,3174,3074,3071,3197,3095,3079,3060,3091,3020,2963,3115,3178,3066,3179,3065,2974,3020,3062,3214,3116,3086,3090,3040,3127,3000,2972,2945,3129,3060,3212,3127,2992,3205,3113,3172,3184,3125,3040,3071,3077,3075,3116,3109,3127,3080,3007,3081,3027,3107,3074,3047,3108,3095,3025,2999,3104,2998,3154,3114,3193,3091,3105,3129,3117,3102,3056
293,2930,neutral,3005,3123,3004,3047,3014,3026,3152,3089,3096,3132,3055,3060,3092,3151,3019,3085,3117,2992,3117,3085,3051,3184,3066,3089,3103,3056,3021,3113,2960,3113,3032,3012,3070,3047,3067,3051,3130,3085,3056,3106,3021,3104,3055,3004,2984,3015,3053,3034,3073,3058,3133,3121,3029,2972,3049,2998,3141,3065,2971,3109,3148,2993,3125,3081,3126,3043,3128,3083,3088,3028,3024,3103,3146,2970,2985,3057,3013,2962,3012,3061,2976,3128,3092,3070,3060,3035,3034,3079,3023,3071,3010,3087,3032,3116,3124,3042
294,2940,neutral,3058,3150,3099,3186,3150,3141,3098,3096,3254,3166,3117,3155,3137,3252,3143,3142,3042,3239,3050,3135,3123,3160,3068,3120,3165,3098,3177,3215,3110,3193,3235,3063,3161,3051,3154,3239,3188,3159,3287,3128,3138,3176,3311,3153,3162,3146,3116,3264,3171,3154,3135,3133,3147,3123,2997,3126,3025,3041,3091,3129,3096,3181,3064,3056,3165,3056,3110,3182,3148,3039,3123,3202,3128,3089,3117,3139,3179,3116,3131,3140,3002,3125,3106,3157,3182,3054,3156,3196,3106,3165,3194,3043,3133,3171,3102,3109
295,2950,neutral,3167,3181,3196,3006,3112,3217,3011,3160,3197,3061,3140,3209,2976,3105,3157,3186,3197,3034,3228,3125,3073,3147,3077,3188,3169,3132,3206,3099,3136,3220,3159,3177,3147,3089,3153,3174,3079,3115,3096,3096,2962,3091,3191,3110,3200,3095,3001,3168,3231,3019,3163,3074,3255,3102,3099,3244,3107,3120,3133,3190,3276,3118,3103,3082,3158,3163,3174,3150,3112,3207,3226,3142,3122,3220,3179,3117,3233,3102,3173,3111,3111,3096,3106,3085,3165,3084,3164,2988,3180,3096,3104,3306,3126,3012,3180,3104
296,2960,neutral,3086,3114,3177,3209,3074,3017,2981,3132,3166,3031,3098,3101,3138,3016,3094,3053,3012,3048,3110,2981,3144,2913,3101,3081,3010,3040,3055,3128,3131,3129,3139,3055,3128,3023,3087,3089,3158,3001,3014,3006,3055,3071,3024,2981,3075,3201,2960,3236,3113,3059,3043,2966,3111,3043,3121,3101,3124,3102,3136,3092,3119,3103,3099,3154,3130,3039,3054,3164,3044,3035,3034,3041,3117,3047,3102,2971,3128,3221,2933,3123,3092,3125,3172,2972,3084,3059,2995,3082,3036,3133,2999,3142,3044,3000,3131,3042
297,2970,neutral,3182,3049,3167,3071,3080,2998,3073,3093,3129,3084,3088,3125,3193,3099,3133,3044,3049,3152,3245,3098,3124,3087,2906,3094,3037,3011,3053,3105,3131,3146,3152,3069,3091,3032,3101,3108,3085,3149,3043,3130,3186,3035,3118,3138,3174,3164,3076,3048,3095,3042,3203,3067,3113,2977,3132,3110,3025,3209,3068,3117,3112,3129,3082,3148,3207,3151,3063,3110,3052,3102,3152,3147,3081,3170,3058,3095,3059,3148,2956,3211,3047,3126,3107,3085,3196,3177,3099,3091,3194,3168,3090,3113,3012,3145,3101,3074
298,2980,neutral,3168,3147,3041,3140,3106,3164,3034,3150,3053,3162,3000,3176,3138,3108,3163,3180,3205,3121,3140,3142,3084,3172,3126,3087,3181,3031,3073,2987,3064,3138,3100,2961,3172,3104,3043,3047,3097,3207,3228,3047,3247,3095,3119,3013,3097,3226,3137,3044,3197,3239,3101,3041,3114,3078,3127,3059,3103,3249,3088,2974,3065,3095,3147,3107,3150,3064,3093,3107,3115,3090,3232,3108,3194,2989,3252,3140,3165,3034,3187,3151,3180,3020,3098,3120,3153,3087,3126,3188,3100,2990,3064,3108,3224,3164,3127,3133
299,2990,neutral,3097,3078,3120,3064,3083,3149,3055,3077,3040,3189,3085,3139,3059,3080,3071,3107,3114,3091,2990,3066,3142,3153,3101,2993,3046,3126,3135,3222,3139,3130,3037,3135,3281,3312,3261,3142,3204,3265,3338,3269,3261,3279,3216,3175,3300,3252,3243,3270,3271,3201,3253,3376,3285,3285,3184,3299,3272,3271,3200,3175,3308,3288,3391,3351,3128,3049,3151,3145,3153,3130,3081,3085,3047,3136,3141,3154,3052,3106,3121,3071,3212,3121,3104,3182,3070,3174,3131,3139,2983,3111,3138,3153,3182,3205,3080,3149
300,3000,neutral,3111,3157,3052,2976,2948,3061,2940,3033,3065,2968,3048,3089,3018,3060,2950,3048,3106,3101,3080,3004,3054,3170,3093,3078,3036,3019,3021,3179,3045,3039,3077,2975,3011,3003,3081,3097,3120,3183,2981,3039,3068,3072,3038,3067,3039,3125,3109,3045,3048,3052,3127,3099,3005,3108,2980,3048,3075,3050,3030,3074,3014,3042,3182,2996,3065,3073,3105,3038,2917,3082,2992,3160,2926,3077,2985,2995,3000,3114,3050,3032,3098,2959,3107,3165,2984,3083,3073,3123,3067,3071,3002,2990,3092,3034,2994,3056
301,3010,neutral,3140,3134,3164,3218,3086,3133,3190,3093,3228,3106,3033,3113,3141,3016,3127,3196,3160,3136,3059,3069,3156,3104,3137,3133,3063,3165,3161,3280,3151,3043,3073,3256,3110,3165,3095,3122,3176,3125,3045,3039,3169,3049,3119,3104,3148,3224,3061,3169,3148,3142,3043,3211,3115,3189,3068,3119,3211,3149,3151,3120,3051,3103,3081,3124,3191,3077,3086,3248,3143,3130,3144,3207,3097,3043,3180,3143,3121,3108,3130,3066,3198,3197,3120,3079,3033,3221,3179,3057,3191,3098,3067,3061,3066,3160,3113,3084
302,3020,neutral,2993,3130,3137,2998,3069,3025,3199,3063,3117,3040,3083,3165,3138,3091,2998,3007,3032,3119,3226,3099,3064,3080,3034,2987,3045,3128,3122,3154,3221,3135,3138,3118,3010,3113,3022,3090,3098,3081,3069,3144,3068,3102,2984,3049,3015,3024,3050,3052,3015,2925,3137,3006,3177,3155,3087,2971,3034,3021,3074,3114,3053,3016,3084,3109,3014,3100,2955,2968,2897,2955,3028,2992,3065,3053,3092,3072,2979,3071,3061,3112,3076,3159,3036,3041,3062,2946,3124,3049,3151,3117,3055,3059,3039,3077,3064,3066
303,3030,neutral,3100,3091,3142,3104,3140,3192,3183,3179,3168,3040,3147,3165,3145,2994,3092,3050,3141,3033,3143,3130,3105,3172,3076,3119,3273,3181,3079,3108,3079,3198,3079,3113,3185,3101,3125,3139,3055,3080,3158,3133,3129,3093,3087,3210,3154,3140,3109,2997,3093,3107,3133,3220,3088,3111,3186,3049,3182,3183,3160,3203,3211,3089,3192,3076,3041,2998,3151,3149,3095,3088,3033,3213,3173,3056,3103,3112,3129,3169,2974,3124,3060,3108,3260,3080,3031,3135,3329,3272,3179,3108,3135,3208,3128,3209,3170,3117
304,3040,neutral,3266,3137,3141,3129,3162,3146,3158,3105,3143,3210,3313,3235,3195,3052,3197,3119,3195,3154,3192,3103,3226,3101,3180,3160,3177,3255,3237,3169,3120,3106,3142,3116,3098,3057,3121,3170,3159,3204,3225,3151,3175,3114,3193,3134,3067,3162,3200,3101,3168,3213,3007,3160,3214,3134,3139,3168,3163,3099,3298,3215,3258,3115,3150,3144,3083,3192,3168,3081,3201,3145,3258,3215,3094,3136,3242,3165,3122,3178,3053,3188,3121,3118,3092,3261,3166,3143,3099,3152,3210,3042,3120,3180,3160,3233,3087,3203
305,3050,neutral,3149,3018,3142,3047,3093,3029,3110,3196,3159,3097,3114,3138,3098,3053,3166,3113,3018,3137,3112,3061,3026,3103,3011,3085,3170,3074,3058,3049,3077,3132,3150,3142,3064,3068,3094,3095,3114,3072,3068,3072,3104,3201,3102,3240,3183,3141,3179,3004,3190,3074,3074,3214,3105,3252,3126,3179,3142,3039,3066,3148,3035,3176,3123,3210,3034,3105,3201,3057,2982,3066,3152,3118,3088,3139,3077,3028,3184,3185,3101,3103,3134,3027,3083,3139,3109,3150,3199,3089,3202,3094,3072,3148,3159,3114,3112,3194
306,3060,neutral,3012,3085,3026,3150,3041,3212,3072,3186,3070,3264,3154,3177,3092,3151,3145,3129,3132,3153,3166,3102,3133,3116,3076,3210,3175,3070,3171,3136,3247,3046,3177,3122,3191,3096,3191,3067,3150,2974,3210,3143,3215,3218,3117,3075,3225,3032,3210,3113,3247,3236,3170,3180,3077,3142,3145,3251,3176,3224,3157,3125,3069,3166,3189,3157,3098,3187,3140,3127,3174,3211,3273,3162,3233,3164,3038,3149,3108,3129,3135,3082,3151,3159,3207,3079,3120,3093,3120,3101,3175,3215,3076,3115,3112,3192,3098,3147
307,3070,neutral,3120,3209,3201,3140,3150,3156,3218,3088,3155,3270,3151,3199,3227,3253,3168,3068,3234,3186,3130,3189,3110,3188,3111,3106,3082,3269,3184,3176,3278,3080,3187,3158,3269,3130,3275,3127,3106,3228,3264,3186,3263,3285,3206,3242,3133,3146,3210,3276,3094,3099,3063,3124,3004,3230,3115,3178,3041,3120,3238,3178,3111,3089,3200,3267,3096,3262,3181,3216,3055,3124,3157,3136,3242,3137,3031,3092,3160,3205,3139,3244,3217,3184,3190,3139,3157,3201,3159,3079,3259,3231,3092,3094,3258,3220,3230,3164
308,3080,neutral,3119,3098,3103,3258,3144,3135,3150,3131,3193,3146,3088,3005,3177,3104,3087,3154,3147,3125,3092,3058,3148,3097,3107,3184,3089,2992,3097,3128,3114,3142,3126,3210,3203,3228,3208,3121,3234,3204,3253,3237,3175,3188,3127,3154,3205,3213,3068,3084,3189,3122,3136,3176,3093,3166,3265,3131,3174,3227,3142,3241,3210,3102,3192,3167,3115,3087,3075,3208,3124,3194,3184,3225,3177,3218,3076,3085,3066,3256,3154,3154,3133,3163,3121,3216,3151,3189,3099,3120,3047,3124,3116,3178,3263,3180,3235,3104
309,3090,neutral,2983,3205,3039,3079,3050,3212,3183,3158,3186,3132,3087,3123,3090,3107,3142,3171,3132,3106,3186,3268,3077,3053,3157,3144,3185,3010,3034,3219,3110,3063,3041,3207,3090,3005,3101,3032,3106,2992,3143,3168,3016,3123,3139,3163,3185,3150,3069,3129,3075,3076,3097,3071,2973,3120,3200,3061,3041,3067,3105,3227,3049,3081,3036,3117,3126,3216,3125,3192,3208,3184,3120,2991,3038,3182,3173,3041,3177,3088,3177,3047,3172,3155,3100,3007,3159,3142,3044,3155,3073,3163,3159,3122,3135,3060,3056,3065
310,3100,neutral,3234,3134,3103,3081,3154,3198,3177,3202,3192,3164,3116,3156,3087,3156,3097,3091,3180,3064,3181,3209,3122,3146,3184,3079,3128,3112,3206,3249,3005,3146,3149,3127,3104,3182,3135,3194,3125,3134,3134,3149,3239,3040,3192,3147,3113,3220,3077,3102,3139,3156,3122,3151,3140,3209,3151,3097,3244,3230,3065,3080,3137,3061,3117,3192,3161,3076,3129,3167,3104,3126,3190,3133,3059,3136,3233,3090,3069,3084,3161,3185,3134,3299,3151,3262,3153,3246,3192,3035,3177,3161,3150,3214,3081,3143,3133,3144
311,3110,neutral,3055,3122,3168,3055,3186,3084,3101,3144,3121,3266,3044,3205,3147,3093,3189,3178,3013,3164,3164,3111,3178,3141,3019,3141,3200,3235,3142,3108,3168,3171,3095,3203,3159,3076,3043,3151,3102,3223,3078,3097,3134,3174,3106,3276,3108,3168,3104,3112,3123,3173,3042,3110,3211,3189,3101,3089,3123,3134,3226,3136,3129,3093,3334,3173,3133,3179,3225,3156,3121,3154,3256,3199,3153,3091,3215,3223,3145,3222,3173,3210,3219,3146,3188,3230,3274,3117,3170,3203,3040,3175,3094,3203,3166,3130,3162,3175
312,3120,neutral,3153,3081,3209,2976,3121,3024,3065,3148,3081,3057,3167,3123,3043,3179,3050,3129,3106,3029,3014,3103,2998,3096,3102,3128,3048,3039,3045,3105,3024,3003,3055,3052,3032,3078,3056,3097,3150,3069,3028,3167,3117,2984,3104,3042,3061,3006,2988,3111,2992,3139,3103,3011,3251,3036,3097,3042,3134,3064,3026,3081,2984,3078,3058,3162,3044,3209,3146,3060,3149,3094,2958,3035,3137,3062,3103,3209,3063,2992,3200,3114,2978,2999,2986,3074,3068,3118,3119,3104,3013,2985,2993,3142,3051,3027,3089,3015
313,3130,neutral,3123,3049,3068,3042,3082,3015,3089,3099,3129,3052,3008,3122,2903,3048,2993,2918,2969,2988,2955,3014,3049,3005,3097,3003,3014,2928,3064,3127,2991,3045,3010,3028,3003,2985,3092,3013,3076,3075,3078,3085,2985,2984,3027,3037,3052,2919,3034,3023,3009,3027,3062,3034,2982,3085,3134,3008,3031,3109,3127,3109,2935,3004,3136,2981,3048,3037,3037,3093,3073,2982,3099,2989,3127,3036,3049,3084,3085,2974,3011,3000,3040,3033,3124,3005,3043,2976,3028,2981,2899,2960,2972,3026,3004,2994,3045,2975
314,3140,neutral,3103,3025,2998,3119,3108,3122,3032,3167,3066,3136,3063,3049,3091,3084,3028,3260,3124,3063,3082,3199,3101,2987,3124,3034,3080,3137,3029,3118,3093,3137,3014,3077,3100,3054,3043,3062,3101,3025,3159,3148,3067,3023,3164,3235,3051,3123,3059,3075,3163,3080,3158,3039,2979,3023,3057,3161,3022,3067,3173,3034,3166,3073,3110,3095,3127,3224,2966,3060,3145,3160,2991,3197,3060,3142,3119,3008,3035,3023,3063,2996,3016,3062,3040,3135,3076,3057,3070,3126,3002,3059,3068,3004,3068,3154,3068,2989
315,3150,neutral,3048,3210,3112,2940,2977,3162,3115,3106,3061,2993,3062,3152,3071,3089,3113,3041,3150,3112,3085,3173,3116,3115,3132,3124,3131,3259,3072,2978,3043,3229,3088,3021,3090,3163,3164,3245,3119,3108,3137,3074,3100,3115,3090,3158,3087,3193,3145,3107,3206,3152,3110,3170,3087,3015,3172,3096,3112,3170,3017,3157,3083,2993,3145,3010,3041,3071,3082,2977,3142,3086,3139,3132,3140,3152,3128,3050,3086,3088,3062,2992,3225,3105,3048,3009,3132,3125,3102,3068,3134,3091,3096,3102,3030,3146,3196,3081
316,3160,neutral,3042,3181,3043,2917,3042,3058,3050,3048,3064,3157,3007,3106,3013,3059,3054,3138,3098,3143,3040,3140,3144,3143,2964,3102,3058,3114,3073,3075,3223,3070,3100,3158,3032,3097,3108,3127,3177,3101,3120,3149,3067,3192,3058,3020,3011,3286,2970,3189,3135,2940,3056,3007,3023,3020,3063,3254,3157,3144,3051,3212,3194,3034,3018,3074,3055,3085,3110,2999,3102,3142,3065,3102,3051,3150,3178,3176,3109,3012,3038,3211,3008,3141,3070,3157,3078,3065,3083,3134,3086,3117,3004,3178,3048,3026,3194,3081
317,3170,neutral,3139,3125,3126,3145,3135,3072,3034,2995,3044,3152,3103,3148,3143,3253,3102,3110,3157,3109,3103,3066,3070,3081,3068,3068,3087,3177,3098,3123,3017,3069,3164,3054,3146,3087,3111,3112,3084,3019,3004,2949,3076,3033,3133,3153,3119,3075,3085,3060,3123,3096,3121,3143,3173,3123,3187,3047,3084,2980,3099,3115,3026,2965,2970,3034,3027,3118,3114,3070,3211,3119,3093,3092,3105,3030,3228,3161,3189,3131,3066,3115,3150,3043,3096,3007,3092,3135,3018,3017,3201,3099,3017,3127,3115,3117,3049,3144
318,3180,neutral,3128,3036,3034,2997,3110,2977,3074,2968,3167,3157,3071,3082,3000,3019,2977,2964,2975,3028,3186,3101,3153,3021,3025,2994,3023,2940,2991,3134,3088,3121,3094,2967,3088,3066,3072,3187,3118,3066,3119,3136,3186,3033,3093,3175,3235,3097,3168,3219,3108,3184,3143,3161,3071,3139,3082,3049,3175,3146,3138,3096,3149,3150,2983,3100,3048,3091,2985,3041,3051,3035,2994,3065,3124,3070,2995,3007,3089,3092,3124,3046,3064,3068,3036,3215,2961,3056,3048,3028,2991,3134,3130,3046,3071,2992,3073,3117
319,3190,neutral,3068,3178,3168,3101,3030,3175,3156,3134,3117,3004,3075,3129,3198,3139,2991,3105,3188,3159,3107,3042,3047,3169,3119,3111,3159,3076,3161,3034,3138,3105,3083,3199,3157,3066,3220,3140,3122,3190,3097,3084,3204,3164,3092,3136,3148,3122,3070,3053,3119,3140,3011,3209,3124,3075,3118,3117,3034,3065,3155,3134,3116,3123,3119,3113,3179,3273,3149,3130,3079,3122,3118,2997,3059,3131,3188,3079,3077,3040,3206,3185,3058,3089,2977,3094,3077,3122,3164,3026,3107,3009,3171,3183,3060,3135,3168,3147
320,3200,neutral,3042,3113,3117,3110,3067,3185,3084,3003,3118,3119,3046,2994,3095,3111,3206,3099,3068,3219,3079,3093,3125,3161,3195,3013,3086,3064,3042,3121,3122,3111,3025,3245,3137,3054,3116,3052,3025,3092,3116,3095,3068,3064,3022,3083,3087,3079,3083,3064,3168,3207,3032,3124,2990,3149,3209,3104,3126,2977,3093,3157,3034,3130,3075,3079,3015,3023,3028,3056,3098,3119,3089,3183,3096,3056,3138,3102,3112,3079,3131,3050,3122,3140,3054,3143,3083,3245,3042,3128,3171,3016,3120,3057,3138,3181,3074,3056
321,3210,neutral,3187,3281,3204,3111,3108,3257,3213,3287,3182,3132,3161,3092,3190,3226,3165,3036,3157,3101,3188,3147,3162,3112,3221,3159,3108,3052,3160,3142,3178,3287,3080,3115,3164,3144,3074,3170,3068,3195,3052,3079,3109,3166,3203,3124,3231,3144,3301,3117,3206,3187,3221,3235,3180,3176,3105,3221,3139,3166,3013,2948,3279,3121,3163,3194,3174,3270,3196,3049,3198,3181,3241,3144,3181,3235,3127,3167,3119,3118,3176,3165,3174,3085,3075,3132,3114,3142,3152,3206,3159,3231,3120,3160,3098,3130,3161,3092
322,3220,neutral,3053,3102,3151,3198,3139,3090,3046,3062,3057,2974,3120,3096,3084,3011,3102,3134,3021,3100,3095,3082,2965,3017,3078,3000,3132,3139,3212,3130,3095,3137,3221,3210,2995,3084,3125,3146,3036,3014,3089,2991,3102,3098,3045,2999,3111,3165,3001,3108,3113,3110,3016,3007,3047,3146,3068,2962,3097,3209,2926,3084,3146,3095,3116,3218,3181,3022,3128,3123,3152,3114,3106,3205,3087,3134,3015,3026,3069,3087,3056,3069,3048,3212,3137,3068,2933,3138,3066,3199,3079,3016,3024,3174,3147,3158,3068,3099
323,3230,neutral,3060,3165,3146,3186,3094,3143,3058,2976,3156,3017,3144,3201,3093,3085,3153,3054,3136,3058,3093,3091,3092,3108,3091,3086,3180,3041,3042,3132,3041,2986,3020,3114,3196,3022,3061,3094,3149,3229,3060,3062,3193,3078,3158,3056,3099,3169,3151,3004,3073,3007,3178,2984,3113,3116,3072,3199,3097,3240,2928,3151,3071,3156,3160,3121,3049,2988,3067,3170,3097,3008,3075,3151,3044,3167,3115,3102,3088,3104,3080,3119,3164,3078,3075,3195,3100,3108,3116,3177,3061,3213,3105,3005,3091,3108,3146,3182
324,3240,neutral,3095,3206,3022,3009,3196,3114,3026,3040,3148,3120,3116,3115,3132,3202,3146,3075,3044,3056,2989,3042,3089,3279,3077,3059,3125,3123,2980,3071,2907,3021,3059,3029,3170,3124,3069,3118,3004,3012,3020,3067,3084,3192,2995,3141,2963,2968,2888,2983,3089,3120,2946,3157,3151,3019,3130,3081,3060,3079,3103,3159,3136,3161,3092,3063,3121,3025,3066,3034,3120,3028,3185,3098,3077,3110,3041,3017,3157,3080,2990,3002,3102,3119,3108,3182,3153,3092,3095,3082,3104,3124,3149,3115,3075,3072,3201,3138
325,3250,neutral,3046,3131,3044,3015,3163,3050,3108,2995,3083,3148,3034,3015,3042,3031,3086,3141,3046,3088,3021,3072,3118,3099,3125,3085,2990,2986,3056,3017,3072,3035,3139,3075,3051,2986,3075,3059,2957,3053,3012,3069,3138,2968,3078,3018,2936,3091,2983,3074,3142,2982,3058,3184,3039,3195,3018,2972,3017,3068,3153,3187,3047,3100,3124,3010,3161,3095,3066,3074,3088,3002,3106,3084,3020,3179,3071,3065,3086,3169,3039,3120,3054,3106,3004,3110,3112,3110,3036,3090,3137,3021,2993,3029,3094,2946,3151,3083
326,3260,neutral,3204,3175,3134,3108,3317,3219,3137,3219,3153,3158,3155,3176,3237,3193,3273,3224,3182,3140,3175,3076,3184,3185,3167,3103,3262,3213,3172,3197,3134,3230,3105,3295,3074,3062,3042,3161,3125,3125,3117,3175,3127,3167,3038,3228,3192,3091,3157,3141,3120,3058,3042,3132,3093,3016,3088,3140,3154,3135,3085,3107,3012,3171,3030,3098,3191,3158,3127,3126,3138,3049,3182,3051,3095,3120,3186,3166,3019,3049,3078,3133,3001,3208,3199,3114,3163,3042,3073,3105,3166,3101,3149,3050,3061,3163,3147,3088
327,3270,neutral,3063,3165,3123,3291,3038,3241,3144,3229,3211,3125,3145,3150,3031,3063,3277,3272,3063,3290,3041,3229,3173,3286,3159,3191,3231,3201,3320,3111,3135,3238,3190,3294,3026,3133,3075,3173,3165,3151,3117,3043,3054,3131,3009,3007,3084,3185,3104,3076,3108,3014,3093,3000,3031,3117,3115,3148,3093,3010,3213,3120,3140,3082,3099,3035,3214,3142,3137,3153,3168,3264,3266,3177,3098,3199,3223,3140,3194,3233,3265,3143,3100,3222,3194,3271,3156,3103,3261,3272,3145,3302,3078,3263,3221,3277,3096,3266
328,3280,neutral,3132,3219,3238,3108,3173,3218,3218,3229,3227,3247,3302,3194,3241,3237,3180,3269,3268,3255,3210,3132,3243,3211,3314,3273,3192,3152,3208,3305,3293,3230,3154,3178,3069,3031,3073,3140,3069,3110,3078,3022,3110,3157,3034,3244,3187,3158,3121,3040,3111,3054,3154,3174,3161,3093,3172,3170,3038,3162,2966,3111,3229,3073,3191,3188,3167,3109,3119,3126,3143,3105,3051,3160,3170,3085,3210,3244,3003,3178,3023,3145,3174,3077,3044,3090,3117,3190,3149,3031,3099,3178,3150,3102,3086,3136,3234,3095
329,3290,neutral,3182,3191,3321,3292,3264,3223,3260,3339,3222,3230,3272,3211,3145,3245,3160,3214,3211,3259,3220,3271,3233,3304,3180,3264,3291,3203,3331,3178,3220,3221,3249,3168,3264,3207,3179,3282,3220,3355,3208,3267,3275,3333,3192,3333,3246,3133,3285,3224,3216,3352,3204,3288,3185,3254,3304,3179,3174,3197,3175,3330,3215,3255,3162,3219,3254,3193,3343,3213,3237,3213,3292,3178,3258,3252,3160,3128,3158,3167,3239,3375,3256,3313,3209,3266,3219,3199,3158,3292,3292,3328,3229,3368,3319,3213,3274,3293
330,3300,neutral,3088,3024,3069,3110,3050,3080,3143,3047,3192,3031,3040,2980,3073,3051,3110,3008,3154,3075,3063,2979,3089,3038,3056,3086,3101,3040,3033,3137,3123,3066,2974,3034,3045,2987,3084,3161,3165,3081,3026,3192,3065,3061,3082,3146,3242,3098,3103,3021,3144,3081,3167,3151,2971,3063,3045,3141,3145,3066,3143,3096,3090,3071,3089,3122,3094,3038,3081,3037,3137,3027,3076,3084,3239,3142,3138,3075,2990,3171,3013,3173,3150,3130,3107,2997,3094,3150,3262,3009,3139,3079,3042,3065,3159,3107,3088,3055
331,3310,neutral,3084,3042,3059,3004,3051,2976,3039,3081,3011,2942,2997,3117,3108,2980,3044,3086,2952,3090,2963,3035,3039,2983,3123,3042,3067,3050,3118,3018,3049,2965,3082,3100,3108,2990,3010,3105,3030,3178,2977,3066,2946,3028,2973,3041,3142,3020,3207,2934,3067,3075,3059,3081,3041,3079,3080,3035,2980,3023,2957,3037,3071,3149,3003,2989,3072,3078,2993,3160,2977,3015,2993,3029,2998,2988,3066,3123,3026,3045,3060,3046,3072,2937,3033,3132,2997,2989,3137,2945,2981,2947,3103,3047,3096,3167,3024,3020
332,3320,neutral,3060,3097,3110,3020,3031,3187,3046,3107,2992,3145,2998,2951,3048,3005,3101,3069,3125,3011,3078,3016,3099,3229,3047,3117,3155,3135,2994,3042,3091,3113,3057,3062,3215,3022,3104,3042,3124,2972,3150,2976,3157,3064,3134,3113,3073,3121,3073,3037,3098,3004,3121,3072,3147,2993,3065,3163,3152,3099,2948,3052,3032,3084,3062,3120,3117,3021,3105,2954,3019,3016,3021,3105,2992,3041,3116,3078,3152,3147,3083,3075,3166,3124,3102,3164,3036,3086,3093,3034,2997,3011,3096,3103,3052,3067,3173,3066
333,3330,neutral,3263,3029,3081,3203,3061,3036,2984,3161,3030,2934,3111,3120,3067,3064,3041,3121,2972,3069,3150,3117,3014,3092,3117,3077,3011,3128,2980,3085,3009,3084,3040,3142,2979,3147,3092,2975,3096,3067,3162,3097,2890,3130,3145,3121,3007,2951,3066,2981,3185,3105,3091,3128,3029,3016,3110,3043,3078,3163,3003,3179,3030,3166,3166,2971,3073,2997,3083,3180,3078,3103,3104,3109,3087,3039,3161,3111,3144,3065,2996,3205,3042,3023,3102,3009,3009,2991,3061,3166,3091,3085,3061,2942,3071,3126,3141,3046
334,3340,neutral,3146,2983,3101,3201,3210,3038,2988,3057,3163,3123,3114,3260,3138,3017,3074,3102,3166,3062,3054,3038,3154,3106,3134,3106,3113,3102,3192,3151,3122,3122,3154,3065,3063,3086,3081,3193,3080,3122,2992,2993,3081,3121,3146,3148,3131,3131,3085,3110,3264,3156,3171,3277,3151,3188,3153,3022,3095,3161,3144,3016,3063,3180,3109,3089,3162,3002,3088,3183,3182,3088,3116,3229,3070,3185,3147,3167,3150,3070,3110,3167,3186,3086,3040,3067,3055,3106,3035,3133,3076,3110,3034,3146,3005,3123,2999,3023
335,3350,neutral,2976,3068,3089,3086,3056,2978,3160,3063,3036,3088,3000,3128,2925,3042,3091,3035,2962,2975,2990,3067,2926,2960,3037,3019,2971,3088,3042,2967,2909,3022,3018,3008,2955,3100,3019,3072,3131,2996,3002,2978,3100,2908,3147,3004,3066,3005,3083,3087,2989,3013,3062,3083,3105,3027,3118,3101,2987,3056,3048,2902,3054,3116,3127,3053,3005,3071,3005,3037,3046,3058,3043,3107,3171,3055,3069,3086,3076,3072,2992,2998,3067,3066,2942,3075,2971,3040,3023,3115,2990,3087,3090,3133,2922,3031,3094,3018
336,3360,neutral,3238,3148,3092,3174,3106,3115,3180,3238,3197,3086,3238,3186,3215,3088,3128,3169,3205,3241,3151,3057,3263,3194,3124,3240,3130,3286,3303,3188,3275,3105,3204,3114,3193,3235,3052,3142,3214,3223,3181,3073,3171,3171,3196,3066,3231,3043,3245,3200,3186,3217,3335,3188,3243,3178,3094,3122,3135,3180,3157,3263,3214,3326,3292,3267,3155,3194,3076,3117,3132,3150,3235,3102,3211,3188,3101,3229,3238,3135,3133,3236,3173,3184,3210,3244,3207,3135,3057,3228,3261,3210,3085,3179,3019,3185,3199,3203
337,3370,neutral,3180,3028,2952,3035,3123,3055,3025,3074,3139,3058,3094,2989,3093,3061,3065,3124,3031,3208,3231,3146,3011,3180,3107,3149,3012,3035,2932,3042,3144,3039,2964,3029,3140,3091,3048,3059,2964,3040,3091,3108,3070,3005,3039,3071,3054,3069,3133,3044,3086,3032,3028,3087,3021,3072,3018,3026,3059,3074,3121,3062,3126,3013,3099,3040,3148,3099,3179,3009,3125,3117,2955,3086,3077,3118,3181,3051,3059,3171,3123,2999,3078,3066,3123,3066,3093,3006,3027,3024,3110,3008,3070,3028,3059,3055,3124,3073
338,3380,neutral,3111,3099,2993,3110,3090,2930,3153,3084,3098,3025,3123,3085,3084,3085,3160,3062,3059,3049,3083,2982,3023,3137,3091,3119,3133,3040,3189,3048,2994,3130,3086,3072,3118,3072,3034,3189,3124,2982,3093,3138,3041,3138,2938,3070,3094,3165,3058,3131,3070,3125,3058,3077,3167,3109,3002,3106,3014,3018,3149,2991,3043,2899,3071,3039,3203,3062,3160,3033,3087,3112,3171,2998,3135,3079,3102,3064,3022,3057,3132,3003,3203,2993,3125,3066,3068,3139,3023,3090,2993,3076,2997,3011,3053,3049,3062,3080
339,3390,neutral,3024,3096,3085,3070,3065,3080,3115,2961,3091,2981,3035,3059,3046,3136,3055,3093,3006,3050,3065,2966,2993,3144,3043,3070,3057,3121,3158,3101,3044,3061,2984,2948,3072,2991,3090,3043,3098,3124,3147,3083,3097,3066,3122,3074,3233,3058,3011,3115,3019,2960,3084,3134,3091,3042,3069,3059,2968,3063,2950,2955,3021,3006,3072,3011,2995,2987,3071,2949,3081,3027,3078,3054,3160,3116,3141,3042,2966,3071,3138,3074,3037,2998,2955,3172,3091,3115,3119,3099,3108,3092,3135,3028,3049,3220,3187,3147
340,3400,neutral,3084,3070,3086,2905,3097,3022,2928,2960,3023,2937,2968,3028,2922,3105,2958,3107,3002,2980,3026,3050,3060,2941,3061,3101,3063,3146,3009,3124,3055,2996,3041,2941,3101,2985,3065,2994,2958,3071,3032,3080,3016,3020,3092,3064,2987,2953,3064,2977,3017,2965,3072,3069,3086,3019,2899,2972,3054,3081,3029,2934,3028,2856,3004,3032,3050,3029,3038,3173,3050,3037,3087,3099,3087,3021,3144,3013,3063,3021,2921,3088,2969,3011,3051,2962,3029,3058,3036,2994,3006,3089,3117,3031,3117,2948,3029,2985
341,3410,neutral,3043,3014,3052,3018,3084,3006,3095,3119,3017,3035,2980,2998,2993,3049,3102,3020,3081,3094,3145,3104,3081,3035,2885,2956,2981,2900,3016,3113,3046,2953,2923,3055,2974,3124,3064,3010,3044,3058,2984,3012,3004,3036,3060,3200,3084,2941,3110,3062,2948,3044,2949,2907,2919,2948,3036,3073,3099,3223,3027,3090,2929,2952,3128,3157,3021,3071,3080,3123,3064,3158,3120,3117,3071,3057,2988,3111,3127,3050,3039,3051,2986,3197,3170,3108,3173,3046,3044,3058,3120,3101,3070,3103,3077,3000,3133,3060
342,3420,neutral,3036,2858,2973,3119,2927,2980,2937,2950,3027,2952,2909,3001,3030,2984,2964,2983,2892,2988,3090,3120,3025,3038,2964,3071,2945,2987,3048,3042,2927,2895,2846,3025,2935,2975,2844,3011,2917,3062,2980,2993,2855,2981,2961,3005,2831,3007,2922,2971,3004,3053,3111,2994,2948,3042,3035,3051,3003,2949,2987,2954,2968,3094,2995,2836,3077,3067,3071,3086,3007,2933,2990,2952,3009,2897,3067,3018,2968,3000,2977,3005,2895,2935,2922,3006,2901,2912,2895,3056,2889,3057,3019,2961,2935,3000,3060,2910
343,3430,neutral,3163,3095,3211,3162,3241,3017,3114,3150,3244,3073,3182,3188,3138,3207,3180,3152,3246,3101,3184,3207,3137,3292,3108,3206,3123,3093,3048,3187,3202,3235,3156,3147,3060,3106,3165,3162,3071,3010,3043,3070,3033,3044,3053,3088,3093,3116,3069,3165,3119,2991,3054,3158,3104,3018,2991,2983,3054,2997,3050,3120,2981,3061,3012,2979,3214,3008,3012,2970,3059,3047,2958,3010,3103,3036,2938,3132,3077,2983,3026,3031,3065,3093,2983,3054,3132,3080,2980,3113,2989,2943,3087,3022,2979,3072,2974,2974
344,3440,neutral,3026,3094,3119,3136,3191,3031,3020,3189,3039,3045,3138,3075,3165,3087,3063,3021,3017,3042,3124,3088,3115,3033,3011,3009,3141,3028,3039,3117,3090,3039,3150,3105,3160,3125,3041,3009,3114,3062,3014,3024,3181,3054,3105,3061,3047,3098,3067,3064,3122,3086,3119,3024,2993,3111,3084,3120,3133,3030,3053,3060,3019,3117,3093,3072,3149,3198,3235,3087,3108,3135,3078,3226,3046,3066,2997,3100,3111,3079,3094,3042,3048,3067,2992,3061,3014,2997,2943,3095,3068,3074,2975,3066,2984,3087,3069,3089
345,3450,neutral,3090,2952,3054,3149,3107,3169,3134,3074,3198,3095,3109,3162,3144,3096,3123,3112,3104,3110,3062,3011,3144,3207,2992,3118,3023,3137,3031,3158,3043,3184,3220,2997,3077,3185,3081,3167,3128,3055,3053,3047,3130,3144,3048,3118,3046,3156,3130,3050,3097,3106,3119,3060,3149,3209,3112,3100,3040,3093,3070,3022,3054,3022,3139,3096,3195,3139,3104,3005,3102,3067,3097,3096,3114,3174,3180,3123,3083,3059,3166,3120,3098,3129,3054,3016,3046,3055,3177,3114,3065,3154,3036,3135,3062,3103,3091,3198
346,3460,neutral,3165,3206,3051,3150,3045,3079,3093,3140,3193,3062,3133,3061,3025,3053,3131,3053,3158,3057,3103,3205,3208,3199,3164,3170,3182,3225,3059,3206,3156,3110,3054,2993,3106,3067,3107,3070,3074,3052,3066,3013,3063,3111,2999,3132,3059,3123,3221,3089,3187,2950,3130,3030,3105,3057,3046,3134,3032,3097,3135,3113,3165,3156,3123,3027,3149,3154,3221,3098,3044,3185,3045,3003,3144,3114,2960,3049,3127,3182,2933,3099,3174,3138,3104,3158,3099,3030,3225,3090,3133,3073,3089,3134,3043,3166,3101,3137
347,3470,neutral,3075,3004,3073,3066,2999,3040,3099,3052,3091,3158,3116,2971,3010,3136,2997,3072,3020,3179,3145,3156,3041,3024,3000,3085,3003,3107,3047,3136,2985,3052,3114,3119,3071,3087,2977,3193,3114,3061,3088,2927,3078,3064,3131,3122,3031,3075,3121,2952,3070,3031,3131,3049,2983,2977,3020,3054,3085,3113,3076,3119,3134,3025,3178,3119,3125,3016,3128,2995,3053,2924,3166,3116,3067,3050,3025,3020,3140,3003,3059,3015,3059,3015,3043,3071,3140,3058,2964,3049,3128,3094,3092,3170,3047,3102,2992,3066
348,3480,neutral,3002,3082,3085,3093,3023,3068,2965,3174,3041,3266,3091,3039,3069,2970,3127,3118,3068,3091,3075,3154,3033,3153,3170,3223,3015,3087,3137,3118,3001,3129,3143,3163,2976,3041,3090,3036,3101,3092,3029,3008,3022,3040,2958,3015,2994,3129,3051,2906,3078,3096,3139,3056,3125,3151,3100,3173,3103,3119,3077,3093,3038,2961,3151,3087,2985,2995,3153,3047,3072,2959,3095,3094,3085,3061,3116,3014,2993,3133,3054,3120,3221,3041,3020,3150,3065,3076,3095,3182,3055,3038,3163,3133,3042,3030,3069,3158
349,3490,neutral,3104,3074,3018,3073,3102,3053,3061,3081,3149,3049,3135,2991,3045,3113,3130,3114,3035,2991,2990,3072,3033,3033,3074,2941,3117,3073,3067,3025,2992,3130,3044,3135,3108,3041,3013,3087,3025,3086,3101,3060,2963,3035,3184,3041,3021,3113,3130,3156,3034,2992,3108,3013,3083,3096,3081,3110,3014,3094,3099,3059,2998,2924,3142,3100,2913,3126,3054,2991,3054,3000,3027,3005,3147,3062,3015,3052,3074,3085,3004,3040,3063,3088,3000,2985,2970,2896,3037,3011,3133,3059,3017,3180,3175,3004,3092,3196
350,3500,neutral,2976,3000,2983,2913,3152,3031,2971,3065,3047,2974,2973,3148,3185,3010,2996,2996,3038,3089,2902,2997,2999,2964,3001,2998,3019,3131,3063,3022,3055,3022,2990,3021,3094,3128,3031,2990,3025,3059,3115,2972,2974,3024,3014,3021,2986,3079,2934,3072,2991,2969,3017,2986,3022,3052,3009,3161,3087,3066,2953,3089,2992,3056,3045,3007,3028,3024,2884,3092,2984,3024,3008,3086,3107,2940,2980,3015,3064,3120,3059,3059,3031,3072,3024,2991,3113,3036,3017,3068,3030,3062,3015,3030,2997,3000,3096,3112
351,3510,neutral,3135,3100,3028,2916,3023,3003,3017,3078,2985,3037,3094,3134,3031,3020,3017,3154,3073,2980,3083,2978,2943,3049,3079,3070,3103,3170,3110,3050,3039,3081,3015,3004,3031,3069,2959,3113,3085,3111,3100,3051,3034,3038,3025,3047,3056,3104,2997,3053,3084,3058,3051,3023,3137,3014,2955,2934,3087,3114,3074,3073,2976,3126,3035,3019,3141,3049,3176,3026,3186,2979,3106,3078,3080,2982,3112,3018,3103,3200,3011,3025,3022,3112,2966,2986,3012,3092,3044,3090,3076,3084,3131,3044,3036,3078,3004,2964
352,3520,neutral,3114,3064,3112,3179,3157,3139,3224,3087,3219,3132,3135,3210,3055,3179,3128,3173,3172,3108,3180,3240,3010,3189,3156,3149,3257,3119,3176,3176,3171,3184,3232,3137,3124,3174,3180,3036,3186,3236,3013,3139,3167,3142,3096,3225,3115,3125,3129,3149,3180,3180,3043,3204,3181,3154,3109,3239,3112,3078,3050,3131,3117,3173,3201,3096,3177,3155,3140,3208,3090,3202,3192,3105,3205,3237,3267,3082,3028,3131,3178,3010,3126,3105,3015,3161,3114,3122,3094,3157,3116,3026,3042,3155,3048,3079,3166,3182
353,3530,neutral,3122,3206,3149,3098,3177,3132,3058,3128,3213,3181,3246,3125,3265,3132,3075,3238,3230,3120,3112,3264,3106,3112,3111,3094,3060,3141,3147,3125,3208,3176,3155,3079,3134,3110,3134,3160,3092,3034,3148,3071,3012,3037,3139,3096,3073,3022,3023,3087,3120,3104,3159,2975,3081,3166,3047,3034,3116,3071,2976,3170,3163,3136,3096,3103,3086,3048,3017,3049,3042,2963,3022,3057,3036,3030,3058,3176,3105,2979,3207,3050,3143,3105,3024,3201,3005,2993,3083,3086,3044,3055,3164,3041,3224,3106,3072,2971
354,3540,neutral,2990,3059,3148,3002,3071,3080,3038,3155,3022,3013,3178,3015,3117,3056,2990,3049,3097,3004,3066,3026,3030,3011,3053,3069,3091,3081,3090,3068,3012,3017,3069,3031,3084,3068,3160,3056,3080,2999,3050,3204,2986,3071,3039,2940,3049,3100,2947,2980,3033,3021,3000,3173,3012,3203,3119,3065,3010,3042,3084,3052,3130,3140,3150,3118,3030,3003,2983,2980,3044,3104,3058,3102,3080,3113,3059,2889,3000,3102,3078,3038,3125,3095,3129,3080,3037,3011,3060,3086,3080,3113,3103,3055,3087,3085,3034,3004
355,3550,neutral,3183,3095,3095,3145,3260,3171,3045,3051,3185,3193,3145,3116,3033,3120,3134,3199,3138,3124,3171,3048,3197,3197,3035,3123,3023,3048,3174,3112,3103,3091,3203,3121,3188,3049,3232,3150,3131,3263,3131,3188,3196,3113,3045,3079,3213,3120,3220,3143,3122,3046,3163,3168,3190,3191,3178,3240,3108,3088,3096,3147,3151,3095,3162,3106,3101,3180,3162,3289,3115,3117,3183,3202,3104,3141,3148,3140,3122,3199,3136,3120,3136,3027,3135,3169,3144,3168,3193,3088,3091,3147,3078,3034,3175,2950,3115,3101
356,3560,neutral,3046,2991,3074,3168,3007,3111,3085,3110,3073,3113,3099,3043,3093,3057,3097,3076,3078,3169,3078,3118,3030,3100,3095,2958,3078,3083,2964,2973,3004,3006,3076,3075,3071,3089,3148,2979,3089,3035,3073,3038,3080,3158,3034,3082,3154,3058,3092,3088,3128,3093,2942,2996,2973,3041,3067,3036,3039,2972,2958,3022,3051,3028,3043,2936,3057,3102,3119,3012,2966,3138,2970,3129,3096,3075,3062,3050,3008,3066,3125,2976,3158,3092,3004,2917,3127,3006,3012,2984,3138,2968,3045,3125,3173,3001,3128,3076
357,3570,neutral,3200,3310,3220,3140,3241,3288,3210,3226,3175,3103,3180,3269,3218,3298,3112,3268,3200,3301,3246,3231,3183,3099,3121,3196,3104,3195,3257,3315,3155,3138,3241,3148,3125,3148,3215,3227,3136,3189,3196,3111,3230,3120,3120,3263,3176,3069,3162,3142,3248,3100,3190,3071,3176,3129,3179,3084,3190,3024,3108,3091,3165,3185,3129,3245,3187,3082,3178,3245,3159,3154,3149,3165,3187,3258,3104,3088,3118,3187,3202,3142,3310,3274,3178,3133,3183,3190,3138,3226,3096,3186,3081,3137,3093,3154,3131,3161
358,3580,neutral,2995,3084,3072,3039,3053,2978,2966,3017,3097,3003,2958,2935,2977,2930,2965,3048,2975,3061,2922,2936,3021,2971,2963,3098,3053,3002,3130,3088,3118,3039,3095,2956,2984,3036,2940,2975,3043,3110,3025,3047,2971,2998,3037,3046,3077,3067,3038,3044,3040,2951,2949,2983,2890,3079,2951,3093,3009,2996,3044,3008,3036,3034,2914,2968,3101,2951,2991,2924,3053,3037,3110,2926,2995,2980,3004,2924,2972,2929,2853,2930,3005,3090,2922,2955,3005,2939,3062,3017,3032,2937,3074,3019,3027,2978,3082,3011
359,3590,neutral,3060,3173,3032,2974,3055,2997,3048,3047,3080,3053,2997,2915,2989,2852,3004,3017,2996,3050,3025,3077,3009,2990,3126,3004,2987,3030,3065,3033,2993,3073,2984,3133,3134,3043,3065,2999,3099,3074,3120,2999,3047,3058,2971,3188,3127,2992,3188,3108,3158,3064,3079,3031,3113,3034,2909,3020,2998,3016,3056,3056,3040,3050,3107,3109,3013,3063,3094,3018,3000,2937,3054,3116,2992,2927,3034,2873,2997,3064,3038,3064,2949,3120,3008,3016,3113,3106,2949,3173,3129,3045,3071,2883,3156,3081,3029,3153
360,3600,clench,3081,3086,3004,2996,3006,3074,3181,3084,3068,3193,3023,3076,3130,3052,3063,3096,3052,3156,3115,3164,3152,3067,3022,3047,3107,3063,3180,3119,3126,3056,3086,3100,3104,3051,3172,3038,3149,3076,3038,3025,3048,3014,3128,3048,3064,3044,3090,3011,3066,3086,3125,3087,3023,3143,3088,2985,3065,3188,3056,3063,3054,3070,3083,3097,3362,3297,3187,3333,3241,3210,3322,3312,3234,3256,3288,3266,3298,3193,3263,3196,3205,3297,3323,3192,3263,3382,3246,3241,3234,3354,3251,3206,3290,3067,3252,3321
361,3610,clench,3124,3096,3141,3173,3195,3211,3163,3009,3226,3188,3290,3092,3223,3249,3160,3196,3276,3161,3234,3186,3231,3184,3166,3230,3039,3167,3216,3228,3096,3070,3150,3168,3060,3276,3244,3091,3080,3210,3229,3185,3102,3117,3232,3148,3152,3111,3154,3127,3209,3244,3183,3180,3114,3130,3120,3102,3116,3084,3157,3024,3144,3076,3096,3137,3385,3468,3365,3282,3339,3345,3283,3320,3373,3447,3398,3283,3235,3333,3356,3340,3372,3381,3308,3272,3315,3329,3228,3288,3389,3374,3384,3503,3338,3441,3332,3326
362,3620,clench,3135,3219,3232,3207,3187,3175,3097,3188,3142,3175,3228,3174,3107,3270,3294,3283,3141,3192,3147,3200,3107,3103,3197,3127,3240,3188,3128,3162,3050,3147,3050,3113,3204,3222,3185,3176,3169,3298,3137,3348,3180,3237,3123,3070,3071,3184,3209,3321,3113,3131,3158,3175,3129,3135,3204,3103,3217,3083,3191,3199,3235,3210,3116,3058,3307,3211,3365,3363,3329,3326,3421,3336,3348,3388,3356,3281,3403,3398,3311,3476,3280,3363,3356,3305,3196,3312,3324,3466,3265,3397,3444,3299,3328,3375,3388,3431
363,3630,clench,3155,3157,3125,3112,3183,3135,3084,3121,3132,3068,3190,3169,3068,3094,3044,3010,3173,3170,2969,3079,3039,3126,3123,3075,3086,3184,3100,3029,3092,3132,3064,3129,3096,3158,3140,3031,3193,3088,3181,3078,3042,3133,3076,3212,3188,3240,3108,2996,3091,3094,3112,3124,3129,3177,3074,3056,3050,3091,3053,3049,3066,3058,3039,3082,3377,3279,3211,3293,3367,3239,3299,3312,3334,3260,3346,3339,3222,3327,3371,3296,3265,3304,3247,3215,3168,3227,3233,3388,3297,3267,3309,3211,3284,3353,3242,3280
364,3640,clench,3038,3016,3021,2999,2968,3146,3078,3078,3100,3046,2996,3194,3095,3081,3012,3102,3086,3036,3073,3195,3104,3089,3101,3093,2974,3139,3089,3013,3122,3064,3144,3065,3058,2992,3116,3087,3023,3035,3086,3083,3065,2994,3030,3072,3202,3011,3024,3071,3002,3081,3117,3107,3141,3092,3049,3066,3037,3060,3098,3012,3030,3160,2953,3023,3217,3263,3206,3136,3179,3176,3259,3314,3134,3214,3132,3269,3275,3288,3284,3201,3238,3232,3253,3257,3247,3328,3224,3251,3243,3182,3161,3269,3333,3193,3247,3263
365,3650,clench,3159,3043,3176,3139,3194,2991,3214,3314,3080,3117,3192,3181,3104,3227,3238,3119,3106,3182,3092,3138,3127,3188,3063,3114,3157,3000,3059,3275,3176,3158,3138,3173,3258,3187,3132,3211,3191,3302,3171,3209,3156,3171,3195,3065,3163,3164,3116,3208,3172,3144,3169,3211,3196,3127,3070,3179,3168,3179,3138,3115,3082,3189,3088,3094,3344,3387,3389,3380,3267,3269,3341,3250,3368,3341,3352,3374,3256,3316,3361,3318,3411,3355,3311,3319,3273,3333,3358,3363,3287,3280,3353,3266,3338,3297,3321,3304
366,3660,clench,3183,3172,3141,3207,3055,3075,3066,3078,3004,3111,3052,3094,3126,3052,3080,3000,3058,2945,3127,3083,3018,3060,3046,3123,2992,2975,3091,3119,3158,3102,3039,3010,3134,3190,3131,3273,2920,3167,3066,3121,3056,3046,3042,3034,2986,3101,3127,3100,3079,3105,3057,3089,3049,3036,3082,3088,3040,3027,3105,2930,3102,3073,3141,2988,3340,3294,3254,3371,3282,3315,3339,3270,3223,3273,3203,3282,3165,3214,3340,3206,3160,3232,3197,3209,3300,3242,3245,3251,3184,3244,3253,3196,3119,3280,3143,3213
367,3670,clench,3104,3146,3104,2987,3063,3223,3067,3089,3063,3023,3104,3051,3155,3100,3131,3123,3082,3201,3081,3100,3067,3073,3064,3225,3078,3073,3090,3095,3090,3154,3076,3054,3131,3103,3151,3123,3087,3105,3158,3059,3065,3116,3096,3076,2997,3119,3044,3171,3056,3153,3079,3171,3091,3132,3140,3075,3103,3185,3128,3086,3296,3128,3144,3149,3301,3368,3295,3274,3283,3334,3227,3245,3295,3222,3319,3272,3309,3307,3305,3300,3305,3158,3254,3296,3214,3231,3254,3285,3270,3134,3294,3224,3175,3283,3186,3286
368,3680,clench,2997,3082,3115,3082,3052,3079,3106,3153,3134,3134,3150,3207,3198,3057,3126,2967,3064,3142,3140,3080,3125,3175,3199,3127,3150,3168,3136,3116,3086,3327,3104,3073,3026,3098,3140,3102,3085,3124,3068,3154,3116,3144,3125,3138,3115,3110,3113,3153,3145,3143,3036,3123,3131,3064,3099,3069,3130,3015,3103,3023,3109,3016,3186,3198,3395,3175,3234,3354,3356,3311,3262,3333,3289,3292,3334,3231,3204,3292,3274,3300,3202,3248,3268,3213,3290,3213,3230,3359,3319,3319,3328,3287,3341,3231,3199,3306
369,3690,clench,3095,3130,3075,3004,3117,3071,3145,3007,3188,3099,3130,3106,3047,3033,3140,3159,3142,3121,3007,2978,3048,3046,3144,3034,3005,3031,3055,3066,3103,3006,3076,3092,3065,3129,3193,3054,3093,3167,3132,3051,3112,3125,3187,3002,3083,3076,3053,3042,3039,3142,3166,3074,3185,3111,3097,3124,3040,3129,3189,3084,3109,3094,3095,3072,3172,3215,3304,3306,3207,3470,3288,3209,3222,3191,3291,3249,3211,3213,3246,3178,3157,3314,3337,3284,3345,3217,3298,3242,3243,3301,3200,3312,3363,3272,3235,3193
370,3700,clench,3144,3136,3183,3183,3027,3030,3055,3119,3117,3064,3101,3203,3114,3201,3108,3162,3209,3158,3135,3134,3092,3066,3083,3059,3109,3165,3165,3122,2975,3079,3068,3071,3146,3129,3032,3179,3101,3094,3045,3166,3178,3194,3154,3043,3064,3022,3009,3114,3064,3236,2993,3067,3043,3093,3239,3116,3162,3162,3087,3037,3142,3044,2965,3209,3361,3419,3376,3355,3267,3254,3302,3395,3258,3212,3363,3300,3372,3302,3283,3237,3272,3332,3256,3188,3142,3275,3228,3264,3282,3304,3271,3389,3205,3245,3236,3178
371,3710,clench,2989,3193,3132,3036,3068,2998,2927,3064,3134,3074,2981,3134,3039,3093,3148,3146,2976,3064,2861,3036,3103,2991,3045,3058,3007,3042,3062,2969,3011,3014,3088,3031,3029,3045,3120,3099,2983,3024,2950,3050,2977,3047,2934,3085,3100,3105,2981,3143,3035,3049,3035,3074,3039,3130,3103,3035,2970,3186,3058,3036,2922,2940,2957,2980,3326,3243,3225,3237,3205,3206,3194,3279,3142,3273,3222,3276,3300,3335,3206,3307,3274,3335,3286,3255,3196,3253,3264,3223,3268,3143,3228,3125,3198,3133,3208,3152
372,3720,clench,3022,3156,2975,3158,3032,3216,3094,3034,3038,3083,2981,3047,3020,3199,3072,3083,3091,3107,3122,3043,3059,3086,3042,3099,3120,3035,3079,3063,3124,3034,3060,3057,3082,3095,3004,3040,2966,3107,2967,2974,3109,3055,3043,2987,3056,3148,3143,3075,3095,3060,3010,3011,3050,3012,3186,3026,3076,3170,3034,3067,3031,2973,3097,3011,3192,3234,3257,3297,3178,3263,3233,3263,3190,3222,3295,3292,3205,3206,3276,3153,3155,3184,3160,3248,3157,3219,3301,3216,3255,3150,3274,3248,3277,3326,3121,3237
373,3730,clench,2979,2886,2989,2960,2942,2976,3161,3037,3004,3015,3059,2892,2954,2989,2955,3120,3022,3006,3011,2964,2941,3099,2953,2979,2999,3100,2870,3108,2949,2990,2904,2941,2939,3000,3011,2907,2871,2858,2958,3095,2864,2954,2997,2963,2956,3024,3046,3013,2979,3013,3000,3075,2986,3101,3042,3039,3049,2887,2970,3048,2993,2946,2946,3010,3029,3188,3226,3131,3198,3111,3220,3254,3053,3029,3189,3088,3057,3154,3211,3204,3158,3165,3218,3133,3177,3155,3180,3213,3137,3106,3201,3132,3167,3250,3217,3245
374,3740,clench,3136,3226,3120,3229,3107,3202,3179,3148,3168,3138,3018,3209,3195,3124,3110,3116,3075,3158,3275,3177,3236,3172,3171,3109,3195,3200,3180,3118,3176,3190,3106,2970,3118,3182,3145,3102,3078,3108,3024,3089,3216,3137,3133,3123,3155,3238,3119,3262,3132,3099,3032,3120,3200,3184,3024,3122,3201,3227,3252,3064,3198,3294,3173,3103,3326,3284,3278,3347,3279,3265,3335,3213,3277,3347,3302,3245,3305,3338,3231,3389,3366,3287,3340,3357,3321,3328,3262,3320,3289,3334,3241,3267,3187,3227,3277,3354
375,3750,clench,3067,3038,3005,3091,3039,3099,3061,3088,3115,3080,3142,3038,3033,3023,3018,3035,3058,2994,3026,3098,3046,3158,3065,3036,3064,3048,3086,3053,3005,2970,3065,3034,3047,2992,3046,3105,3057,3004,3078,3036,3083,3000,3030,3094,3073,3058,2953,3023,3059,3034,3105,3093,2949,3072,3090,3051,3041,3087,2948,3146,3048,3009,3074,3039,3254,3245,3266,3230,3235,3202,3266,3217,3245,3159,3317,3253,3284,3208,3244,3205,3295,3180,3174,3312,3345,3238,3215,3127,3315,3227,3181,3249,3365,3310,3263,3402
376,3760,clench,3060,3123,3140,3089,3157,3213,3238,3200,3129,3132,3206,3148,3166,3234,3134,3105,3135,3082,3138,3143,3186,3035,3163,3087,3052,3076,3159,3160,3149,3198,3163,3027,3099,3122,3170,3076,3100,3091,3161,3262,3132,3211,3135,3223,3082,3103,3170,3191,3112,3073,3067,3004,3003,3080,3072,3075,3113,3086,3061,2998,3183,3228,3133,3056,3307,3378,3441,3338,3425,3335,3386,3234,3318,3354,3222,3392,3257,3381,3241,3291,3301,3292,3319,3286,3214,3350,3223,3237,3347,3434,3258,3319,3233,3253,3226,3418
377,3770,clench,3141,3054,3051,3150,2992,3059,3209,3237,3097,3167,3110,3201,3026,3098,2979,3152,2986,3128,3205,3231,3076,3160,3188,3176,3144,3207,3124,3123,3076,3088,3164,3082,3131,3103,3169,3080,3131,3118,3148,3185,3098,3088,3177,3092,3105,3109,2989,3149,3072,3156,3196,3174,3092,3045,3240,3160,3049,3199,3175,3167,3091,3146,3005,3177,3317,3236,3406,3356,3242,3292,3307,3301,3446,3364,3256,3235,3404,3362,3356,3355,3335,3276,3332,3329,3354,3191,3252,3305,3241,3314,3151,3253,3349,3303,3271,3275
378,3780,clench,3028,3076,3096,2943,3077,3043,2931,3015,3167,2921,2982,3086,3008,3090,3063,3067,3029,3040,3027,3021,3127,3125,3014,3045,3065,3200,3025,3140,3030,3019,3019,3078,3024,3065,3004,2988,3005,2993,2978,3046,3030,3065,3022,3002,3137,3070,3152,2974,3041,2988,2983,2976,3059,3153,2985,3007,3057,3085,3010,3008,2995,3106,2934,2926,3242,3314,3305,3186,3302,3254,3252,3217,3184,3258,3304,3164,3183,3263,3231,3146,3265,3307,3249,3264,3173,3171,3166,3134,3299,3317,3141,3034,3158,3344,3192,3161
379,3790,clench,3073,3057,3044,3130,3042,3298,3061,3060,3106,3054,3166,3145,3016,3103,3081,3088,3111,3126,3102,3078,3133,3156,3160,3198,3181,3093,3146,3167,3165,3252,3079,3101,3117,3155,3086,3128,3110,3086,3128,3245,3189,3118,2969,3056,3020,3193,3230,3061,3089,3079,3090,3161,3175,3131,3193,3122,3054,3094,3085,3073,3035,3053,3148,3181,3341,3321,3269,3299,3328,3271,3399,3346,3385,3412,3246,3281,3412,3264,3254,3307,3268,3338,3252,3305,3390,3277,3320,3274,3281,3240,3215,3375,3308,3226,3277,3253
380,3800,clench,3053,3166,3068,3106,3110,3117,2994,3071,3104,3095,3082,3029,3078,3089,3114,3049,2982,3078,3111,3165,2944,3117,3165,3059,3065,3035,3055,3056,3121,3038,3099,3146,3336,3242,3273,3073,3125,3044,3185,3118,3086,3259,2991,3132,3079,3080,3141,2998,3161,3063,2965,3090,3057,3127,3085,3002,2966,3069,3107,3173,3095,3072,3005,3082,3216,3235,3308,3216,3246,3172,3359,3278,3209,3244,3343,3241,3252,3269,3318,3305,3328,3291,3310,3235,3250,3268,3238,3327,3369,3133,3340,3273,3165,3212,3248,3307
381,3810,clench,2992,3109,3070,3089,3138,3119,3026,3105,2953,3054,3071,2995,2987,3054,3023,3050,3125,3016,3176,3123,2993,3022,3053,3097,2991,3065,3001,2960,3119,2958,2973,3035,2969,2928,3082,2995,3026,2975,3124,3102,3108,3028,3122,3030,3134,3026,2931,2908,2977,3077,3013,3008,2920,2978,2963,2972,3108,3073,3016,3208,3160,3060,2989,3119,3308,3112,3264,3146,3263,3186,3223,3186,3291,3160,3230,3286,3212,3178,3255,3250,3249,3159,3169,3214,3215,3212,3145,3256,3255,3177,3168,3345,3267,3216,3237,3318
382,3820,clench,3065,3068,3039,3052,3092,3188,3152,3094,3016,3010,3052,3202,2996,3045,3170,3071,3083,3019,2965,3162,2974,3095,3096,3141,3042,3119,3108,3152,3132,3049,3075,3000,3068,3134,3117,3089,2991,3098,3146,3018,3055,3126,3079,2938,2941,3150,2954,3123,3024,3094,2968,2977,2964,3025,3132,3138,3154,2918,3068,3057,2991,3060,3067,3012,3247,3273,3099,3114,3235,3213,3170,3169,3206,3302,3160,3233,3264,3171,3128,3221,3158,3278,3231,3267,3279,3206,3224,3074,3279,3317,3142,3194,3255,3254,3196,3197
383,3830,clench,3130,3171,3058,3128,3185,3197,3150,3202,3038,3118,3177,3152,3177,3070,3049,3151,3125,3144,3156,3187,3090,3158,3288,3251,3160,3116,3064,3139,3218,3186,3159,3207,3111,3188,3227,3081,3087,3116,3206,3078,3227,3112,3032,3128,3180,3287,3211,3227,3120,3173,3041,3165,3153,3057,3235,3069,3079,3198,3089,3264,3284,3155,3279,3096,3457,3345,3356,3400,3440,3259,3272,3320,3254,3444,3333,3318,3306,3379,3383,3316,3274,3223,3211,3193,3386,3367,3299,3310,3357,3340,3211,3340,3375,3373,3258,3287
384,3840,clench,3218,3247,3175,3136,3117,3128,3095,3109,3082,3150,3111,3097,3216,3084,3186,3217,3116,3170,3127,3045,3140,3084,3167,3197,3136,3205,3076,3129,3231,3063,3126,3229,3114,3156,3155,3121,3049,3117,3191,3228,3116,3181,3098,3188,3162,3116,3154,3139,3104,3134,3157,3041,3126,3073,3189,3231,3177,3208,3057,3103,3195,3144,3095,3172,3296,3273,3305,3378,3320,3325,3300,3285,3365,3391,3238,3302,3354,3359,3331,3360,3347,3445,3384,3288,3324,3286,3403,3275,3371,3394,3224,3288,3256,3332,3307,3293
385,3850,clench,3023,3082,3103,3005,3049,3189,3059,3085,3151,3011,3077,3045,3002,3081,3196,3123,3113,3060,3099,3112,3026,3102,3054,3128,3022,3068,3077,3047,3142,3177,3113,3119,3102,3079,3104,3072,3081,3124,3100,3171,3089,3158,3000,3224,3115,3086,3093,3016,3047,3223,3079,3162,3049,3237,3213,2932,3193,3072,3082,3057,3116,3108,3060,3078,3341,3273,3216,3300,3295,3117,3338,3257,3274,3187,3196,3351,3307,3287,3350,3166,3224,3204,3208,3291,3254,3301,3234,3223,3291,3246,3280,3292,3377,3153,3272,3321
386,3860,clench,2942,3026,3045,3027,3091,3171,3106,3107,3094,3078,3069,2890,3022,3098,3025,3063,3033,3021,2946,3135,3032,3097,3084,3172,3138,2985,3081,3017,3116,3070,3111,3030,3218,3166,3030,3243,3054,3093,3166,3025,3088,3071,3073,3111,3057,3075,3058,3046,3020,3131,3030,2984,3044,3115,2987,2952,3077,3048,3116,3174,3202,3045,2996,3032,3209,3338,3276,3320,3269,3223,3187,3209,3231,3105,3243,3255,3272,3206,3255,3314,3198,3355,3204,3281,3340,3189,3285,3186,3241,3298,3222,3234,3314,3275,3329,3260
387,3870,clench,3056,3076,3240,3113,3115,3152,3222,3065,3102,3119,3048,3070,3183,3080,3049,3101,3031,3137,3115,3053,3193,3119,3089,3048,3018,3200,3047,3126,3062,2997,3066,3103,3080,3164,3128,3143,3086,3127,3210,3019,3207,3104,3020,3096,3095,3160,3132,3134,3074,3056,3146,3088,3120,3056,3094,3201,3126,3199,2999,3193,3113,3015,3006,2957,3285,3295,3303,3244,3232,3273,3206,3472,3284,3314,3310,3384,3256,3361,3231,3231,3344,3272,3388,3178,3330,3295,3279,3358,3265,3329,3424,3190,3336,3288,3285,3331
388,3880,clench,3113,3200,3205,3064,3177,3248,3053,3046,3072,3102,3159,3218,3090,3182,3124,3175,3225,3195,3211,3139,3180,3102,3121,3112,3094,3061,3250,3158,3103,3204,3195,3154,3107,3064,3185,3084,3095,3177,3192,3113,3164,3148,3158,3104,3100,3115,3181,3085,3220,3094,3148,3171,3283,3197,3198,3126,3121,3107,3140,3156,3151,3123,3228,3147,3371,3266,3257,3222,3230,3268,3204,3302,3304,3262,3333,3346,3406,3339,3288,3258,3313,3306,3340,3369,3408,3334,3254,3166,3246,3299,3282,3263,3319,3307,3289,3151
389,3890,clench,3013,3093,3034,3057,3087,3104,3069,3139,2927,3137,3076,3076,3058,2979,3115,3097,3148,3042,3110,3027,3146,3140,3046,3113,3057,3180,3136,3099,3149,3130,3096,3078,3133,3105,3084,3066,3064,2992,3155,3057,3091,3200,3124,3026,3182,2986,3069,3188,2999,3063,3172,3135,3111,3086,3061,3081,3100,3169,3081,3156,3099,3138,3150,3035,3236,3192,3260,3269,3267,3254,3316,3456,3268,3436,3273,3389,3286,3200,3309,3222,3293,3190,3296,3311,3343,3307,3249,3236,3194,3212,3256,3217,3385,3259,3238,3224
390,3900,clench,3192,3169,3184,3107,3010,3163,3113,3224,3124,3145,3171,3160,3195,3103,3217,3129,3134,3132,3080,3132,3128,3063,3130,3099,3055,3105,3264,3158,3053,3103,3103,3127,3039,3020,3096,3120,3111,3182,3227,3090,3190,3183,3174,3100,3141,3137,3063,3145,3163,3149,3077,3103,3123,3167,3142,3232,3146,3108,3153,3149,3145,3119,3240,3200,3295,3273,3272,3317,3316,3409,3251,3376,3226,3182,3296,3426,3284,3362,3349,3300,3347,3326,3267,3231,3247,3359,3412,3348,3288,3282,3361,3314,3289,3249,3268,3336
391,3910,clench,3090,3062,3211,3010,3015,3085,3110,3104,3143,3151,3067,3175,3075,3087,3095,3171,3064,3142,3144,3103,3126,3097,3079,3069,3076,3164,3104,3136,3068,3052,3141,3184,3147,3072,3110,3098,3028,3155,3122,3145,3193,3123,3085,3164,3095,3114,3104,3110,3067,2993,3088,3089,3097,3184,3075,3075,3140,3156,3081,3029,3067,3114,3119,3138,3225,3271,3336,3392,3215,3315,3247,3330,3217,3355,3284,3371,3285,3206,3180,3163,3330,3303,3108,3296,3371,3230,3387,3318,3269,3186,3252,3318,3198,3215,3306,3229
392,3920,clench,3157,3138,2997,3047,3157,3087,3171,2911,3047,3145,3113,3119,2958,3124,3209,3059,3099,3126,3087,3067,3098,3051,3072,3037,3080,3037,3113,3037,2980,2938,3001,3161,3086,3073,3054,3156,2992,3115,2971,3012,3084,3034,3073,3096,3162,3131,3061,3109,3146,3065,2897,3005,3019,2972,3157,2981,3090,2978,3088,3144,3128,2976,3042,3075,3259,3302,3297,3242,3314,3216,3179,3204,3165,3068,3297,3296,3323,3291,3177,3172,3336,3223,3280,3193,3273,3213,3224,3200,3180,3329,3336,3289,3304,3265,3256,3311
393,3930,clench,3087,3076,3090,3127,3120,3064,2996,3157,3092,3070,3089,2978,3126,3134,3068,3036,3019,3122,2996,3051,3105,3017,3071,3079,3004,3065,3063,3141,3039,3049,3081,3077,3099,3126,3094,2993,3076,3116,3023,3109,2997,3145,3137,2976,2952,3088,3034,2981,3073,3154,3092,3105,3113,3030,3133,3134,3037,3030,3070,2970,2962,3136,3181,3050,3230,3278,3172,3412,3266,3255,3307,3204,3285,3305,3236,3077,3339,3245,3264,3239,3362,3336,3193,3278,3252,3165,3342,3182,3215,3087,3174,3302,3352,3182,3240,3348
394,3940,clench,3011,3122,2981,3145,3019,3076,2974,3046,3127,3086,3224,3151,3084,3003,3108,3045,3149,3107,3036,3097,3043,2989,3052,3066,3129,3062,3086,3133,3060,3074,3044,3220,3069,3148,3108,3032,3034,3166,3127,3133,3101,3059,3065,3054,3023,3018,3147,3127,3124,3038,3081,3128,3093,3203,3060,3145,3066,3067,3234,3105,3052,3113,2980,3123,3332,3235,3239,3277,3336,3263,3279,3351,3261,3260,3175,3245,3262,3178,3128,3323,3197,3313,3283,3278,3239,3214,3270,3330,3174,3261,3159,3312,3247,3224,3290,3301
395,3950,clench,2993,3108,2931,3027,3073,2927,2990,3037,2988,3070,3071,2956,3035,2994,3016,3091,3068,3068,3003,2991,3017,2889,3018,3142,2996,2920,3059,2940,2997,3128,3068,3060,3088,3015,3056,3009,2977,3000,3036,2987,3134,3026,3044,3000,3077,3130,3128,2944,3037,3013,3059,3106,3136,2954,2949,2998,3044,3016,3054,3101,2975,3029,3013,3015,3106,3198,3202,3161,3128,3220,3211,3109,3313,3110,3190,3199,3225,3316,3147,3253,3212,3110,3119,3255,3152,3189,3128,3303,3161,3273,3190,3221,3150,3221,3116,3205
396,3960,clench,3132,2980,3163,3097,3273,3126,3104,3063,3034,3147,3129,3043,3023,3078,3159,3118,3081,3189,3081,3178,3132,3116,3023,3149,3170,3112,3129,3061,3017,3099,3101,3091,3081,3129,3097,3131,3040,3095,3164,3216,3128,3033,3115,3016,3051,3161,3193,3102,3052,3106,3118,3120,3007,3069,3073,3023,3048,3067,3202,3080,3124,3014,3095,3093,3235,3331,3299,3269,3283,3271,3366,3289,3262,3206,3252,3340,3223,3267,3326,3409,3373,3409,3303,3390,3341,3274,3405,3265,3310,3295,3176,3377,3221,3342,3257,3355
397,3970,clench,3021,3092,2972,2985,3177,2919,3068,3013,2875,3020,2957,3124,2967,2974,2928,2993,2905,2899,2938,2986,2994,2883,2915,2958,2986,2933,3009,2994,2873,3090,2895,2998,3120,3049,3007,3115,2955,3177,2915,3020,2926,3083,2917,2879,2970,2954,2859,2979,2962,3035,3064,2998,3015,2935,3071,3049,2853,2980,3048,3023,3019,2876,2901,3000,3172,3083,3167,3227,3099,3116,3139,3188,3231,3052,3214,3184,3233,3137,3149,3146,3171,3330,3197,3183,3110,3105,3202,3165,3237,3141,3210,3301,3069,3083,3125,3150
398,3980,clench,3207,3086,3277,3201,3221,3210,3113,3082,3219,3197,3316,3131,3226,3238,3174,3259,3059,3231,3206,3148,3262,3309,3269,3294,3287,3187,3096,3124,3266,3247,3140,3194,3171,3220,3304,3230,3129,3333,3157,3267,3214,3204,3253,3149,3222,3235,3178,3143,3201,3267,3239,3075,3166,3165,3231,3093,3265,3251,3244,3337,3185,3244,3218,3127,3371,3330,3363,3454,3301,3371,3338,3382,3390,3386,3272,3443,3331,3403,3257,3350,3364,3294,3322,3399,3342,3424,3453,3426,3374,3354,3394,3372,3483,3396,3483,3289
399,3990,clench,2996,3048,3169,3034,3177,3266,3018,3144,3106,3111,3168,3152,3060,3136,3131,3142,3160,3047,3165,3119,3101,3066,3000,3019,3063,3113,3001,3105,3050,3062,3108,3116,3087,3052,3199,3083,3082,3061,3063,3182,3096,3176,3105,3096,2945,3130,3109,3031,3016,3127,3103,3106,3069,3184,3011,3135,3092,3058,3119,3082,3105,3051,3212,3126,3209,3200,3232,3270,3318,3225,3236,3324,3203,3269,3211,3319,3344,3327,3104,3275,3313,3286,3411,3245,3256,3253,3231,3177,3286,3137,3258,3216,3272,3314,3196,3256
400,4000,clench,3036,3049,3157,2959,3037,3105,3073,3090,3171,3154,3132,3082,3152,3162,3156,3076,3092,3064,2951,3028,3026,3020,3117,3095,3013,3125,3013,3121,3101,3066,3054,3127,3173,3185,3049,3188,3036,3063,3285,3125,3087,3015,3089,3115,3016,3041,3069,3140,3115,3098,3092,3051,3141,3095,3127,3096,3002,3057,3054,3178,3110,2948,3037,3082,3402,3268,3219,3148,3259,3223,3110,3166,3252,3313,3175,3310,3286,3322,3088,3200,3256,3260,3225,3248,3304,3274,3288,3375,3285,3208,3255,3188,3346,3234,3387,3287
401,4010,clench,3053,3028,3018,3006,3025,3017,2985,3062,3021,3163,2999,2896,2999,2980,3009,2991,3015,3051,2877,3058,3116,3002,3012,2920,3128,3084,2900,2976,3152,2913,3046,2998,3074,2928,2888,3144,2994,3024,3108,3108,2956,2960,2958,2914,2974,3016,3039,3016,3001,2943,2944,3034,3088,2932,3013,2989,2914,3044,3024,2950,3032,3008,2896,2982,3166,3210,3216,3183,3262,3211,3179,3241,3286,3192,3131,3191,3173,3297,3207,3167,3221,3141,3265,3127,3198,3104,3207,3138,3187,3088,3284,3289,3187,3289,3227,3124
402,4020,clench,3124,3113,3098,3028,3074,3065,3081,3014,3108,3031,3154,3172,3009,3212,3095,3091,3145,3026,3015,3071,3089,3121,3009,3101,3180,3049,3062,3012,3074,3108,3029,3038,3231,2994,3067,3115,3122,3084,3084,3109,3053,3004,3081,3092,2986,3075,3055,3043,3061,3090,3130,3019,3135,3109,3116,3102,3080,3078,2999,3081,3016,2967,3016,3056,3319,3245,3311,3307,3234,3274,3208,3260,3216,3190,3136,3240,3253,3192,3305,3260,3230,3171,3281,3373,3249,3191,3225,3218,3238,3303,3283,3303,3136,3244,3257,3156
403,4030,clench,2974,3053,3015,3093,3106,3064,3104,2982,3007,3120,2975,3006,3127,2961,3048,3073,3081,3094,3084,3049,3050,3007,3075,3049,3067,2967,2972,3096,3070,3045,3110,3016,3006,3085,3025,2957,3126,2959,3160,3079,3076,3003,3103,2999,3132,3031,3000,3088,3121,2996,3015,2983,3018,3022,3025,3035,3013,3086,3005,3084,3166,3065,2955,2987,3292,3281,3140,3262,3306,3252,3256,3240,3224,3376,3167,3379,3097,3185,3193,3229,3205,3272,3206,3168,3245,3211,3170,3316,3278,3248,3265,3243,3268,3217,3115,3260
404,4040,clench,3142,3176,3234,3084,3280,3189,3101,3156,3232,3300,3247,3121,3196,3138,3072,3079,3139,3079,3230,3178,3175,3078,3176,3089,3069,3126,3129,3110,3080,3237,3158,3197,3066,3155,3074,3179,3072,3081,3171,3136,3126,3090,3139,3138,3054,3116,3040,3097,3195,3206,3164,3065,3141,3183,3077,3138,3242,3167,3144,3152,3104,3158,3139,3222,3350,3362,3349,3308,3329,3312,3320,3354,3373,3316,3375,3343,3343,3338,3322,3271,3330,3471,3267,3280,3360,3379,3368,3301,3334,3360,3295,3271,3301,3307,3306,3256
405,4050,clench,3096,3098,3007,2978,3093,3089,3109,2957,3143,3029,3028,3021,3164,3055,3147,3156,3034,3137,3123,3021,3165,3045,3135,3121,3018,3084,3078,3031,3087,3136,3114,3209,3095,3071,3006,3097,3047,3002,3134,3070,3104,3165,3099,3115,3041,2995,3123,3097,2995,3044,3128,3147,3160,3029,3103,3110,3100,3199,3034,3048,3054,3038,3054,3018,3161,3224,3161,3207,3163,3323,3245,3354,3228,3245,3225,3183,3204,3264,3185,3251,3174,3180,3299,3369,3191,3316,3196,3253,3323,3123,3313,3251,3291,3288,3179,3257
406,4060,clench,3108,3194,3255,3100,3096,3108,3174,3097,3159,3127,3259,3127,3044,3148,3085,3165,3152,3185,3132,3047,3189,3139,3157,3063,3157,3114,3113,3092,3112,3173,3161,3140,3242,3122,3059,3167,3074,3109,3152,3209,3168,3135,3043,3128,3075,3096,3147,3175,3123,3207,3015,3083,3104,3104,3124,3080,3162,3102,3209,3129,3112,3169,3097,3015,3300,3265,3334,3166,3217,3345,3256,3292,3253,3339,3341,3228,3332,3334,3222,3302,3267,3296,3347,3204,3220,3258,3415,3414,3299,3286,3301,3327,3179,3282,3365,3234
407,4070,clench,3218,3094,3192,3251,3193,3124,3191,3048,3116,3184,3062,3060,3218,3074,3231,3082,3152,3173,3142,3021,3170,3126,3124,3131,3206,3093,3079,3089,3199,3130,3123,3198,3157,3144,3134,3200,3114,3148,3124,3117,3065,3093,3200,3182,3142,3085,3153,3248,3022,3133,3201,3196,3127,3097,3135,3236,3024,3165,3165,3074,3145,3094,3119,3231,3370,3437,3364,3309,3341,3266,3300,3312,3267,3334,3218,3278,3349,3387,3308,3371,3330,3347,3283,3241,3234,3257,3272,3287,3297,3334,3372,3301,3273,3290,3327,3331
408,4080,clench,3084,3150,3051,3069,3108,3176,3120,3217,3172,3082,3076,3070,3126,3012,3092,3110,3113,3211,2966,3113,3108,3029,3038,3169,3161,3092,2980,3212,3055,3126,3156,3165,3115,3042,3184,3132,3057,2969,3156,3092,2959,3178,3087,3116,3122,3125,3065,3088,3148,3099,3128,3166,3153,3087,3096,2996,3078,3091,3096,3131,3082,3064,3035,3132,3325,3357,3381,3303,3320,3342,3274,3168,3261,3219,3275,3306,3362,3260,3414,3313,3259,3209,3354,3345,3436,3281,3274,3270,3259,3231,3348,3218,3232,3232,3332,3312
409,4090,clench,3057,2946,3128,3058,2994,3118,2927,3005,3113,3113,3109,3051,3185,2945,3022,3066,3094,3088,3017,3111,3227,2983,3007,3098,3039,2969,2934,3106,2959,2975,3038,3029,3026,3005,3064,3171,3082,3069,3181,3096,3037,3079,3010,3007,3008,3081,3043,2957,2940,3062,2954,3035,3020,3103,3004,3059,2974,3176,3061,3079,2964,3085,2995,3126,3201,3056,3310,3222,3247,3231,3096,3242,3214,3210,3236,3187,3237,3159,3149,3250,3284,3148,3197,3244,3177,3291,3337,3297,3232,3265,3265,3227,3234,3263,3113,3190
410,4100,clench,3102,2959,3121,3054,3104,3051,3017,3098,3094,3118,3064,2962,3110,3121,3083,3112,3061,3161,3095,3217,2974,3038,3091,3040,3009,3026,3046,3073,3099,3145,3084,3057,3140,3122,3137,2992,3108,3037,3066,3124,3084,3071,3185,3090,3093,3166,3090,3072,3111,3062,3154,3072,3132,3151,3126,3023,3022,3056,3024,2998,2962,3043,3070,3016,3221,3353,3280,3278,3374,3337,3277,3285,3267,3183,3253,3238,3347,3271,3272,3343,3208,3215,3260,3294,3260,3293,3220,3232,3241,3232,3279,3250,3314,3192,3341,3156
411,4110,clench,3034,3043,3006,3070,3096,3050,3175,3163,3055,3076,3156,3138,3171,2993,3050,3065,3047,3002,3190,3078,3069,3037,3181,3150,3132,2997,3113,3224,3089,3101,3122,3132,3296,3262,3266,3180,3238,3269,3219,3134,3194,3231,3150,3096,3201,3263,3177,3161,3220,3197,3121,3197,3180,3251,3179,3214,3290,3230,3143,3212,3253,3199,3223,3185,3141,3244,3194,3157,3182,3223,3158,3353,3145,3294,3107,3333,3128,3265,3123,3134,3203,3077,3236,3233,3178,3315,3181,3227,3151,3261,3179,3249,3223,3206,3203,3214
412,4120,clench,3314,3224,3124,3107,3241,3138,3210,3199,3059,3055,3292,3110,3134,3133,3159,3266,3141,3248,3122,3159,3191,3087,3157,3179,3121,3188,3110,3127,3190,3237,3125,3283,3053,3153,3169,3243,3101,3138,3139,3165,3104,3086,3108,3219,3168,3207,3113,3185,3236,3245,3189,3268,3139,3239,3189,3195,3072,3131,3227,3101,3178,3181,3104,3129,3307,3329,3382,3475,3313,3286,3315,3372,3300,3382,3347,3367,3272,3447,3313,3475,3425,3324,3259,3359,3370,3309,3391,3388,3444,3282,3426,3341,3291,3389,3301,3366
413,4130,clench,3111,3110,3194,3152,3085,3143,3122,3068,3084,3233,3099,3179,3172,3074,3101,3135,3279,3200,3115,3275,3094,3182,3135,2963,3161,3053,3143,3240,3075,3102,2998,3007,3072,3067,3066,3085,2999,3173,3103,3162,3156,3120,3080,3092,3022,3108,3048,3176,3073,3107,3090,3147,3122,3203,3054,3176,3140,3166,3022,3190,3158,3147,3098,3158,3330,3281,3293,3256,3362,3379,3237,3317,3268,3313,3296,3290,3303,3322,3350,3127,3310,3299,3186,3281,3352,3341,3352,3344,3221,3325,3266,3300,3254,3187,3295,3285
414,4140,clench,3093,3168,3089,3000,3160,3204,3031,3089,3002,3016,3037,3221,3059,3063,2990,3137,3064,3085,3175,3067,3049,3086,2992,2998,3064,3090,3035,3039,3103,3034,3171,3086,3051,2897,2969,3086,3053,3051,3134,3145,3106,3036,3010,3087,3037,3056,2970,3079,3137,3154,3066,3151,3133,3054,3122,3160,3009,3007,3111,2978,3110,3099,2998,3094,3145,3243,3176,3277,3223,3269,3232,3256,3204,3322,3241,3355,3201,3151,3231,3251,3245,3319,3257,3215,3179,3308,3215,3311,3228,3204,3374,3286,3242,3313,3279,3192
415,4150,clench,3065,2991,3004,3019,2981,3135,2918,3089,3041,3056,3140,3052,3059,3107,3084,3031,2982,3124,3099,2976,2954,3091,2966,3098,3071,3105,2986,3142,3094,3012,3081,3013,3118,3026,3085,3037,3032,3112,3156,3122,2986,3037,3112,3020,3051,3006,2970,3096,2957,3122,3047,3115,2989,3040,2976,3013,3051,3090,3088,3088,3132,2957,3007,3098,3244,3310,3319,3269,3383,3294,3292,3185,3314,3160,3288,3233,3189,3222,3197,3228,3191,3103,3275,3256,3242,3275,3266,3317,3161,3183,3224,3227,3134,3248,3296,3206
416,4160,clench,3015,3033,2987,3137,3075,2996,3050,3105,3073,3040,2913,3087,2996,2894,2980,3052,2935,3119,3088,3026,3052,2976,3018,2971,3090,3006,3036,3109,3137,2976,3093,2931,3039,3016,3015,2988,2991,3127,2984,3162,3042,3076,3047,2986,2976,3029,3032,3081,3068,3032,3045,3118,3124,3049,2946,3051,3069,3029,2971,3078,3041,3019,3038,3023,3376,3290,3135,3259,3263,3278,3203,3273,3209,3243,3219,3185,3187,3366,3137,3212,3232,3147,3214,3313,3265,3273,3230,3141,3316,3160,3324,3223,3288,3163,3233,3247
417,4170,clench,3062,2937,2967,2918,3121,3073,3064,3158,3035,3009,3104,3002,3087,2958,2985,3122,3023,3129,3138,3014,3031,2962,3007,3095,3163,3103,3046,3019,2960,2996,2975,2924,3055,3031,2896,2949,2967,3073,3058,2962,2948,3020,2997,3082,3145,3130,3085,3123,3059,3081,2966,3022,3057,3154,3076,3015,2989,3125,3098,2980,3059,3030,2945,3036,3118,3180,3083,3210,3201,3169,3282,3231,3096,3304,3250,3251,3271,3258,3242,3194,3201,3109,3180,3224,3290,3315,3304,3130,3233,3172,3118,3323,3245,3139,3282,3248
418,4180,clench,3086,3182,3086,3153,3162,3060,2970,3080,2908,3169,3103,2911,3070,3111,3121,3077,3047,3109,3042,3028,2966,3102,3131,2997,3041,2994,2974,3019,2961,3040,3050,3123,3164,3168,3199,3209,3172,3160,3211,3093,3182,3130,3211,3101,3140,3096,3140,3289,3133,3148,3085,3195,3175,3146,3111,3190,3115,3150,3151,3195,3190,3116,3140,3090,3103,3104,3102,3125,3157,3209,3182,3152,3148,3158,3108,3223,3126,3044,3120,3211,3116,3086,3076,3030,3054,2950,3206,3060,3191,3041,3202,3096,3126,3110,3020,3154
419,4190,clench,3030,3046,3107,3065,3065,3064,3010,3073,3004,3141,3009,3039,3069,3043,3061,3050,2978,2998,3168,3054,3002,2963,3068,2990,3043,3071,3130,3026,3110,3153,3124,3033,3030,3149,3096,3054,3065,3040,3043,2992,3126,3023,3077,3134,3033,3000,3097,2968,3075,3059,3027,3075,3102,2971,3042,2980,3011,3017,2963,3046,3059,3056,3046,3104,3356,3129,3237,3313,3289,3209,3253,3172,3335,3133,3268,3251,3207,3116,3226,3260,3333,3155,3207,3186,3243,3198,3214,3200,3190,3206,3295,3271,3238,3290,3285,3196
420,4200,clench,3044,3128,3070,3077,3073,3029,3022,3097,3243,3013,3153,3094,3240,3110,3103,3117,3030,3108,3158,3102,3168,3218,3174,3190,3213,3195,3080,3184,3078,3117,3115,3155,3079,3144,3031,3182,3036,3150,3170,3138,3144,3206,3159,3129,3243,3165,3058,3115,3053,3125,3122,3092,3183,3167,3034,3122,3193,3153,3208,3129,3078,3168,3172,3202,3451,3322,3186,3262,3359,3294,3226,3336,3213,3359,3283,3321,3341,3287,3226,3253,3267,3104,3248,3324,3298,3303,3272,3165,3384,3267,3314,3403,3333,3272,3305,3293
421,4210,clench,3012,3026,3047,3066,3078,2988,3091,3041,2999,2937,3016,3026,3004,3110,3059,3152,3100,3008,3170,3083,3029,3165,3114,3104,3066,3031,3070,2959,3049,2948,2954,2998,3036,3040,3011,3114,3102,3069,3028,3106,2995,3012,3037,3075,3146,3158,2894,3003,2925,3109,2957,3110,3111,3102,2955,3022,3055,3088,3123,3098,3117,3119,3072,3053,3146,3337,3186,3256,3170,3205,3363,3255,3280,3217,3220,3185,3306,3193,3104,3193,3100,3156,3293,3338,3251,3228,3295,3190,3273,3214,3315,3226,3212,3306,3268,3275
422,4220,clench,3206,3085,3288,3121,3139,3172,3127,3184,3261,3179,3135,3240,3175,3166,3073,3074,3228,3170,3181,3096,3135,3106,3173,3082,3205,3208,3156,3087,2986,3162,3171,3100,3088,3218,3207,3171,3096,3194,3211,3167,3146,3101,3148,3117,3214,3224,3208,3213,3112,3228,3147,3162,3172,3153,3205,3143,3135,3162,3254,3106,3145,3125,3233,3117,3289,3415,3260,3368,3334,3215,3338,3328,3380,3443,3399,3362,3281,3323,3334,3356,3454,3381,3314,3261,3308,3293,3273,3380,3442,3364,3441,3263,3300,3325,3257,3311
423,4230,clench,3107,3198,3051,3209,3133,3142,3164,3178,3166,3217,3152,3152,3208,3083,3145,3207,3148,3222,3162,3133,3218,3173,3108,3150,3167,3202,3131,3241,3130,3073,3167,3082,3215,3080,3167,3159,3135,3187,3210,3122,3105,3198,3219,3174,3177,3187,3178,3128,3174,3144,3133,3148,3075,3086,3180,3059,3202,3133,3124,3088,3120,3159,3237,3041,3356,3301,3291,3341,3368,3272,3282,3258,3357,3340,3325,3252,3359,3348,3262,3312,3399,3362,3332,3370,3209,3331,3270,3445,3377,3454,3330,3377,3415,3262,3298,3293
424,4240,clench,3006,3151,3281,3138,3039,3039,3113,3185,3061,3020,3139,3132,3049,3102,3125,3221,3004,3017,3070,3006,3054,3096,3101,3153,3070,3136,3219,3089,3153,3101,3135,3163,3053,3083,3026,3032,3130,3192,3097,3188,3092,3170,3118,3051,3144,3139,3153,3050,3056,3035,3125,3067,3182,3055,3046,3076,3070,3052,3096,3132,3075,3081,3169,3029,3381,3326,3377,3310,3420,3294,3291,3309,3337,3266,3183,3312,3229,3371,3223,3264,3280,3181,3316,3226,3280,3194,3217,3197,3268,3227,3242,3170,3236,3168,3297,3197
425,4250,clench,2998,3103,3021,3121,3011,3090,3079,2937,3047,2951,3061,2968,3081,3006,3001,3035,2999,3051,3032,3137,3087,3051,3089,3079,3066,3039,3071,3069,3153,3049,3034,3102,2999,2973,3032,3009,3054,3035,3122,3072,3107,3088,3090,3008,3136,2939,2984,3060,3059,3044,2958,3064,3044,3067,3111,3074,3137,3031,3031,3148,3094,2954,3113,3123,3242,3226,3305,3290,3291,3312,3277,3291,3338,3296,3240,3222,3236,3239,3213,3261,3259,3248,3302,3367,3316,3224,3243,3297,3258,3211,3150,3231,3126,3334,3292,3227
426,4260,clench,3052,3154,3156,2997,3071,3093,3019,3169,3089,3121,3107,3114,3118,3059,3075,3166,3049,3165,3165,3106,3021,2942,3124,3174,3029,3071,2996,3109,3150,3160,3055,3095,3170,3095,3155,3128,3112,3121,3096,3160,3194,3087,3115,3107,3069,2984,3136,3064,3008,3177,3171,3061,3056,3028,3072,3089,3042,3094,3131,2981,3203,3135,3138,3143,3292,3352,3285,3256,3301,3251,3197,3328,3256,3277,3155,3273,3362,3268,3167,3270,3298,3326,3232,3284,3210,3135,3225,3265,3444,3176,3198,3258,3211,3330,3236,3328
427,4270,clench,3129,3084,3155,3062,3039,3073,3067,3140,3089,3031,3124,3082,2957,2915,3099,3029,3130,3169,3124,3077,3088,3035,3017,3066,3085,2949,2980,3075,3000,3158,3086,2998,2948,3119,3110,3150,3108,3104,3008,3080,3031,3118,3193,3135,2952,3134,3179,3079,3172,3203,3062,2909,3120,3070,3005,3079,2997,3088,3038,3213,3034,3102,2996,3070,3262,3179,3225,3248,3283,3234,3137,3162,3370,3293,3260,3188,3310,3339,3233,3222,3203,3284,3256,3233,3115,3254,3145,3249,3143,3202,3333,3333,3209,3218,3312,3272
428,4280,clench,3025,3131,3123,3083,3092,3136,3030,3081,3089,3154,3054,3102,3115,3123,3023,3011,3104,2956,2965,3018,3070,3016,3117,3010,3118,3044,3134,2986,3069,3140,3113,3040,3085,3078,3079,3141,3176,3081,3066,3086,3080,3053,2987,3087,3043,3163,3092,3016,3154,3115,3061,3185,2993,3006,3047,3160,3084,2959,3161,3006,2995,2985,3069,2999,3189,3244,3162,3303,3225,3350,3300,3278,3309,3294,3176,3305,3270,3210,3263,3182,3321,3299,3260,3197,3290,3298,3218,3298,3253,3136,3296,3258,3271,3300,3280,3288
429,4290,clench,3058,3087,3053,3052,3110,2942,2998,3116,3035,3138,2877,3051,3077,3009,3045,3078,3073,3001,3004,3108,3064,3190,2943,3135,3103,3045,3055,2989,3012,3139,3082,3033,3054,3091,3214,3046,3154,3082,2962,3010,2971,3031,3074,3182,3134,2892,2986,2937,3031,3087,3070,3199,3097,2980,3027,3067,3083,3020,3156,3107,3091,2998,3170,2963,3357,3240,3303,3243,3179,3183,3146,3174,3208,3233,3251,3277,3255,3210,3311,3337,3308,3227,3203,3239,3230,3247,3269,3234,3230,3189,3212,3281,3335,3291,3253,3317
430,4300,clench,3116,3199,3131,3174,3157,3171,3173,3127,3235,3249,3110,3084,3039,3213,3193,3150,3181,3242,3219,3223,3199,3197,3167,3138,3077,3162,3108,3090,3049,3083,3101,3110,3131,3050,3121,3122,3154,3099,3207,3129,3090,3139,3110,3121,3171,3270,3133,3104,3134,3216,3144,3166,3051,3177,3191,3095,3149,3163,3170,3059,3120,3148,3192,3159,3454,3260,3344,3301,3348,3347,3236,3334,3262,3310,3241,3404,3273,3356,3285,3295,3246,3263,3396,3298,3195,3430,3377,3437,3326,3316,3252,3347,3412,3338,3365,3263
431,4310,clench,3187,3066,3053,3130,3095,3036,3194,3173,3085,3176,3126,3188,3168,3097,3112,3109,3063,3091,3023,3071,3154,2984,3081,3019,3113,3112,3191,3212,3156,3074,3203,3083,3119,3151,3063,3079,3233,3164,3170,3124,3134,3086,3020,3165,3179,3157,3015,3168,3129,3095,3044,3107,3156,3104,3177,3077,3139,2971,3113,3087,3179,3082,3308,3119,3278,3247,3241,3322,3169,3250,3324,3221,3361,3426,3444,3336,3343,3325,3247,3318,3278,3335,3381,3277,3346,3264,3287,3315,3339,3301,3394,3327,3275,3302,3290,3314
432,4320,clench,3036,3065,3099,3060,3036,3053,3127,3115,3176,3082,3024,3068,3046,3071,2892,3186,3012,2957,3154,3075,3171,3144,3041,3136,3084,3087,3016,3092,3032,3091,3116,3150,3067,3025,3094,3081,3126,3092,3073,3100,3046,3030,3114,2919,3038,3162,3103,3004,3169,3003,3121,3076,3083,3113,2984,3049,3059,3059,3080,3123,3089,3190,3030,3029,3175,3049,3265,3265,3372,3301,3250,3285,3233,3275,3256,3199,3234,3273,3236,3282,3366,3192,3148,3314,3333,3360,3175,3191,3234,3248,3233,3348,3313,3207,3275,3447
433,4330,clench,3099,3141,3123,3135,3152,3068,3173,3136,3079,3096,3064,3136,3087,3110,3107,3198,3046,3217,3141,3033,3148,3047,3012,3084,3067,3143,3061,3078,3174,3177,3095,2990,3184,3085,3057,3067,3126,3138,3129,3040,3085,3193,3178,3090,3021,3153,3056,3164,3224,3162,3069,3175,3086,3080,3213,3095,3117,3079,3182,3058,3077,3019,3229,3088,3263,3310,3282,3379,3321,3329,3335,3182,3301,3278,3244,3242,3374,3321,3398,3274,3348,3253,3337,3234,3306,3316,3324,3276,3337,3225,3285,3289,3260,3268,3441,3320
434,4340,clench,2946,3075,3016,3041,2910,3019,2959,2952,2975,2986,3006,2954,3019,3058,2934,2917,3020,3036,2941,3022,2925,2992,2994,2970,2917,2929,2997,2949,3009,3057,2937,2856,2898,3111,3082,3017,3103,3111,2992,3100,3096,3161,3049,3090,3064,3028,3105,3117,3143,2969,3196,3087,3182,3024,3103,3128,3071,3132,3077,2935,3051,3063,3056,3120,3046,3073,3257,3183,3121,3131,3084,3061,3143,3274,3111,3109,3162,3130,3139,3129,3101,3065,3105,3183,3100,3139,3116,3158,3140,3187,3143,3195,3251,3213,3112,3144
435,4350,clench,3111,3057,3099,3068,3158,3102,3194,3221,3151,3130,3172,3244,3216,3092,3168,3037,3123,3087,3021,3118,3080,3096,3130,3084,3129,3137,3024,3064,3077,3004,3062,3061,3163,3107,3113,3102,3107,3025,3086,2998,3192,3147,3131,3109,3103,3097,3063,3049,3177,3160,3044,3119,3197,3094,3083,3187,3098,3194,3090,3146,3195,3193,3083,3091,3241,3233,3380,3309,3343,3286,3225,3230,3324,3231,3321,3246,3238,3330,3312,3367,3277,3190,3275,3256,3243,3309,3326,3329,3228,3276,3332,3285,3240,3295,3235,3282
436,4360,clench,3189,3022,3152,3067,3160,3138,3110,3044,3045,3075,3152,3143,3090,3007,3148,2922,3149,3100,3077,3122,3071,3288,3021,2987,3049,3109,3122,3206,3142,3025,3061,3113,3088,3091,3194,3110,3141,3128,3150,3119,3134,3127,3009,3064,3133,3069,3134,3148,2985,3066,3071,3139,3137,2961,3109,3140,3159,3084,3016,3172,3080,3176,2987,3091,3306,3193,3403,3254,3289,3217,3256,3271,3301,3363,3233,3302,3269,3276,3225,3267,3327,3314,3303,3242,3168,3307,3285,3269,3316,3435,3326,3289,3359,3449,3267,3235
437,4370,clench,2988,2999,2974,3062,3139,3132,3109,3048,3117,3083,3171,3074,2989,2979,3004,3103,3013,3074,3104,2975,2967,2936,3055,3083,3110,2972,3028,3080,3094,3013,3042,3044,2916,2960,3215,2906,3073,3061,3043,2974,3090,3061,3071,2978,3173,3150,3098,3038,3112,3004,3181,3070,3083,2976,3093,3137,3064,3171,3099,3067,3087,2989,3107,3067,3272,3172,3200,3248,3231,3280,3390,3181,3282,3177,3178,3244,3311,3196,3263,3199,3323,3294,3303,3280,3266,3270,3163,3246,3261,3307,3206,3187,3238,3272,3278,3263
438,4380,clench,3181,3072,3110,3118,3006,3038,3137,3139,3147,3087,3083,3084,3259,3009,3099,3163,3030,3082,3069,3159,3065,3137,2985,3132,3134,3081,3085,3115,3032,3009,3063,2981,3131,3108,3140,3097,3113,3023,3021,3089,3061,3056,3060,3069,3099,3142,3124,3124,3081,3228,3129,3115,3070,3097,3079,3134,3144,3151,3178,3104,3107,3151,3072,3153,3330,3236,3308,3266,3213,3331,3306,3338,3307,3310,3176,3314,3266,3275,3224,3263,3302,3332,3336,3348,3292,3325,3254,3334,3250,3247,3229,3235,3299,3252,3350,3116
439,4390,clench,2988,3075,3192,3178,3122,3129,3101,3054,3110,3140,3120,3012,3215,3125,3130,3101,2995,3177,3248,3071,3108,3155,3183,3086,3115,3158,3123,3083,3022,3220,3225,3189,3165,3060,3038,2986,3157,3179,3241,3027,3041,3143,3136,3005,3114,3131,3233,3098,3131,3180,3222,3041,3085,3123,3199,3008,3152,3185,3177,3148,3155,3171,3223,3192,3348,3313,3247,3292,3354,3298,3323,3281,3306,3339,3327,3272,3426,3443,3275,3285,3178,3354,3411,3258,3305,3224,3296,3381,3381,3421,3304,3435,3207,3240,3291,3416
440,4400,clench,3151,2984,3224,3023,3083,3112,3104,3113,3118,2994,3189,3130,3105,2999,3196,3105,3176,3120,3046,3019,3133,3049,3102,3032,3079,3099,3156,3054,3095,3058,3062,3182,3141,3144,3098,2991,3085,3008,3076,3126,3108,2934,3154,3163,3149,3172,3084,3090,3111,3276,3099,3127,3246,3080,3182,3064,3096,3215,3090,3033,3074,3125,3119,3084,3286,3338,3281,3409,3256,3208,3239,3209,3259,3368,3394,3316,3251,3308,3310,3320,3341,3243,3290,3201,3326,3230,3327,3281,3229,3209,3246,3121,3359,3273,3246,3232
441,4410,clench,3193,3231,3122,3202,3128,3162,3170,3212,3216,3158,3156,3259,3276,3260,3268,3103,3145,3157,3216,3168,3037,3211,3327,3070,3115,3207,3147,3234,3190,3065,3138,3183,3140,3175,3177,3207,3159,3241,3166,3195,3208,3068,3207,3129,3215,3139,3140,3087,3088,3135,3085,3113,3162,3106,3118,3087,3236,3089,3181,3265,3257,3179,3195,3112,3441,3292,3325,3400,3430,3362,3389,3376,3432,3321,3302,3462,3355,3312,3454,3433,3348,3466,3357,3367,3285,3346,3334,3347,3427,3455,3287,3322,3545,3470,3428,3300
442,4420,clench,3125,3029,3144,3036,3085,3254,3131,3084,3040,3091,3022,3090,3146,3187,3008,3040,3095,3147,3104,3136,3116,3119,3190,2947,3118,3171,3054,3140,3072,3066,3113,3017,3057,3048,3040,3075,3263,3082,3076,3080,3144,3127,3189,3053,3071,3101,3118,3099,3080,3175,3113,3167,3099,3141,3153,2966,3115,3249,3083,3149,3066,3158,3063,3013,3272,3163,3280,3250,3274,3242,3336,3376,3256,3186,3247,3312,3356,3239,3266,3363,3214,3322,3197,3340,3237,3289,3402,3339,3314,3160,3325,3288,3236,3280,3221,3335
443,4430,clench,3114,3154,3213,3098,3066,3130,3144,3061,3258,3065,3195,3046,3161,3003,3144,3062,3076,3096,3105,3088,2937,3032,3109,3174,2979,2983,3051,3082,3017,3117,2932,3070,3020,3102,3051,3093,3093,3024,3127,3037,3096,3088,3068,3044,3100,3041,3071,3103,3079,3007,3098,3059,3089,3220,3100,3049,2970,3090,3122,3059,3031,3051,3120,3111,3148,3268,3208,3168,3165,3291,3301,3318,3237,3342,3194,3269,3334,3221,3306,3180,3363,3266,3222,3288,3188,3318,3195,3239,3226,3328,3266,3206,3190,3151,3298,3324
444,4440,clench,3140,3106,3129,3097,3199,3171,3074,3144,3213,3251,3082,3075,3152,3090,3158,3177,3221,3148,3149,3149,3149,3107,3270,3069,3105,3119,3095,3019,3174,3138,3118,3065,3097,3198,3098,3109,3096,3065,3175,3117,3084,3160,3042,3033,3106,3095,3127,3161,3135,3127,3105,3093,3135,3041,3127,3172,3149,3137,3162,3105,3134,3212,3143,3140,3252,3320,3373,3291,3451,3351,3417,3272,3286,3364,3345,3379,3389,3283,3344,3271,3392,3292,3298,3318,3329,3360,3224,3287,3422,3306,3219,3216,3243,3249,3267,3255
445,4450,clench,3034,2948,3045,3072,3020,3040,3057,2975,2969,3010,3023,2972,3048,3108,2980,3009,2988,3125,3066,3124,2971,2951,3034,3042,3074,2991,3201,2962,3024,3126,3117,3111,2904,2936,3079,2935,2932,3017,3005,3108,2973,3023,2995,3034,3087,2926,2983,3100,3030,3050,2981,3043,2964,2962,3057,3021,3103,3109,3012,2977,3214,3142,3086,3035,3250,3214,3232,3294,3119,3206,3325,3207,3206,3124,3245,3236,3164,3210,3233,3207,3246,3178,3193,3219,3250,3289,3234,3242,3231,3109,3237,3168,3347,3224,3233,3168
446,4460,clench,3112,3121,3066,3125,3046,3121,3082,3065,3118,3087,3162,3091,3092,2900,3187,3098,3083,3083,3140,3109,3115,3120,3023,2980,3158,3096,3122,2956,3051,3020,3180,3085,3111,3102,3047,3059,3042,3123,3084,3101,3051,3106,3013,3082,3087,2971,3021,3084,3072,3074,3076,3074,3028,3085,3123,3099,3117,3035,3053,3097,3155,3030,3026,3056,3222,3313,3241,3330,3253,3315,3234,3140,3311,3246,3299,3186,3267,3332,3315,3333,3284,3236,3163,3267,3322,3254,3360,3177,3361,3339,3355,3371,3293,3269,3244,3301
447,4470,clench,3138,3256,3141,3087,3134,3014,3268,3170,3127,3275,3128,3093,3050,3217,3005,3113,3090,3123,2998,3037,3124,3251,3205,3101,3051,3095,2983,3035,3164,3227,3061,3127,3112,3118,3058,3138,3195,3055,3090,3033,3100,3136,3061,3118,3158,3078,3064,3184,3117,3125,3224,3132,3191,3169,3110,3148,3193,3032,3100,3098,3068,3148,3138,3166,3386,3360,3348,3313,3381,3487,3261,3317,3361,3378,3320,3236,3233,3332,3225,3335,3356,3241,3382,3338,3356,3265,3201,3304,3266,3308,3383,3237,3174,3336,3349,3305
448,4480,clench,3047,3083,3125,3078,3031,3164,3056,3026,3109,3096,3160,3096,3236,3062,3058,3129,3075,3029,3084,3110,3126,3093,3097,3093,3050,3086,3066,3159,3100,3198,3167,3101,3192,3192,3157,3107,3071,3184,3125,3049,3144,3075,3003,3055,3073,3131,3152,3108,3108,3027,2955,3086,3033,3046,3103,3074,3017,2964,3120,3018,3098,3081,3094,3119,3268,3305,3313,3383,3278,3387,3227,3265,3339,3224,3228,3235,3389,3304,3244,3304,3296,3262,3415,3274,3422,3199,3377,3304,3212,3363,3340,3275,3273,3352,3168,3320
449,4490,clench,3197,3131,3145,3179,3197,3093,2893,3124,3001,3208,3249,3143,3185,3019,3122,2985,3053,3172,3150,3092,3010,3041,3145,3016,3098,3169,3112,3125,3171,3112,3087,3104,3149,3119,3020,3044,3066,3141,3150,3038,3144,3092,3083,3137,3196,3093,3181,3108,3095,3112,3162,3138,3096,3011,3103,3189,3163,3183,3177,3117,3043,3080,3075,3131,3346,3289,3267,3279,3337,3205,3234,3353,3264,3218,3226,3281,3138,3300,3212,3259,3296,3313,3217,3213,3222,3214,3278,3256,3330,3302,3205,3314,3243,3279,3265,3327
450,4500,clench,3174,3240,3049,3146,3136,3185,3129,3176,3096,3104,3234,3160,3087,3091,3192,3167,3250,3217,3216,3257,3211,3131,3179,3113,3257,3186,3208,3182,3065,3119,3082,3239,3085,3188,3221,3121,3198,3117,3157,3183,3122,3140,3195,3172,3133,3097,3013,3052,3130,3178,3077,3218,3116,3049,3131,3281,3170,3039,3233,3188,3233,3144,3095,3244,3328,3321,3429,3387,3268,3321,3315,3326,3368,3314,3387,3251,3185,3229,3356,3347,3349,3391,3365,3344,3386,3436,3306,3283,3336,3311,3369,3252,3325,3480,3273,3369
451,4510,clench,2983,3051,3019,3090,3035,3046,3099,3077,3048,3019,3115,3063,3066,3064,3085,3059,3087,2948,3136,3048,3057,3114,3125,3094,3030,3038,3099,2991,3207,3200,3102,3071,3081,3147,3142,3246,3124,3012,3112,3156,3113,3034,3015,3073,3002,3142,3075,3053,3104,3101,3047,3056,2983,3058,3066,3089,3044,3192,2981,3141,3013,2988,3100,3100,3329,3283,3331,3240,3143,3273,3268,3293,3239,3320,3309,3317,3239,3163,3301,3375,3225,3263,3206,3279,3260,3258,3324,3346,3243,3403,3300,3236,3207,3255,3188,3264
452,4520,clench,3038,3024,2962,3008,3120,2993,2990,3090,3061,3081,3078,3028,3002,3078,3111,3035,2970,3069,3042,3005,3024,3009,3045,2971,3162,2937,2995,3000,3080,3054,3044,3030,2910,2932,2987,2977,2956,3147,2981,3027,3109,3041,2913,3093,3072,2941,3100,2960,3040,3062,3013,3029,3087,2976,3088,3014,3059,3119,2974,3140,3084,3055,3103,3130,3122,3194,3187,3163,3221,3232,3203,3307,3130,3235,3149,3180,3291,3113,3185,3188,3070,3139,3309,3246,3288,3190,3233,3375,3202,3168,3330,3269,3312,3172,3192,3238
453,4530,clench,3101,3154,3015,3157,3026,3074,3175,3020,3192,3070,3099,3096,3130,3246,3089,3131,3090,3084,3070,3159,3092,3169,3109,3220,3169,3200,3051,3227,3172,3184,3039,3116,3177,3144,3058,3227,3112,3104,3105,3224,3195,3147,3125,3088,3092,3010,3165,3111,3186,3144,3060,3186,3105,3065,2985,3034,3090,3149,3125,3195,3074,3071,3084,3232,3320,3266,3417,3296,3435,3296,3231,3247,3275,3327,3337,3231,3322,3307,3217,3275,3320,3227,3315,3384,3333,3330,3302,3287,3221,3207,3240,3268,3324,3305,3306,3308
454,4540,clench,3112,3069,3072,3120,2970,3114,3103,3011,3117,3130,3152,3100,3089,3106,3083,3091,3112,3093,3138,3217,3085,2972,3144,2958,3128,3020,3053,3036,3121,3120,3089,3022,3140,3177,3155,3028,3177,3080,3061,3016,3013,3177,3056,3191,3071,3049,3067,3143,3149,3104,3081,3090,3048,2977,3154,2981,3064,3096,3119,3075,3044,3186,3051,3045,3328,3421,3270,3242,3299,3310,3254,3234,3268,3398,3226,3260,3270,3255,3469,3257,3219,3370,3212,3292,3328,3237,3243,3368,3297,3199,3411,3321,3240,3325,3267,3247
455,4550,clench,3132,3142,2930,3133,3168,3060,3016,2991,3128,3172,3091,3046,3048,3128,3062,3039,2953,3160,3025,3035,3061,3033,3106,2981,3158,3125,3028,3028,3141,3100,2968,3028,3080,3109,3072,2952,3146,3027,2992,3017,3043,3025,2983,2962,3029,3137,3015,2972,3138,3119,3190,3083,3054,3054,3086,3213,3065,3038,3007,3118,3052,3077,3071,3107,3232,3242,3270,3249,3242,3247,3273,3319,3333,3315,3278,3228,3271,3204,3218,3257,3172,3355,3276,3260,3253,3284,3349,3218,3253,3254,3297,3161,3243,3325,3165,3186
456,4560,clench,3020,3015,3058,3092,3012,3007,3217,3000,3092,3111,3086,3002,3091,3042,3174,3004,3065,3075,3070,3099,3078,3116,3067,3155,3108,3067,3241,3087,3123,3099,3123,3193,3070,3072,3324,3019,3024,3098,3086,3129,3098,3060,3076,3127,3093,3014,3043,3058,3060,3183,3046,3163,3092,3135,3122,3127,3193,3093,3212,3196,3079,3011,3155,3106,3322,3351,3242,3129,3267,3373,3262,3244,3284,3230,3303,3274,3253,3370,3296,3354,3320,3242,3270,3255,3259,3279,3205,3209,3206,3256,3383,3189,3284,3261,3309,3162
457,4570,clench,3089,3088,3210,3076,3135,3088,3013,3127,3095,3047,3071,3113,3217,3056,3161,3119,3162,3103,3106,3111,3087,3188,3122,3038,3080,3087,3050,3155,3162,3112,3002,3076,3049,3104,3101,3174,3171,3160,3098,3122,2972,3212,3236,3124,3077,2982,3134,3087,3164,3194,3180,3119,3153,3160,3071,3056,3070,3135,3239,3132,3039,3057,3115,3016,3440,3262,3295,3361,3331,3268,3250,3302,3312,3300,3456,3284,3461,3298,3343,3338,3310,3281,3309,3371,3239,3244,3307,3315,3355,3247,3245,3316,3372,3222,3214,3335
458,4580,clench,3118,3127,3133,3129,3176,3119,3084,3076,3070,3097,3124,3169,3080,3005,3145,3122,3090,3039,3027,3109,3066,3075,3095,3180,3114,2950,3132,3002,3075,2991,3036,3070,3062,3112,3138,3090,3072,3113,3082,2939,3100,2955,3043,3096,3045,3075,3056,3109,3101,3041,3156,3135,3085,3130,3000,3067,3023,3071,3071,3148,3068,3071,3019,3108,3292,3310,3223,3250,3286,3303,3237,3294,3288,3114,3280,3220,3178,3258,3249,3314,3283,3249,3182,3322,3217,3215,3378,3295,3252,3300,3311,3242,3310,3185,3206,3224
459,4590,clench,3221,3209,3251,3160,3199,3245,3183,3154,3207,3154,3202,3284,3264,3309,3143,3266,3254,3277,3150,3134,3175,3218,3263,3259,3243,3181,3273,3296,3261,3211,3113,3221,3233,3281,3209,3131,3185,3155,3280,3177,3195,3139,3210,3259,3100,3292,3220,3203,3123,3235,3202,3117,3146,3185,3102,3173,3154,3146,3139,3142,3107,3150,3220,3063,3406,3235,3340,3332,3298,3369,3328,3312,3264,3272,3282,3333,3354,3255,3442,3341,3198,3189,3369,3234,3392,3238,3247,3224,3321,3317,3336,3354,3372,3314,3314,3312
460,4600,clench,3122,3045,3023,3072,3011,3073,3037,2934,3086,3028,2909,2995,3172,2932,2991,2950,2967,3075,3066,3082,2996,3063,3069,3025,2992,2917,2971,2906,3136,2911,3054,3023,3142,3033,2987,3089,3053,2899,3092,3029,3129,3059,3070,3035,3046,3026,3020,3069,3067,2990,2941,2934,3042,3034,2984,2992,3027,3097,3065,3079,3015,2922,3045,2990,3206,3258,3199,3186,3426,3268,3298,3152,3209,3235,3212,3247,3316,3280,3225,3184,3222,3176,3307,3395,3317,3280,3291,3231,3287,3182,3251,3223,3236,3243,3253,3204
461,4610,clench,3124,3032,3058,3147,3046,3192,2998,3067,3111,3088,3073,3019,3216,2976,3053,3080,3010,3077,3063,3020,3004,3112,3030,3041,3023,3089,3020,3000,3093,3029,3180,3074,2980,3115,3068,3111,3133,3086,2990,3106,3013,3115,3012,3066,2939,3002,2976,3019,3120,3008,3055,3011,3023,3037,2987,2962,3178,3003,2965,3092,3101,3055,3006,3047,3283,3213,3236,3263,3135,3225,3208,3291,3219,3299,3176,3328,3231,3187,3081,3303,3273,3219,3130,3231,3222,3312,3305,3202,3207,3280,3215,3268,3312,3218,3140,3176
462,4620,clench,3108,2981,3027,3048,2995,2996,3149,2947,3103,3005,3104,3015,3087,2942,3095,3061,2974,3060,3074,3010,3006,3076,3045,3056,3083,2959,3019,3076,2925,3057,3045,3134,3051,2980,2989,2928,3072,3022,3035,3021,2992,3088,3005,2984,3038,3121,3018,2892,3103,3093,2917,3008,3039,3148,2917,3005,3069,3061,3071,3057,3149,3089,3067,3098,3224,3198,3212,3307,3205,3168,3291,3176,3268,3227,3233,3269,3316,3318,3236,3213,3272,3177,3310,3198,3239,3232,3190,3217,3186,3165,3182,3195,3333,3291,3268,3227
463,4630,clench,3168,3143,3140,3175,3186,3167,3202,3221,3091,3211,3114,3161,3092,3089,3238,3153,3224,3096,3190,3081,3108,3008,3172,3136,3102,3070,3194,3053,3114,3150,3194,3054,3156,3182,3166,3072,2998,3032,3248,3142,3162,3117,3185,3135,3150,3193,3047,3090,3146,3085,3046,3133,3071,3119,3078,3162,3073,2984,2993,3231,3110,3150,3149,3145,3262,3299,3278,3331,3279,3317,3244,3419,3345,3220,3266,3367,3346,3311,3302,3238,3282,3393,3297,3250,3327,3323,3246,3332,3346,3348,3283,3325,3329,3293,3316,3317
464,4640,clench,3167,3185,3179,3124,3104,3233,3183,3254,3044,3185,3129,3169,3164,3158,3135,3147,3249,3169,3180,3152,3069,3179,3229,3123,3226,3244,3119,3188,3135,3057,3099,3097,3179,3128,3063,3204,3179,3162,3232,3253,3059,3096,3274,3142,3120,3108,3145,3125,3250,3210,3152,3138,3214,3231,3173,3275,3069,3137,3166,3142,3175,3254,3200,3168,3378,3353,3267,3246,3366,3256,3317,3278,3220,3278,3332,3360,3407,3305,3392,3325,3305,3304,3345,3288,3327,3300,3386,3409,3440,3367,3242,3306,3268,3260,3324,3176
465,4650,clench,3239,3172,3226,3197,3211,3166,3157,3269,3210,3225,3183,3195,3098,3191,3113,3219,3290,3214,3267,3218,3169,3129,3127,3103,3247,3112,3234,3144,3176,3183,3187,3212,3207,3167,3230,3227,3259,3157,3248,3119,3189,3191,3248,3195,3135,3194,3218,3256,3222,3117,3257,3089,3288,3210,3059,3204,3238,3303,3253,3191,3254,3162,3335,3196,3288,3421,3417,3455,3242,3427,3306,3388,3384,3380,3331,3298,3499,3449,3374,3346,3361,3360,3318,3292,3344,3343,3283,3243,3327,3292,3354,3398,3335,3322,3394,3376
466,4660,clench,3111,3116,3133,3081,2973,3090,2962,3094,3212,3024,3189,3108,3084,3146,3108,3002,3201,3013,3197,3020,3022,3102,3179,3101,3155,3086,3069,3155,3126,3087,3146,3140,3147,3083,3078,3116,3132,3167,3129,3268,3140,3164,3168,3110,3119,3188,3176,3084,2988,3087,3075,3241,3118,3191,3097,3186,3261,3084,3171,3055,3119,3141,3018,3195,3275,3277,3231,3268,3292,3352,3250,3291,3231,3409,3295,3294,3426,3249,3303,3387,3316,3270,3229,3181,3339,3343,3264,3356,3319,3335,3207,3294,3253,3196,3278,3321
467,4670,clench,3009,3064,3151,3147,3188,3241,3059,3132,3079,3112,3153,3102,3140,3154,3035,3190,3095,3169,3187,3114,3096,3040,3056,3114,3043,3118,3226,3125,3061,3088,3093,3053,3130,2999,3032,3048,3122,3052,3188,3048,3136,3061,3018,3132,3123,3102,3163,3040,3206,3092,3208,2985,3133,3080,3166,3113,3118,3202,3116,3187,3139,3101,3086,3114,3311,3362,3312,3192,3238,3341,3232,3301,3359,3421,3359,3275,3338,3271,3349,3328,3344,3259,3290,3342,3322,3301,3330,3371,3227,3283,3193,3319,3337,3332,3248,3285
468,4680,clench,2956,3055,2912,3071,3040,3024,3051,2974,2981,3006,2963,3005,2982,2916,2982,3012,3070,2994,3046,3016,3060,3010,3136,3148,2997,2945,3045,3018,2919,3034,3019,3087,3068,2961,3062,3022,3066,3045,3092,3143,3009,3066,3089,2968,3006,3054,3121,3073,3099,3014,3031,3074,3102,3009,3037,2983,3047,3121,2994,3065,3084,3070,3027,3165,3265,3190,3291,3117,3186,3292,3191,3399,3220,3148,3288,3139,3201,3258,3290,3289,3312,3284,3294,3085,3247,3354,3214,3240,3162,3220,3326,3305,3160,3094,3237,3248
469,4690,clench,2939,3029,3160,3064,3146,3111,3077,2987,2969,3055,3126,2987,3053,3207,3094,2954,3067,3094,3049,3110,3088,3143,3167,3067,3102,2985,3047,3144,3004,2980,3094,3045,2982,3055,3115,3046,3062,3013,3061,3042,3123,3103,3061,3021,3150,2992,3077,3140,3025,3045,3012,2988,2912,3044,3022,2942,3009,3015,3078,3079,2896,3013,3005,3010,3347,3285,3322,3273,3122,3213,3397,3213,3178,3256,3250,3329,3230,3153,3136,3264,3206,3346,3319,3282,3190,3325,3240,3219,3258,3242,3169,3206,3405,3264,3257,3196
470,4700,clench,3070,3026,3051,3102,2995,3084,3076,3002,3076,3115,2980,3066,3097,2991,2997,3068,2994,3070,3128,3059,3072,3088,3004,3097,3067,3073,2996,3118,3112,3120,3074,3032,3070,3086,3140,3039,3102,3112,3024,3034,2958,3074,3131,3053,3077,3050,3121,2932,3162,3053,3111,3126,3019,3089,3038,3087,3027,3017,2965,3104,2986,3127,2903,3187,3173,3214,3256,3175,3288,3243,3157,3264,3291,3171,3184,3224,3301,3208,3252,3263,3225,3194,3203,3230,3227,3272,3260,3293,3260,3338,3165,3200,3309,3233,3378,3255
471,4710,clench,3143,3107,3125,3177,3008,3217,3067,3085,3167,3127,3060,3124,3121,3121,3159,3121,3133,3154,3059,3178,3201,3092,3110,3084,3150,3156,3165,3033,3159,3131,3153,3184,3084,3212,2991,3098,3144,3125,3202,3071,3126,3098,3186,3101,3033,3094,3169,3154,3177,3123,3170,3247,3159,3164,3130,3135,3206,3222,3151,2968,3128,3174,3115,3224,3249,3359,3187,3334,3317,3232,3292,3212,3398,3316,3285,3270,3298,3243,3299,3270,3324,3350,3229,3290,3362,3328,3252,3219,3418,3193,3380,3242,3279,3221,3338,3324
472,4720,clench,3035,3015,3025,3118,3219,3134,3128,3262,3140,3032,3101,3151,3203,3132,2959,3154,3131,3076,3164,3151,3112,3169,3102,3186,3164,3148,3177,3124,3149,3281,3136,3105,3207,3151,3143,3114,3134,3225,3108,3060,3067,3133,3112,3132,3233,3137,3137,3190,3048,3115,3143,3032,3115,3160,3171,3173,3238,3137,3182,3187,3150,3139,3079,3060,3296,3306,3407,3417,3299,3230,3301,3288,3243,3296,3294,3326,3310,3245,3397,3307,3392,3295,3278,3246,3299,3197,3347,3291,3260,3383,3384,3229,3317,3249,3291,3337
473,4730,clench,3118,3033,3122,3145,3031,3048,3106,3169,3104,3018,3055,3011,3219,2966,3121,3079,3067,3003,3063,3100,3077,3091,3098,3099,3077,3021,3129,3020,3009,3037,3084,3070,2981,3124,3063,2983,3186,3090,3150,3059,3140,3126,3072,3130,2988,3225,3181,3066,3087,3022,2952,3155,3043,3085,2979,3161,3228,3115,3136,3188,3164,3040,3073,3047,3221,3255,3274,3288,3278,3264,3299,3262,3197,3302,3196,3330,3282,3432,3326,3257,3217,3271,3170,3405,3322,3304,3224,3256,3170,3179,3241,3317,3184,3290,3286,3263
474,4740,clench,3006,3086,3215,3200,3175,3130,3165,3106,3225,3040,3040,3058,3172,3109,3077,3117,3137,3185,3174,3147,3118,3051,3180,3006,3027,3261,3009,3187,3054,3074,3116,3042,3180,3106,3184,3215,3094,3142,3175,3016,3149,3159,3084,3076,3120,3249,3118,3143,3063,3118,3086,3113,3193,3143,3103,3136,3181,3241,3166,3084,3128,3122,3154,3065,3335,3269,3323,3338,3282,3375,3290,3353,3326,3405,3390,3367,3356,3310,3236,3273,3227,3289,3227,3370,3354,3264,3356,3318,3255,3350,3316,3262,3428,3322,3326,3359
475,4750,clench,3044,3140,3128,3186,3149,3183,3169,3175,3147,3143,3220,3153,3061,3268,3091,3160,3141,3135,3251,3151,3116,3101,3134,3193,3115,3120,3113,2995,3124,3152,3174,3120,3123,3080,3167,3009,3089,3121,3185,3087,3171,3120,3166,3164,3179,3230,3105,3050,3232,3119,3063,3144,3158,3151,3062,2971,3080,3224,3169,3169,3132,3077,3252,3106,3256,3243,3324,3258,3390,3304,3331,3234,3345,3374,3313,3370,3272,3196,3340,3332,3382,3264,3240,3349,3295,3326,3406,3326,3288,3264,3276,3179,3307,3214,3382,3279
476,4760,clench,3190,3122,3201,3271,3218,3191,3167,3247,3178,3183,3171,3240,3085,3288,3202,3211,3343,3179,3189,3260,3233,3222,3196,3151,3185,3172,3253,3282,3243,3104,3327,3229,3149,3134,3166,3203,3207,3228,3248,3305,3205,3311,3109,3250,3293,3256,3208,3282,3250,3261,3105,3256,3088,3199,3190,3107,3219,3215,3257,3076,3174,3200,3178,3291,3445,3378,3501,3400,3333,3337,3352,3353,3432,3391,3380,3369,3417,3305,3347,3318,3280,3413,3316,3314,3346,3395,3299,3436,3241,3474,3416,3320,3291,3406,3400,3406
477,4770,clench,3196,3190,3172,3225,3229,3124,3111,3203,3213,3179,3090,3141,3280,3106,3304,3288,3119,3147,3279,3229,3191,3063,3193,3271,3150,3235,3165,3237,3162,3168,3149,3188,3091,3163,3090,3272,3236,3258,3139,3203,3117,3216,3217,3111,3145,3244,3156,3220,3324,3174,3182,3189,3217,3179,3218,3192,3172,3123,3186,3191,3163,3200,3166,3255,3369,3395,3427,3283,3377,3459,3303,3433,3360,3335,3381,3345,3355,3293,3333,3369,3352,3341,3415,3279,3370,3252,3349,3478,3475,3456,3376,3412,3392,3290,3277,3292
478,4780,clench,3070,3164,3163,3077,3064,3003,2901,3174,3018,3084,3048,3070,3030,3049,3061,3083,3069,2965,3012,3052,3061,3102,3132,2971,3079,3134,2993,3027,3144,3017,3049,3101,3109,3058,3015,3188,2984,3096,3010,3064,3151,2967,3093,3132,3054,3158,3094,3071,3043,3122,3139,2994,3056,3116,2988,3058,2913,3082,3050,3054,3008,3178,2881,3027,3205,3323,3250,3135,3180,3321,3232,3292,3273,3145,3282,3136,3191,3152,3182,3142,3289,3310,3282,3222,3195,3292,3256,3264,3161,3232,3207,3125,3264,3300,3291,3189
479,4790,clench,3104,3060,3022,3066,3079,3123,3146,3053,3112,3058,3070,3095,3207,3103,3128,3053,3030,3135,3020,3094,2975,3057,3079,3108,3086,3101,3078,3189,3079,3068,3110,3078,3063,3161,3074,3116,3031,3106,3042,3021,3099,3247,3120,3056,3022,3142,3167,3135,3124,3183,3137,3110,3076,3131,3096,3212,3121,3147,3121,3078,3067,3009,3086,3169,3322,3211,3291,3225,3263,3208,3200,3176,3189,3234,3350,3260,3330,3259,3268,3149,3293,3345,3278,3381,3241,3286,3274,3261,3224,3273,3270,3222,3311,3202,3342,3188
