seq,timestamp_ms,label,ch0_0,ch0_1,ch0_2,ch0_3,ch0_4,ch0_5,ch0_6,ch0_7,ch0_8,ch0_9,ch0_10,ch0_11,ch0_12,ch0_13,ch0_14,ch0_15,ch0_16,ch0_17,ch0_18,ch0_19,ch0_20,ch0_21,ch0_22,ch0_23,ch0_24,ch0_25,ch0_26,ch0_27,ch0_28,ch0_29,ch0_30,ch0_31,ch1_0,ch1_1,ch1_2,ch1_3,ch1_4,ch1_5,ch1_6,ch1_7,ch1_8,ch1_9,ch1_10,ch1_11,ch1_12,ch1_13,ch1_14,ch1_15,ch1_16,ch1_17,ch1_18,ch1_19,ch1_20,ch1_21,ch1_22,ch1_23,ch1_24,ch1_25,ch1_26,ch1_27,ch1_28,ch1_29,ch1_30,ch1_31,ch2_0,ch2_1,ch2_2,ch2_3,ch2_4,ch2_5,ch2_6,ch2_7,ch2_8,ch2_9,ch2_10,ch2_11,ch2_12,ch2_13,ch2_14,ch2_15,ch2_16,ch2_17,ch2_18,ch2_19,ch2_20,ch2_21,ch2_22,ch2_23,ch2_24,ch2_25,ch2_26,ch2_27,ch2_28,ch2_29,ch2_30,ch2_31
0,0,left,3255,3199,3336,3175,3177,3158,3260,3166,3299,3187,3278,3348,3185,3045,3269,3268,3226,3229,3298,3129,3224,3335,3191,3220,3218,3286,3126,3198,3273,3297,3150,3246,3078,3144,2961,3002,3035,2927,2947,3038,3089,3061,3023,3052,3081,3076,2964,2958,3102,2946,3104,3089,3008,3055,3088,3027,3001,3088,3083,3113,2986,3067,3047,3106,2990,3072,2951,2992,3041,3122,2965,3023,3025,2931,3073,3014,3032,3061,2975,2976,3130,3045,3112,3134,3070,2990,3158,3032,3013,3071,3100,3079,3023,3102,3002,3070
1,10,left,3186,3183,3225,3278,3305,3192,3261,3284,3157,3217,3135,3217,3265,3243,3279,3230,3157,3223,3315,3154,3358,3223,3221,3174,3317,3040,3260,3319,3238,3247,3351,3156,2984,3035,3113,2992,3060,2974,3032,3074,3071,3020,3031,3055,3023,3005,3175,3059,2992,3235,3093,3021,3062,3026,3127,3129,2951,2984,3059,2999,3044,3049,3136,3143,2972,3018,2998,3045,3045,3025,3088,3057,2997,3077,3050,3061,3077,3030,3101,3012,3191,3109,3115,2998,3070,2991,3002,3091,3152,3079,3094,3004,2925,3172,2978,3016
2,20,left,3111,3158,3220,3181,3171,3196,3066,3147,3307,3244,3159,3073,3150,3203,3112,3278,3119,3153,3165,3200,3161,3337,3080,3211,3206,3091,3144,3110,3107,3179,3250,3125,2971,2889,2959,2976,3127,2997,2971,3015,3050,2992,3026,2838,2936,2930,2980,2989,3011,2984,2994,2966,3026,2975,2898,3044,2968,3051,2985,2973,2965,2891,3031,3123,3010,2979,2923,2927,3047,3038,2952,3045,2958,2949,2955,3072,3021,2960,3054,3032,2968,2875,2922,2926,3005,2997,3028,2933,2942,3135,3031,3101,3002,2986,2970,3020
3,30,left,3177,3231,3235,3277,3301,3326,3259,3299,3268,3217,3144,3286,3235,3253,3281,3237,3289,3289,3313,3271,3172,3222,3322,3278,3323,3381,3318,3262,3306,3212,3361,3275,3150,3095,3164,3084,3086,3126,3192,3019,3063,3082,3102,2994,3067,3103,3062,3108,3032,3127,3103,3058,3082,3110,2981,3088,2978,3141,3128,3007,3114,3086,3062,3078,2983,3172,2997,3016,3153,2977,3055,3048,3037,3059,3091,3056,3013,3147,3053,3103,3037,3125,3123,3111,3033,3126,3075,3107,3105,3107,3072,3002,3134,3144,2977,3075
4,40,left,3179,3220,3197,3249,3288,3247,3068,3317,3213,3225,3267,3170,3336,3151,3223,3277,3243,3218,3273,3286,3326,3243,3146,3235,3254,3172,3270,3297,3218,3303,3343,3298,3133,3071,3083,3011,3001,3020,3056,3072,3100,3020,3136,2975,3085,3066,3049,3082,3138,3041,3046,3006,3126,3088,3091,3041,3149,3048,3000,2903,3079,3052,3048,3026,3026,3147,3076,2940,3068,3057,2917,3050,3001,3044,3042,3059,3094,3003,2945,2902,3109,3086,3143,3068,3064,3065,3144,3190,3071,3050,3018,2943,3152,3037,3165,3147
5,50,left,3249,3279,3128,3231,3159,3254,3270,3283,3143,3287,3219,3250,3198,3302,3206,3232,3109,3204,3255,3300,3212,3226,3173,3288,3387,3310,3197,3210,3260,3242,3285,3196,3067,3135,3152,3071,3020,3116,3102,3133,3165,3072,3195,3196,3099,3042,3113,3095,3167,3131,3174,3111,3131,3073,3034,3201,3128,3038,3083,3144,3096,3145,3126,3176,3209,3088,3181,3118,3113,3131,3039,3165,3062,3100,3107,3181,3146,3211,3205,3062,3084,3058,3155,3039,3024,3019,3119,3103,3156,3104,3085,3146,3117,3085,3197,3046
6,60,left,3265,3376,3244,3262,3287,3285,3300,3316,3333,3296,3302,3229,3319,3315,3324,3273,3173,3435,3305,3322,3145,3363,3254,3279,3239,3330,3249,3368,3335,3359,3175,3329,2972,3160,3146,3108,3107,3057,3162,3159,3145,3116,3106,3176,3040,3071,3078,3108,3114,2999,3114,3092,3070,3097,3095,3047,3022,3193,3157,3170,3006,3152,3044,3125,3124,3143,3128,3013,3136,3138,3087,3048,3111,3032,3102,3134,3147,3172,3083,3144,3065,3194,3145,3050,3046,3033,3074,3128,3117,3146,3186,3220,3138,3152,3044,2960
7,70,left,3273,3118,3318,3219,3194,3281,3274,3222,3249,3167,3215,3220,3274,3196,3198,3078,3307,3155,3198,3254,3219,3330,3311,3070,3225,3214,3140,3178,3194,3249,3284,3250,3145,2978,3016,3035,3038,3068,3062,3125,2986,3068,3096,2994,3107,2995,3023,3003,3075,3128,3006,3147,2995,3031,3095,3057,3103,2927,3058,2978,3102,2977,3076,3006,2955,2974,3007,3038,2977,2959,3044,3033,2982,3040,3075,2974,2959,3063,3055,3072,3028,3044,3084,3000,3080,3052,3065,3028,3171,3039,3060,3052,3033,3026,3062,2964
8,80,left,3406,3443,3465,3378,3362,3243,3346,3335,3401,3247,3459,3301,3462,3377,3315,3373,3376,3304,3411,3291,3378,3342,3444,3332,3352,3356,3381,3363,3322,3339,3362,3345,3087,3250,3123,3215,3156,3271,3232,3063,3130,3239,3182,3162,3176,3180,3186,3193,3156,3168,3214,3085,3079,3111,3167,3166,3226,3129,3264,3261,3299,3192,3222,3103,3185,3179,3133,3158,3136,3215,3155,3225,3227,3214,3188,3095,3115,3223,3114,3146,3226,3082,3213,3162,3187,3168,3160,3179,3231,3038,3104,3203,3187,3205,3138,3141
9,90,left,3184,3334,3323,3265,3267,3349,3301,3238,3365,3298,3301,3220,3309,3199,3359,3346,3154,3301,3334,3266,3321,3363,3260,3209,3302,3287,3388,3109,3253,3253,3298,3202,3135,3047,3067,3008,2985,3058,3057,3116,3128,3124,3250,3127,3133,3038,3109,3128,3032,3007,3102,3107,3081,3108,3076,3058,3087,3163,3089,3114,3147,3117,3052,3011,3087,2959,3077,3144,3103,3071,3107,3133,3149,3094,2977,3198,3082,3078,3114,3124,3113,3100,3219,3126,3014,3020,2988,3128,3132,3002,3132,3077,3134,3129,3106,3141
10,100,left,3253,3163,3198,3225,3177,3175,3111,3229,3192,3228,3304,3197,3147,3177,3289,3227,3246,3112,3225,3348,3278,3289,3206,3325,3336,3140,3237,3340,3317,3163,3189,3224,3109,2943,3034,3102,3035,3165,3021,2989,3056,3135,2949,3013,3004,3073,3145,3045,3096,3037,3139,3104,3100,3113,3019,3039,3047,2920,3059,3160,3054,3064,3114,3135,3117,3081,3155,3088,3084,3013,2992,3059,3060,3073,3083,3106,3028,3085,3034,3034,3076,3081,3159,3015,3127,3121,3042,2979,3102,3163,3034,3016,3084,3077,3095,3073
11,110,left,3229,3222,3232,3227,3092,3068,3203,3138,3283,3205,3160,3278,3235,3134,3264,3211,3229,3261,3208,3190,3160,3230,3189,3097,3194,3153,3265,3280,3203,3250,3162,3260,3064,2911,2967,3026,3032,3056,2967,2960,3081,3033,3017,3042,3039,3024,2976,3008,3061,3063,2973,2962,2948,2940,3058,3094,3028,3058,2982,3010,3004,3123,3036,3013,2932,3030,2974,3119,2976,3004,3037,3119,3061,2961,3115,3095,2955,2970,3009,3015,2909,3022,3094,2917,2990,3098,3045,3052,3100,2980,2998,3045,2994,3011,2909,3062
12,120,left,3299,3205,3207,3276,3301,3251,3247,3245,3255,3186,3212,3315,3224,3262,3179,3301,3364,3265,3210,3281,3267,3346,3320,3315,3278,3378,3216,3186,3306,3237,3339,3148,3185,3217,3126,3170,3135,3086,3129,3117,3007,3057,3115,3127,3159,3120,3078,3079,3109,3131,3136,3080,3048,3162,3031,3162,3120,3225,3046,3017,3050,2994,3097,3111,3117,3064,3047,3040,3191,3140,3059,3145,3111,3028,3137,3191,3074,3158,3036,3066,3193,3159,3114,3043,3171,3134,3102,3142,3081,3105,3092,3029,3062,3097,3097,3166
13,130,left,3278,3333,3188,3277,3328,3387,3368,3283,3240,3256,3247,3293,3269,3176,3244,3231,3286,3229,3274,3247,3237,3303,3255,3209,3199,3226,3209,3287,3275,3231,3288,3312,3168,3023,3146,3063,3159,3121,3083,3024,3024,3059,3100,3014,3026,3024,3031,3065,3128,3094,3044,2942,3014,3175,3217,3070,3202,3143,3107,3189,3151,3117,3062,3039,3018,3099,3139,3049,3056,3059,3066,3035,3195,3094,3079,3191,3033,3105,3093,3062,3094,3137,3031,3103,3103,3098,3087,3097,3084,3039,3103,3190,3032,3187,3154,3128
14,140,left,3330,3295,3299,3388,3276,3343,3323,3257,3323,3362,3286,3234,3373,3288,3245,3350,3171,3260,3149,3329,3295,3238,3268,3227,3335,3318,3270,3312,3391,3243,3292,3352,3073,3030,3118,3119,3094,3182,3120,3114,3102,3089,3129,3047,3087,3077,3177,3094,3043,3036,2989,3090,3113,3074,3090,3082,3144,3167,3068,3164,3106,3045,3058,3074,3049,3069,3024,3138,3196,3129,3063,3119,3054,3029,3173,3013,3162,3217,3115,3155,3034,3068,3120,3077,3133,3177,3141,3046,2991,3074,3089,3117,3147,3080,3121,3210
15,150,left,3393,3313,3396,3452,3357,3379,3311,3292,3354,3417,3286,3393,3467,3419,3292,3282,3229,3440,3224,3329,3500,3363,3291,3308,3368,3282,3306,3317,3255,3366,3302,3334,3157,3144,3224,3028,3023,3277,3152,3118,3129,3167,3039,3272,3069,3239,3180,3119,3102,3195,3116,3163,3204,3046,3182,3155,3093,3200,3180,3186,3094,3178,3163,3177,3263,3214,3180,3135,3300,3212,3075,3120,3229,3143,3160,3138,3196,3228,3114,3113,3077,3118,3206,3267,3237,3179,3180,3177,3096,3200,3034,3121,3231,3151,3174,3190
16,160,left,3208,3280,3350,3330,3334,3250,3304,3339,3195,3294,3264,3260,3326,3315,3388,3361,3393,3195,3287,3277,3183,3323,3348,3330,3222,3342,3292,3446,3231,3266,3271,3355,3157,3237,3163,3007,3043,2972,3136,3021,3118,3075,3127,3113,3060,3110,3134,3019,3104,3242,3113,3116,3076,3067,3133,3145,3255,3097,3122,3115,3010,3084,3130,3145,3140,3171,3055,3108,3014,3001,3097,3224,3181,3128,3141,3087,3141,3132,3151,3104,3125,3150,3118,3169,3126,3241,3087,3057,3003,3126,3210,3064,3154,3101,3093,3225
17,170,left,3306,3230,3364,3206,3288,3383,3365,3345,3252,3372,3241,3281,3364,3289,3288,3332,3196,3200,3262,3216,3101,3358,3235,3167,3354,3281,3231,3161,3294,3307,3170,3236,2953,3097,3057,3023,3033,3120,3136,3127,2965,3108,3073,3071,3088,3075,3094,3007,3090,3120,3017,3124,3185,3119,3114,3151,3127,3258,3251,3170,3231,3121,3125,3098,3006,3028,3134,3156,3014,3038,3068,3053,3040,3070,3027,3170,3015,3067,3094,2970,3169,3079,3090,3016,3116,3165,3132,3093,3142,3104,3047,3042,3045,3142,3124,3208
18,180,left,3190,3157,3278,3281,3333,3201,3200,3313,3343,3119,3247,3183,3128,3201,3236,3232,3194,3218,3236,3236,3312,3283,3296,3200,3293,3236,3192,3228,3157,3349,3264,3150,3098,3049,3095,3049,3196,3088,3126,3070,3199,3012,3098,3078,3027,3063,3150,3157,3143,3043,3094,2998,2976,3127,3135,3104,3024,3081,3055,2967,2948,3081,3062,3096,3036,3167,3136,2895,3039,3091,3098,3080,3120,3102,3097,3162,3042,3094,3048,3071,3066,3164,3115,3031,3107,2916,3104,3113,3037,3052,3110,3177,3154,3094,3048,3042
19,190,left,3316,3278,3325,3389,3256,3257,3290,3407,3386,3301,3282,3166,3323,3342,3246,3317,3298,3193,3176,3308,3357,3280,3335,3293,3356,3360,3322,3279,3277,3297,3301,3310,3124,3241,3120,3082,3043,3243,3209,2972,3147,3194,3143,3170,3218,3071,3220,3068,3178,3192,3114,3068,3174,3121,3163,3148,3130,3057,3160,3127,3197,3112,3122,3246,3102,3151,3244,3072,3155,3250,3095,3135,3035,3230,3119,3091,3135,3170,3258,3085,3249,3064,3127,3175,3128,3053,3095,3053,3242,3173,2966,3222,3038,3172,3050,3132
20,200,left,3331,3377,3291,3210,3289,3281,3226,3286,3269,3251,3268,3229,3217,3181,3328,3326,3262,3311,3313,3211,3244,3254,3368,3260,3230,3346,3308,3201,3194,3178,3248,3176,3131,3099,3074,3003,3141,3073,3002,3010,3149,3052,3071,3081,3016,3000,3071,3138,3105,3197,3223,3160,3138,3193,3110,3132,3030,3024,3137,3103,3095,3040,3095,3231,3067,3146,3155,3097,3062,3019,3054,3062,3012,3089,3131,3053,3047,3136,3091,3137,3103,3136,3086,3030,3135,3102,3114,3157,3102,3118,3126,3073,3091,3052,3144,3114
21,210,left,3284,3290,3180,3372,3125,3226,3356,3264,3192,3195,3322,3262,3278,3249,3257,3283,3236,3299,3316,3287,3300,3326,3296,3284,3237,3132,3304,3245,3313,3343,3266,3341,3115,2999,2985,3135,3147,3131,3030,3173,3070,3127,3190,3003,3043,3066,3078,3021,3081,3213,3096,3217,3148,3110,3222,3125,3077,2947,2995,3071,3120,3130,3169,3095,3097,3091,3073,3098,2961,3213,3108,3018,3001,3091,3086,3093,2993,3176,3051,3026,3032,3117,3063,3084,3163,3119,3109,3107,3082,3140,3152,3089,3197,3023,3093,3101
22,220,left,3153,3122,3275,3153,3211,3099,3045,3159,3147,3254,3172,3165,3092,3230,3147,3206,3036,3116,3264,3176,3191,3255,3138,3176,3228,3243,3181,3221,3141,3211,3171,3283,3083,3107,3152,3084,3117,3202,3176,3173,3098,3161,3113,3108,3195,3094,3029,3148,3092,3157,3125,3144,3117,3065,3172,3069,3050,3108,2981,3030,3139,3073,3160,3217,3173,3106,3144,3272,3154,3089,3282,3213,3187,3154,3199,3128,3160,3197,3241,3182,3160,3270,3110,3213,3278,3258,3268,3244,3254,3177,3176,3310,3213,3164,3140,3076
23,230,left,3363,3324,3333,3237,3302,3129,3345,3201,3288,3338,3344,3238,3278,3402,3314,3373,3283,3458,3300,3288,3263,3257,3286,3309,3187,3466,3232,3321,3255,3186,3271,3264,3146,3144,3107,3240,3147,3104,3112,3056,3165,3034,3167,3143,3125,3004,3129,3213,3207,3173,2988,3149,3083,3090,3138,3096,3102,3102,3060,3162,3219,3125,3151,3137,3169,3082,3075,3078,3235,3192,3176,3136,3159,3091,3092,3039,3097,3157,3142,3101,3004,3151,3120,2992,3059,3194,3015,3105,3143,3113,3076,3109,3151,2997,2980,3176
24,240,left,3312,3361,3361,3319,3447,3363,3381,3530,3413,3337,3247,3471,3449,3302,3377,3314,3372,3321,3286,3372,3405,3310,3493,3446,3337,3297,3413,3370,3427,3281,3430,3459,3097,3134,3204,3254,3240,3198,3061,3262,3104,3261,3266,3321,3222,3144,3102,3129,3083,3229,3184,3084,3127,3181,3218,3255,3245,3151,3147,3200,3322,3216,3203,3186,3164,3177,3296,3187,3110,3258,3161,3307,3215,3219,3234,3236,3269,3140,3215,3190,3262,3173,3236,3220,3121,3150,3180,3126,3196,3134,3214,3195,3196,3204,3179,3199
25,250,left,3247,3256,3213,3192,3215,3242,3127,3231,3285,3152,3271,3227,3224,3170,3211,3208,3174,3183,3279,3138,3177,3177,3269,3044,3217,3239,3194,3246,3227,3176,3225,3186,3121,3024,2943,2980,2937,2962,3054,3140,3104,3049,3141,3081,3080,2999,3009,3060,3115,2992,3001,2997,2962,3168,3058,2910,2988,3076,3009,2961,3080,3107,3093,3001,3027,3041,3009,3059,3012,2986,3067,3033,3168,3045,2971,3058,3051,3036,3038,2993,2996,2900,3073,3167,2917,3119,2971,3053,3065,3018,3086,2958,3048,3064,3136,3031
26,260,left,3299,3210,3294,3297,3331,3269,3207,3293,3299,3271,3264,3272,3296,3306,3285,3402,3159,3367,3243,3305,3289,3192,3239,3259,3315,3351,3271,3297,3248,3300,3265,3302,3144,3247,3130,3108,3187,3159,3132,3123,3165,3093,3158,3112,3116,3173,3165,3064,3042,3174,3159,3083,3106,3006,3294,3047,3101,3061,3048,3141,3122,3192,3222,3073,3112,3118,3097,3084,3080,3149,3107,3116,3112,3133,3018,3095,3036,3062,3058,3251,3059,3029,3057,3100,3170,3124,3200,3183,3117,3264,3094,3297,3079,3037,3144,3140
27,270,left,3293,3373,3281,3290,3300,3378,3289,3267,3341,3195,3220,3360,3260,3296,3243,3288,3242,3288,3286,3312,3340,3268,3202,3258,3338,3258,3276,3381,3371,3304,3296,3222,3162,3217,3060,3087,3081,3110,3072,3086,3069,3187,3152,3114,3027,3186,2968,3080,3094,3105,3020,3030,3041,3163,3030,3006,3040,3091,3154,3137,3174,3088,3108,3030,3203,3068,3129,3068,3162,3147,3084,3312,3157,3030,3176,3071,3134,3065,3004,3154,3035,3135,3033,3124,3114,3099,3095,3101,2978,3012,3111,3044,3157,3142,3043,3061
28,280,left,3271,3290,3328,3330,3287,3301,3227,3305,3241,3316,3247,3286,3391,3193,3238,3338,3295,3313,3337,3265,3344,3296,3204,3252,3317,3364,3243,3283,3322,3332,3416,3317,3154,3099,3202,3125,3165,3048,3010,3052,3118,3079,3010,3149,3126,3117,3095,3128,3071,3125,3093,3056,3095,2963,3118,3185,3085,3056,3016,3038,3021,2944,2960,3138,3115,2956,3130,3164,2935,3135,3138,3042,3022,3003,3108,3070,3084,2962,3048,3058,3095,3006,3161,3089,3128,3098,3038,3212,3212,3183,2976,3040,3208,3232,3102,3143
29,290,left,3390,3272,3254,3449,3355,3283,3334,3317,3378,3298,3349,3409,3349,3325,3328,3244,3303,3306,3371,3325,3327,3260,3319,3244,3321,3324,3233,3349,3404,3186,3370,3317,3096,3169,3168,3087,3204,3036,3118,3158,3086,3182,3170,3121,3129,3087,3134,3134,3197,3095,3147,3078,3156,3117,3007,3111,3099,3155,3197,3130,3227,3129,3067,3116,3190,3136,3124,3125,3067,3140,3177,3169,3123,3057,3174,3172,3200,3167,3090,3100,3134,3161,3045,3133,3182,3086,3131,3273,3207,3078,3208,3223,3199,3104,3118,3081
30,300,left,3362,3436,3318,3352,3419,3309,3266,3399,3404,3378,3311,3282,3317,3372,3311,3264,3293,3322,3306,3314,3323,3322,3292,3389,3394,3362,3376,3298,3266,3373,3364,3213,3133,3139,3043,3134,2952,3136,3084,3089,3056,3147,3220,3130,3144,3069,3180,3135,3200,3104,3090,3156,3145,3199,3166,3235,3113,3160,3283,3173,3146,3263,3121,3117,3200,3039,3064,3164,3155,3110,3185,3243,2980,3186,3153,3056,3081,3247,3088,3133,3107,3119,3249,3126,3215,3205,3048,3103,3193,3179,3177,3167,3132,3116,3157,3163
31,310,left,3155,3206,3141,3155,3170,3127,3230,3220,3186,3192,3267,3209,3172,3227,3263,3277,3250,3321,3271,3066,3180,3225,3224,3200,3228,3222,3332,3296,3207,3267,3168,3224,3093,3000,3023,3078,3033,3086,2998,3044,2947,3053,2867,2953,3068,3063,2969,3045,2950,3023,3045,3068,3014,3172,3028,3082,3072,3105,3001,3033,2970,3030,3023,2933,3062,3020,3082,3005,2973,3094,2974,2985,2935,3045,2961,2967,2983,3034,3064,3134,3069,3070,3070,2952,2923,3008,3024,3039,2950,2904,2937,3107,2991,3021,2933,3019
32,320,left,3351,3386,3352,3393,3398,3337,3268,3330,3284,3291,3301,3214,3304,3296,3237,3369,3209,3295,3304,3357,3401,3324,3343,3317,3374,3285,3413,3405,3380,3376,3300,3302,3071,3133,3127,3090,3162,3078,3182,3124,3153,3197,3266,3114,3146,3072,3158,3112,3190,3174,3152,3108,3086,3109,3086,3148,3158,3135,3146,3170,3111,3083,3144,3055,3147,3283,3078,3183,3237,3248,3147,3050,3175,3070,3187,3232,3144,3168,3196,3142,3117,3168,3230,3206,3162,3274,3227,3112,3182,3204,3087,3167,3084,3110,3179,3204
33,330,left,3108,3301,3278,3301,3345,3186,3254,3246,3246,3335,3325,3258,3193,3344,3242,3391,3299,3318,3284,3374,3401,3273,3282,3325,3460,3349,3309,3269,3311,3439,3332,3417,3088,3132,3159,3105,3168,3062,3156,3142,3205,3014,3119,3193,3078,3153,3137,3121,3197,3093,3197,3113,3206,3045,3035,3243,3156,3189,3218,3178,3167,3254,3150,3131,3042,3172,3028,3102,3086,3136,3190,3281,3150,3226,3058,3155,3188,3113,3152,3113,3031,3228,3147,3132,3177,3115,3197,3162,3185,3123,3090,3127,3097,3188,3152,3119
34,340,left,3197,3240,3311,3251,3316,3360,3177,3284,3296,3323,3283,3247,3229,3272,3304,3323,3353,3240,3295,3266,3231,3322,3309,3267,3341,3329,3320,3221,3236,3468,3284,3446,3131,3113,3178,3023,3042,3218,3142,3077,3210,3140,3163,3031,3101,3056,3115,3180,3086,3217,3071,3151,3154,3168,3085,3088,3125,3148,3023,3181,3090,3040,3100,3128,3042,3077,2906,3093,3071,3044,3079,3092,3118,2992,3094,3106,3127,3098,3173,3083,3165,3158,3142,3188,3110,3139,3266,2972,3113,3081,3100,3007,3107,3022,3106,3169
35,350,left,3368,3267,3214,3437,3287,3371,3239,3231,3241,3301,3337,3268,3426,3370,3293,3238,3341,3227,3315,3303,3167,3377,3280,3271,3258,3296,3239,3307,3340,3330,3312,3124,3244,3139,3174,3140,3096,3127,3039,3201,3152,3214,3202,3050,3098,3126,3196,3149,3146,3184,3074,3251,3129,3118,2991,3120,3130,3099,3182,3114,3126,3152,2999,3128,3224,3088,3213,3198,3087,3245,3097,3093,3215,3090,3140,3100,3132,3286,3147,3081,3141,3003,3043,3079,3061,3191,3176,3126,3139,3074,3092,3026,3179,3130,3108,3005
36,360,left,3333,3272,3225,3320,3310,3328,3224,3229,3395,3274,3278,3358,3305,3350,3236,3247,3270,3342,3253,3234,3288,3340,3345,3318,3418,3283,3273,3271,3345,3287,3212,3239,3062,3107,3129,3180,3077,3068,3102,3171,3075,3054,3072,3095,3126,3015,3085,3113,3109,3071,3127,3140,3174,3140,3205,3101,3147,3248,3054,3205,3177,3162,3098,3161,3200,3078,3063,3130,3271,3161,3051,3033,3122,3085,3118,3059,3068,3196,3217,3072,3086,3063,3099,3086,3170,3152,3120,3199,3130,3134,3149,3068,3196,3171,3106,3065
37,370,left,3325,3290,3246,3354,3208,3314,3310,3332,3349,3353,3238,3344,3353,3332,3264,3283,3231,3348,3208,3317,3254,3286,3302,3230,3112,3230,3293,3326,3376,3306,3217,3264,3033,3119,3063,3139,3056,3106,3148,3172,3107,3103,3182,3094,3113,3047,3074,3123,3268,3059,3077,3017,3168,3080,3047,3201,3041,3018,3058,3113,3152,3044,3103,3165,3114,3156,3074,3124,3075,3098,2970,3146,3217,3084,3130,3093,3244,3024,3133,3095,3054,3191,3105,3164,2985,3223,3105,3094,2997,2964,3051,3088,2997,3052,3178,3124
38,380,left,3473,3389,3448,3334,3441,3312,3455,3431,3252,3450,3403,3374,3265,3348,3348,3484,3334,3270,3341,3311,3449,3388,3338,3384,3323,3321,3268,3367,3300,3314,3411,3335,3187,3216,3025,3172,3176,3315,3041,3143,3159,3175,3154,3072,3121,3287,3158,3242,3275,3141,3238,3153,3153,3198,3276,3179,3154,3246,3069,3233,3236,3201,3312,3218,3144,3198,3142,3197,3232,3294,3066,3099,3158,3195,3180,3124,3105,3251,3167,3237,3090,3055,3176,3260,3158,3227,3163,3176,3211,3182,3248,3166,3096,3254,3105,3145
39,390,left,3291,3203,3314,3214,3251,3396,3218,3193,3315,3183,3263,3317,3067,3213,3250,3158,3237,3233,3224,3316,3285,3181,3229,3269,3129,3159,3176,3418,3295,3319,3333,3162,3110,2996,2956,2925,2996,3027,3052,3011,3122,3157,3035,3152,3093,3062,3137,3057,3163,3081,2982,3118,3079,3069,3157,3086,3101,3281,3062,2974,3080,3203,3150,3104,2959,3024,3110,2936,3071,3018,2977,3144,3015,3041,3021,3034,3020,3111,3027,3070,3065,3166,3019,3126,2981,3099,2970,3108,3129,3175,3137,3066,3019,3117,3059,3049
40,400,left,3231,3304,3317,3274,3208,3268,3325,3261,3248,3270,3283,3312,3321,3217,3263,3293,3235,3225,3281,3193,3327,3287,3214,3253,3226,3274,3278,3225,3327,3053,3139,3263,3085,3071,3131,3074,3065,2986,3136,3061,3084,3141,3060,3043,3036,3077,3207,3051,3183,3082,3100,3144,3038,3178,3035,3065,3129,3107,3067,3081,3127,3082,3035,3083,3145,3092,3093,2964,3071,3112,3054,3045,3039,3083,3013,3287,3031,3125,3055,3145,3130,3145,3153,3063,3137,3129,3122,3146,2963,3071,3050,2955,3081,3117,3108,3025
41,410,left,3251,3357,3378,3367,3322,3327,3307,3238,3196,3324,3321,3262,3320,3256,3425,3404,3383,3313,3372,3286,3335,3328,3287,3311,3325,3286,3232,3391,3280,3184,3293,3325,3163,3237,3179,2991,3213,3158,3065,3127,2978,3145,3196,3162,3118,3099,3052,3264,3071,3221,3209,3161,2982,3074,3138,3126,3120,3137,3076,3167,3192,3139,3154,3199,3105,3061,3136,2986,3223,3174,3169,3127,3178,3111,3195,3178,3157,3210,3192,3084,3097,3166,3143,2986,3113,3186,3022,3086,3128,3223,3147,3174,3058,3098,3169,3148
42,420,left,3268,3238,3238,3247,3302,3269,3383,3225,3307,3319,3169,3290,3238,3241,3331,3183,3250,3269,3160,3245,3222,3297,3264,3196,3254,3305,3276,3330,3280,3226,3270,3336,3011,3129,3128,3029,3032,3110,3085,3086,2987,3063,3156,3108,3067,3018,3191,3094,2964,2992,3058,3095,3012,3082,3060,3030,3096,3095,2985,3035,3026,2998,3226,3065,3073,3149,2983,3038,3043,3079,3031,3095,3100,3080,3110,2937,3158,3115,3103,3046,3114,3033,3083,3107,3005,3146,2997,3149,3067,3007,2944,2971,3055,3154,3089,2924
43,430,left,3369,3311,3303,3443,3252,3393,3294,3348,3315,3204,3263,3312,3293,3359,3298,3314,3311,3136,3282,3336,3246,3242,3282,3276,3292,3383,3374,3259,3332,3374,3371,3234,3197,3215,3163,3000,3195,3094,3042,3122,3033,3077,3107,3046,3177,3157,3149,3171,3053,3156,3204,3098,3232,3083,3091,3127,3091,3140,3213,3089,3094,3112,3123,3144,3147,3101,3102,3127,3213,3070,3084,3149,3093,3101,3149,3124,3140,3108,3166,3098,3155,3132,3193,3072,3117,3166,3157,3084,3243,3088,3129,3265,3243,3154,3172,3074
44,440,left,3284,3177,3177,3195,3271,3230,3215,3292,3153,3149,3259,3193,3251,3252,3152,3215,3208,3289,3213,3222,3216,3183,3251,3296,3377,3249,3280,3206,3236,3129,3288,3167,3039,3068,2946,3106,3076,3033,3090,3060,3039,3044,3090,3001,3057,3035,3152,3041,3035,3074,3119,3040,3122,2988,3066,3104,3124,3108,3093,3058,3162,3122,3103,3078,3137,3026,3066,3086,3007,3109,3027,3101,3072,3158,3050,3081,3060,2985,3055,3059,3023,3063,3134,3007,3070,3063,3135,2973,3036,3096,2944,3014,3025,2960,3079,3021
45,450,left,3344,3265,3328,3260,3269,3169,3288,3316,3350,3262,3227,3311,3298,3208,3294,3290,3309,3362,3245,3262,3217,3249,3393,3354,3160,3316,3403,3191,3456,3361,3246,3251,3087,3227,3113,3101,3129,3078,3085,3202,3075,3181,3050,3160,3083,3177,3055,3099,3133,3151,3135,3134,3033,3186,3188,3118,3070,3141,3153,3184,3058,3090,3076,3131,3111,3132,3100,3161,3121,3180,3122,3119,3123,3150,3169,3102,3140,3005,3023,3093,2997,3086,3083,3209,3004,3112,3133,3324,3022,3039,3127,3161,3075,3112,3243,3048
46,460,left,3390,3391,3319,3267,3284,3297,3278,3358,3367,3358,3250,3368,3305,3305,3467,3268,3353,3393,3385,3345,3333,3354,3359,3351,3287,3295,3404,3368,3295,3326,3374,3369,3066,3165,3155,3072,3160,3129,3211,3176,3141,3183,3229,3178,3079,3154,3070,3121,3189,3160,3064,3090,3165,3064,3138,3112,3147,3095,3138,3096,3057,3122,3232,3212,3133,3266,3194,3079,3061,3063,3151,3157,3204,3113,3145,3237,3207,3071,3115,3175,3154,3149,3177,3093,3207,3219,3283,3152,3211,3096,3141,3081,3119,3154,3305,3195
47,470,left,3077,3064,3071,3128,3111,3062,3167,3047,3135,3127,3116,3104,3207,3148,3044,3148,3093,3147,3024,3118,3120,3055,2997,3072,3027,3109,3169,3078,3103,3165,3172,3142,3145,3129,3093,3224,3163,3200,3247,3199,3136,3054,3158,3156,3151,3092,3116,3140,3213,3153,3102,3146,3149,3191,3070,3122,3066,3060,3082,3126,3079,3192,3141,3078,3066,3073,3168,3087,3016,3077,3041,3052,3112,3121,3082,3040,3033,3020,3064,3135,2963,3003,3162,3065,3083,3071,3016,3126,3114,3028,3178,3063,3048,2975,2993,3180
48,480,left,3239,3213,3269,3299,3303,3246,3294,3261,3249,3271,3252,3229,3288,3230,3367,3376,3389,3338,3368,3282,3313,3276,3254,3399,3331,3331,3394,3358,3183,3263,3375,3271,3289,3146,3141,3233,3208,3163,3169,3273,3129,3059,3111,3338,3137,3224,3037,3152,3159,3170,3199,3147,3190,3114,3142,3169,3149,3201,3157,3109,3209,3184,3063,3138,3088,3134,3259,3163,3147,3113,3242,3251,3192,3167,3109,3168,2982,3043,3134,3212,3240,3170,3114,3052,3240,3110,3149,3219,3045,3196,3081,3097,3075,3198,3160,3069
49,490,left,3108,3214,3344,3259,3181,3145,3176,3186,3171,3307,3225,3212,3210,3267,3290,3238,3196,3307,3252,3225,3300,3347,3192,3252,3309,3183,3252,3241,3319,3256,3311,3284,3071,3132,2958,3088,3094,3064,2994,2970,3137,3172,3123,3087,3087,3010,3089,3086,3079,3159,3156,3162,3048,3109,3115,3077,3016,3083,3098,2998,3066,3050,2995,3154,3125,2997,3056,3107,3148,3124,2958,3146,3142,3049,3048,3071,3009,3096,3112,3071,3136,3106,3102,3025,3081,3105,3184,3169,2993,3026,3122,3116,3175,3175,3093,3111
50,500,left,3245,3306,3201,3236,3233,3375,3289,3267,3223,3273,3264,3235,3264,3283,3307,3308,3268,3297,3358,3379,3282,3231,3263,3376,3260,3259,3366,3411,3263,3310,3306,3264,3079,3095,3159,3170,3085,3125,3147,3066,3199,3058,3190,3061,3137,3163,3153,3107,3026,3192,3107,3021,3108,3110,3120,3079,3045,3165,3095,3065,3120,3130,3138,3100,3167,3137,3161,3208,3141,3159,3166,3157,3057,3147,3096,3169,3143,3103,3029,3148,3160,3114,3083,3141,3128,3054,3060,3062,3099,3103,2930,3143,3127,3182,3129,3184
51,510,left,3273,3166,3154,3213,3249,3204,3196,3246,3140,3204,3131,3218,3328,3230,3271,3131,3231,3191,3232,3244,3269,3366,3164,3250,3187,3157,3247,3184,3236,3182,3261,3295,3124,3020,3069,3042,3175,3045,2976,3118,3135,3082,3097,3051,3007,2964,3135,2991,3114,3067,3072,3048,3057,3009,3009,2989,2982,3109,3027,2996,2968,3082,3038,3056,3191,3023,2984,3012,2935,2951,3108,3073,3039,3012,3001,3080,3088,3150,3029,3115,2974,2965,2955,2995,3123,3024,2958,3010,3068,3045,3091,3014,3023,3000,3025,2981
52,520,left,3394,3455,3431,3443,3348,3407,3273,3418,3372,3343,3468,3384,3482,3352,3313,3310,3325,3387,3226,3279,3414,3348,3315,3458,3339,3386,3274,3305,3308,3194,3228,3368,3183,3120,3118,3141,3167,3095,3267,3168,3204,3150,3235,3119,3237,3168,3285,3186,3190,3137,3185,3225,3116,3228,3185,3192,3211,3179,3182,3104,3110,3256,3250,3217,3176,3135,3152,3213,3137,3136,3292,3192,3180,3168,3119,3240,3219,3036,3208,3149,3244,3231,3244,3156,3233,3153,3129,3158,3269,3239,3250,3259,3226,3163,3121,3282
53,530,left,3256,3437,3351,3265,3243,3278,3277,3232,3279,3299,3306,3320,3275,3337,3273,3386,3381,3312,3432,3269,3254,3255,3313,3298,3334,3281,3248,3254,3285,3264,3248,3215,3035,3161,3044,3116,3090,2990,3154,3120,2980,3050,3140,3040,3053,3099,3131,3109,3167,3059,2976,3126,3116,2992,3096,3125,3100,3185,3024,2997,3105,3054,3051,3174,3101,3230,3195,3096,2988,3111,3122,3184,3030,3038,3134,3101,3056,3115,3183,3127,3066,3117,3136,3054,3148,3078,3082,3048,2987,3077,3036,3035,3058,3124,3140,3164
54,540,left,3296,3332,3311,3317,3392,3233,3369,3354,3304,3221,3199,3331,3318,3350,3315,3272,3200,3349,3362,3290,3337,3415,3258,3201,3333,3303,3285,3359,3398,3227,3262,3229,3166,3091,3258,3134,3020,3214,3136,3095,3154,3177,3102,3125,3022,3034,3069,3037,3033,3067,3130,3182,3044,3102,3068,3059,3071,3100,3188,3117,3140,3098,3097,3135,3081,3153,3196,3171,3149,3142,3092,3075,3152,3213,3179,3191,3084,3124,3150,3221,3119,3194,3054,3146,3218,3174,3125,3201,3068,3169,3164,3023,3029,3156,3177,3127
55,550,left,3279,3187,3254,3383,3253,3409,3311,3297,3367,3332,3352,3213,3336,3261,3366,3236,3407,3281,3408,3463,3394,3268,3300,3392,3354,3349,3307,3289,3209,3265,3448,3375,3090,3122,3027,3140,3048,3147,3172,3071,3232,3098,3079,3022,3149,3060,3117,3165,3145,3190,3120,3049,3121,3102,3112,3199,3209,3171,3157,3143,3201,3107,3150,3142,3175,3088,3061,3114,3108,3132,3162,3167,3205,3107,3054,3136,3109,3106,3183,3078,3206,3154,3166,3200,3172,3050,3186,3134,3163,3076,3103,3241,3123,3074,3182,3155
56,560,clench,3276,3206,3238,3175,3303,3183,3297,3227,3189,3206,3337,3265,3226,3275,3268,3226,3170,3267,3210,3288,3237,3350,3236,3400,3228,3098,3379,3230,3218,3169,3212,3267,3094,3111,3129,2907,3063,3003,3071,3009,3013,3038,3067,3144,2933,3119,3059,3007,3138,2962,3060,3101,3043,3114,3104,3063,3002,3109,3093,3059,3062,3085,3076,3054,3069,3049,3133,3060,3075,3021,3116,2976,3083,3131,3053,3132,3079,3096,3122,3110,3003,3122,3078,3134,3090,3088,3043,2997,3088,2989,3050,3140,3037,3074,3077,2978
57,570,left,3328,3285,3282,3280,3354,3369,3269,3267,3327,3366,3416,3233,3317,3349,3285,3322,3272,3309,3283,3338,3358,3426,3371,3312,3347,3326,3224,3247,3358,3247,3412,3281,3102,3110,3233,3310,3193,3243,3067,3128,3246,3247,3054,3152,3101,3165,3160,3136,3202,3101,3192,3252,3143,3152,3120,3135,3208,3183,3284,3311,3168,3235,3228,3176,3196,3132,3099,3212,3161,3200,3031,3222,3067,3144,3107,3305,3106,3172,3041,3135,3190,3214,3126,3222,3075,3117,3249,3139,3135,3213,3139,3116,3123,3037,3182,3186
58,580,left,3414,3383,3424,3386,3474,3464,3352,3362,3409,3415,3330,3406,3385,3239,3449,3311,3399,3395,3329,3427,3377,3382,3411,3360,3494,3486,3384,3499,3342,3346,3383,3387,3245,3214,3193,3192,3161,3205,3226,3148,3203,3168,3215,3141,3238,3135,3105,3180,3154,3206,3160,3186,3229,3200,3270,3228,3178,3319,3284,3307,3171,3220,3196,3177,3313,3169,3183,3283,3208,3172,3131,3253,3216,3273,3218,3272,3141,3295,3320,3159,3189,3189,3178,3259,3347,3211,3198,3219,3301,3152,3227,3271,3267,3278,3257,3133
59,590,left,3335,3263,3298,3219,3198,3328,3227,3299,3282,3358,3350,3242,3178,3312,3353,3254,3302,3265,3298,3154,3277,3276,3309,3249,3329,3283,3216,3230,3359,3310,3254,3307,3206,3016,3104,3079,3216,3221,3163,3124,3126,3169,3135,3186,3099,3191,3139,3157,3153,3048,3173,3148,3111,3158,3011,3110,3152,3144,3023,3010,3186,3013,3164,3109,3091,3129,3178,3022,3061,3093,3151,3097,2986,3074,3052,3007,3121,3077,3142,3004,3116,3090,3019,3098,3124,3132,3188,3022,3003,3124,3087,3009,3167,3145,3071,2988
60,600,left,3318,3225,3327,3303,3255,3346,3234,3387,3269,3285,3311,3272,3237,3302,3295,3296,3232,3265,3318,3277,3304,3233,3312,3305,3317,3306,3234,3291,3202,3267,3242,3274,3116,3190,3144,3063,3106,3092,3176,3128,3254,3045,3113,3145,3130,3154,3076,3021,2988,3065,3174,3148,3235,3054,3084,3112,3149,3112,3087,3078,3014,3157,3114,3127,3098,3199,3110,3106,3109,2987,3143,3054,3078,3138,3027,3151,3032,3106,3021,3137,3087,3076,3050,3194,3118,3092,3074,3071,3087,3138,3102,3135,3027,3179,3159,3149
61,610,left,3268,3248,3155,3251,3286,3211,3264,3339,3395,3230,3221,3177,3230,3353,3202,3266,3126,3340,3291,3307,3331,3385,3189,3270,3344,3289,3177,3225,3208,3247,3208,3293,3075,3075,3159,3077,3124,2982,3089,3180,3107,2887,3103,3091,3206,3198,3040,3068,3138,3097,3068,3137,3227,3157,3053,3103,3104,3128,3141,3004,3207,3067,3140,3204,3138,3123,3119,3157,3127,3085,3167,3088,3031,3081,3193,3158,3170,3170,3002,3166,3093,3126,3121,3036,3049,3067,3102,3048,3048,3156,3117,3026,3092,3048,3125,3103
62,620,left,3256,3349,3216,3241,3272,3129,3212,3244,3360,3252,3376,3292,3281,3260,3322,3325,3290,3237,3475,3270,3273,3288,3301,3310,3386,3314,3239,3318,3287,3195,3428,3356,3089,3101,3079,3084,3100,3013,3136,3129,3112,3205,3177,3068,3100,3062,3048,3156,3023,3228,3077,3132,3110,3158,3174,3073,3161,3166,3120,3225,3259,3100,3144,3215,3074,3163,3070,3164,3099,3094,3056,3135,3040,3187,3219,3141,3046,3124,3224,3165,3073,3096,3127,3198,3023,3137,3111,3046,3315,3188,3109,3162,3048,3165,3012,3154
63,630,left,3243,3267,3190,3184,3119,3261,3168,3246,3197,3300,3199,3210,3279,3309,3246,3244,3233,3216,3240,3270,3211,3204,3146,3120,3183,3198,3098,3182,3183,3095,3199,3195,3022,3157,3069,2999,2998,3099,2941,3107,3126,2988,3067,3030,3069,2978,3080,3079,3114,3015,3039,3128,3029,2822,3008,2985,3024,3075,2954,3001,3016,2927,3067,3000,2974,2995,2950,3076,2890,3040,3010,2997,2986,3298,3124,3204,3067,3029,3042,2975,3023,3073,3138,3140,3032,2968,3062,3011,3084,2986,2995,3120,3051,3045,3041,3099
64,640,left,3304,3258,3349,3242,3283,3362,3305,3234,3160,3304,3292,3330,3202,3267,3169,3236,3228,3214,3251,3204,3374,3319,3297,3256,3144,3206,3357,3253,3166,3252,3317,3373,3069,3171,3073,2976,3083,3125,3098,3146,3141,2968,3127,3075,3109,3071,3116,3159,3130,3089,3097,3020,3114,3141,2991,3085,3127,3088,3097,3102,3052,2961,3094,3041,3068,3151,3111,3060,3070,3110,3086,3112,3079,3096,3122,3088,3131,2985,3142,3167,3071,3123,3098,3094,3137,3005,2951,3102,3116,3061,3155,3104,3122,3067,3118,3153
65,650,left,3246,3407,3288,3339,3329,3354,3364,3259,3291,3175,3255,3351,3282,3354,3440,3238,3276,3230,3237,3202,3312,3298,3194,3299,3229,3147,3319,3220,3211,3313,3346,3254,3030,3086,3041,3134,3066,3063,2973,3141,3114,3140,3140,3073,3061,2999,3022,3138,2971,3132,3107,3018,3216,3121,3104,3080,3123,3116,3126,3200,3183,3182,3182,3080,3107,2980,3044,3035,3086,3081,3041,3058,3133,3060,3148,3052,3060,3169,3218,3079,3066,3016,3129,3196,3073,3179,3200,2976,3090,3140,3071,3220,3068,3111,3070,3122
66,660,left,3364,3445,3389,3378,3441,3329,3313,3253,3289,3412,3318,3355,3307,3381,3343,3380,3323,3304,3271,3300,3457,3315,3322,3400,3319,3358,3274,3329,3343,3298,3320,3262,3154,3136,3134,3128,3186,3179,3199,3110,3031,3031,3068,3265,3153,3069,3105,2978,3120,3121,3153,3157,3219,2994,3114,3177,3189,3123,3240,3159,3168,3163,3174,3085,3079,3204,3226,3164,3165,3187,3037,3242,3104,3124,3135,3050,3176,3081,3138,3218,3146,3063,3265,3249,3096,3131,3150,3192,3210,3172,3137,3126,3165,3173,3181,3124
67,670,left,3221,3288,3245,3156,3342,3243,3248,3169,3225,3231,3243,3247,3261,3272,3227,3289,3188,3239,3202,3272,3204,3232,3306,3197,3224,3181,3278,3248,3230,3255,3216,3271,3068,3182,3057,3013,3040,2947,3040,2948,3061,2969,3024,2981,3113,2978,3017,3098,3139,2930,3013,3069,3047,2997,3098,3098,3118,2977,3085,3038,3115,3048,2953,3144,3132,2932,3012,3013,3064,2948,3031,3029,3077,3054,3081,2960,2993,2999,2978,3058,3076,3095,3012,2913,3159,3066,3081,2977,3029,3009,3078,3032,3041,3024,3162,3124
68,680,left,3140,3181,3163,3152,3060,3190,3125,3143,3094,3180,3077,3089,3200,3185,3325,3231,3186,3179,3115,3226,3162,3182,3034,3055,3142,3122,3115,3083,3109,3093,3131,3133,2925,3232,3236,3098,3205,3221,3241,3149,3087,3163,3069,3110,3083,3097,3085,3086,3201,3198,3155,3208,2997,3096,3201,3101,3140,3094,3044,3093,3230,3148,3129,3013,3176,3239,3155,3147,3153,3291,3213,3313,3242,3250,3219,3309,3169,3318,3289,3055,3155,3206,3249,3134,3131,3165,3179,3280,3170,3198,3288,3198,3217,3178,3129,3164
69,690,left,3228,3195,3285,3267,3324,3222,3234,3281,3277,3291,3283,3215,3252,3220,3268,3230,3213,3301,3203,3233,3250,3215,3278,3279,3239,3284,3194,3241,3307,3259,3178,3258,3027,3003,3109,2998,3105,2984,3042,2967,3194,2969,3120,3038,2968,3058,3057,3034,3095,3092,3057,3035,3103,3081,3128,3182,3185,3054,3046,3090,3097,3001,3067,3177,3057,3063,3094,2980,3047,3076,3152,2977,3147,3135,3110,3114,3002,3129,2923,3174,3034,3100,3108,3221,3027,3113,3072,3117,3007,3089,3065,3110,3028,3118,3147,2969
70,700,left,3164,3112,3194,3223,3167,3248,3097,3194,3167,3277,3136,3172,3215,3182,3153,3301,3211,3170,3151,3314,3133,3239,3129,3215,3234,3125,3160,3166,3104,3213,3177,3294,2973,2992,2977,2954,2979,3031,2997,3012,3086,2963,2979,3058,2893,2920,3022,3065,2882,3077,3012,3114,3047,3087,2875,3029,3033,3027,2962,3002,3028,2986,3009,2987,2985,3023,3113,3113,3120,3071,3015,2988,2981,3017,3021,3034,3075,3061,2922,3122,3016,2969,3043,2990,2948,2991,3116,2956,3018,2900,2987,3038,3013,3002,3061,2947
71,710,left,3237,3257,3322,3330,3255,3351,3246,3291,3292,3160,3348,3200,3265,3223,3344,3258,3245,3360,3205,3277,3261,3276,3303,3262,3344,3295,3331,3267,3388,3177,3296,3347,3145,3076,3075,3118,3243,3149,3117,3106,3170,3127,3151,3039,3172,3075,3193,3129,3151,3112,3188,3041,3146,3044,3114,3147,3091,3145,3179,3153,3037,3098,3067,3070,3036,3167,3146,3182,3058,3106,3164,3196,3108,3156,3081,3174,3076,3218,3169,3094,3121,3189,3127,3133,3176,3034,3105,3146,3157,3257,3042,3178,3175,3212,3136,3067
72,720,left,3231,3387,3369,3341,3354,3349,3327,3337,3389,3233,3372,3321,3261,3289,3288,3317,3312,3320,3265,3504,3396,3372,3260,3337,3375,3400,3269,3373,3300,3299,3281,3397,3184,3252,3163,3175,3218,3188,3156,3062,3156,3165,3205,3209,3122,3233,3208,3157,3079,3237,3151,3185,3202,3166,3241,3053,3173,3147,3232,3264,3129,3252,3138,3119,3183,3091,3131,3152,3107,3228,3094,3119,3168,3059,3127,3124,3102,3137,3112,3169,3155,3083,3095,3048,3053,3142,3152,3147,3168,3310,3174,3152,3181,3061,3187,3172
73,730,left,3347,3243,3214,3182,3281,3210,3308,3090,3286,3229,3371,3242,3234,3142,3297,3212,3239,3134,3168,3298,3230,3306,3296,3212,3288,3066,3244,3097,3161,3133,3281,3277,3058,3026,3121,3073,3120,3130,3144,2983,3053,3037,3085,3024,3035,2998,3029,3045,2971,3089,3157,3146,3029,2912,3065,3140,3048,3147,3112,3058,2988,3073,3208,2965,3083,3039,3080,3091,3153,3018,3164,3017,3023,3062,3034,3036,3087,3075,3013,3136,3161,3091,3082,2953,2985,2988,3096,3190,3160,3078,2971,3076,3137,3100,3093,3056
74,740,left,3315,3198,3335,3184,3250,3237,3221,3326,3252,3322,3228,3380,3219,3293,3383,3351,3183,3251,3244,3117,3273,3322,3346,3215,3254,3259,3243,3115,3222,3295,3294,3150,3100,3061,3071,3091,3072,3078,3205,3099,3208,3036,3084,3114,3091,3101,3128,3018,3147,3166,3117,3066,3149,3135,3119,3134,3098,3177,2978,3002,3085,3081,2990,3050,3096,3052,3157,3114,3041,3112,3051,3036,3041,3067,3017,3033,3086,3023,3043,3091,3105,3101,3095,3113,3159,3131,3090,3098,3080,3079,3144,3043,3102,3120,3023,3199
75,750,left,3263,3322,3214,3253,3232,3238,3221,3400,3253,3268,3384,3344,3363,3375,3282,3223,3348,3289,3289,3260,3168,3322,3265,3326,3317,3216,3235,3225,3334,3311,3355,3156,3090,3170,3052,3030,3177,3195,3074,3104,3075,3065,2972,3161,3073,3045,3063,3067,3028,3042,3039,3103,3097,3170,3165,3107,3030,3029,3106,3091,3078,3159,3021,3160,3247,3132,3067,3071,3203,2974,3096,3157,3198,3106,3099,3039,3175,3112,3062,3082,3121,3071,2970,3175,3120,3160,3130,3127,3063,3079,3111,3160,3163,3029,3200,3076
76,760,left,3292,3318,3288,3187,3343,3369,3396,3291,3370,3284,3349,3457,3388,3354,3311,3351,3328,3321,3376,3463,3321,3223,3386,3384,3352,3380,3330,3283,3246,3364,3322,3468,3156,3127,3202,3202,3198,3277,3139,3097,3143,3106,3119,3100,3103,3165,3109,3211,3245,3195,3039,3188,3006,3173,3175,3234,3163,3156,3079,3098,3175,3098,3063,3095,3153,3207,3322,3099,3115,3231,3076,3111,3217,3162,3160,3262,3234,3085,3142,3114,3161,3151,3170,3177,3232,3015,3161,3068,3162,3186,3125,3106,3222,3105,3024,3204
77,770,left,3167,3120,3258,3206,3230,3232,3245,3289,3222,3249,3178,3364,3170,3207,3252,3178,3246,3319,3170,3217,3239,3267,3255,3258,3299,3388,3307,3166,3146,3154,3151,3198,3048,3011,3086,3011,3078,3085,3144,3062,3074,3142,3166,3086,3111,3084,3063,3011,2993,3147,3084,2989,3079,3029,2978,2992,3130,3069,2969,3003,3079,3005,3054,3014,2967,3011,3095,3098,3014,2955,2967,3119,2928,3046,2970,2954,3055,3058,3013,3064,3087,3112,2952,2958,3205,3012,2973,3151,3123,3115,3000,3100,3007,2989,3049,3172
78,780,left,3179,3206,3206,3247,3260,3254,3212,3234,3199,3266,3182,3163,3126,3206,3220,3269,3276,3179,3253,3065,3232,3386,3229,3292,3191,3161,3134,3187,3217,3196,3204,3205,3055,2993,2925,3024,3089,3062,2986,3024,2925,3055,3035,2925,3019,3150,3044,3017,2957,3016,3024,3013,3122,2950,3004,2974,3015,3070,3146,3103,3088,3030,3101,3045,3002,3078,2993,2987,3108,3098,3094,3024,3119,2991,2956,3003,3020,2995,2943,3032,3010,3077,3087,3043,3125,2964,2946,3107,3064,3104,2974,2966,3068,2945,2967,2977
79,790,left,3254,3220,3315,3401,3217,3188,3217,3355,3273,3197,3317,3294,3187,3337,3286,3312,3324,3225,3265,3287,3328,3297,3285,3254,3249,3322,3290,3370,3364,3346,3141,3250,3101,3127,3003,3089,3066,3109,3037,3143,3138,3099,3035,3116,3045,3177,3196,2994,3064,3124,3155,3021,3071,3045,3099,3149,3106,3166,3094,3244,3098,3112,3054,3090,3114,3150,3006,3141,3091,3060,3131,3036,3122,3169,3027,3035,3041,3106,3200,3211,3071,3163,3112,3013,3105,3153,3060,3184,3077,3132,3070,3055,3115,3177,3105,3123
80,800,left,3228,3256,3232,3292,3219,3341,3178,3366,3270,3214,3342,3198,3244,3187,3283,3189,3247,3290,3219,3252,3302,3247,3346,3235,3162,3261,3234,3156,3242,3212,3262,3190,3108,3183,3067,3038,3026,3089,3111,3154,3091,3108,3070,3128,2983,2987,2976,3022,3105,3134,3131,3148,3095,3059,3040,3090,3159,3235,3116,3114,3111,3020,3010,2983,3029,3150,3077,3064,3193,2956,3149,3176,3061,3040,3018,3026,2914,3101,3020,3089,3120,3068,3055,3069,3169,3061,3060,3184,3046,3068,3037,2983,3112,3087,3132,3139
81,810,left,3199,3169,3129,3188,3139,3144,3190,3173,3073,3158,3173,3067,3232,3229,3253,3158,3068,3168,3121,3219,3112,3142,3057,3149,3131,3251,3127,3059,3118,3156,3067,3217,3278,3174,3368,3293,3286,3141,3277,3132,3259,3225,3284,3146,3268,3202,3172,3206,3164,3098,3276,3222,3180,3215,3210,3140,3125,3217,3206,3189,3172,3272,3169,3137,3095,3117,3231,3007,3140,3036,3103,3106,3104,3104,3086,3102,3074,3116,3018,3162,3175,3045,2995,3009,3049,3046,3094,3072,3154,3112,3163,3110,2996,3039,3054,3048
82,820,left,3284,3241,3226,3166,3180,3310,3274,3449,3245,3212,3221,3155,3236,3179,3311,3180,3273,3216,3291,3208,3325,3178,3327,3185,3171,3331,3194,3227,3393,3354,3239,3243,3009,3087,3170,3031,3115,3119,3029,3182,2959,3122,3097,3017,3018,3112,3072,3123,3045,3073,3033,3233,3088,3046,3095,3142,3026,3089,3039,3095,3017,3157,2989,3109,3121,3148,3062,3091,3086,3131,3142,3056,3128,2985,3092,3199,3173,3107,3030,3084,3095,3072,3136,3138,2999,3075,2961,3168,2963,3110,3100,3083,3218,3135,3141,3084
83,830,left,3076,3301,3209,3196,3163,3152,3193,3217,3225,3119,3233,3256,3155,3271,3328,3208,3213,3138,3201,3225,3121,3290,3127,3314,3253,3180,3367,3146,3206,3245,3221,3353,2896,3031,3011,2998,3041,3049,3107,3078,2963,2973,3071,3117,2975,2993,3165,2980,3030,3055,2938,2954,3070,3059,3007,3039,2970,2943,3046,3064,3026,2999,2994,2957,2985,3044,2991,3081,2983,3077,3165,3043,2978,3101,3010,3058,3043,3054,3134,3057,3014,3059,3064,2931,2976,3137,2935,2995,3070,2974,3102,3059,3040,3133,3046,3010
84,840,left,3432,3345,3422,3378,3387,3282,3307,3355,3281,3230,3229,3172,3227,3261,3392,3355,3311,3214,3241,3257,3206,3319,3233,3306,3324,3295,3332,3292,3375,3203,3382,3316,3032,3192,3164,3117,3146,3152,3093,3108,2975,3209,3037,3126,3157,3177,3164,3007,3060,3189,3079,3172,3065,3160,3144,3083,3149,3166,3085,3108,3152,3170,3174,3165,3077,3150,3085,3049,3174,3033,3069,3153,3094,3163,3081,3218,3029,3073,3087,3036,3087,3205,3004,3139,3024,3135,3056,2945,3212,3040,3197,3240,3091,3081,3027,3070
85,850,left,3351,3269,3317,3326,3202,3376,3404,3287,3316,3194,3338,3328,3269,3390,3222,3272,3234,3348,3354,3300,3288,3325,3345,3408,3304,3312,3335,3365,3236,3365,3249,3281,3248,3220,3152,3182,3102,3119,3079,3121,3115,3095,3196,3079,3146,3106,3130,2963,3081,3117,3183,3012,3183,3130,3138,3042,3133,3121,3074,3091,3139,3088,3100,3036,3170,3080,3120,3111,3179,3152,3128,3129,3223,3115,3175,3219,3167,3199,3190,3229,3124,3281,3107,3173,3161,3054,3042,3065,3128,3085,3202,3174,3059,3240,3125,3279
86,860,left,3338,3413,3139,3369,3321,3284,3210,3326,3221,3252,3354,3373,3300,3239,3296,3208,3255,3315,3287,3158,3280,3399,3316,3250,3247,3252,3356,3289,3267,3293,3281,3313,3090,3139,3113,3148,3113,3055,3116,3085,3109,3139,3107,3143,3055,3208,3180,3132,3101,3192,3101,3170,3206,3039,3078,3090,3123,3022,3142,3058,3221,3093,3077,3142,3166,3259,3040,3183,3125,3136,3126,3157,3134,3096,3026,3053,3151,3141,3166,3150,3214,3122,3152,3241,3087,3097,3115,3095,3084,3209,3265,3102,3111,3101,3202,2999
87,870,left,3366,3391,3413,3368,3185,3288,3271,3317,3361,3465,3305,3429,3416,3244,3325,3309,3298,3331,3428,3349,3372,3377,3415,3317,3203,3417,3262,3433,3423,3307,3381,3373,3246,3118,3097,3076,3196,3217,3147,3155,3105,3161,3053,3167,3292,3156,3130,3189,3167,3124,3183,3220,3223,3152,3186,3138,3199,3190,3108,3192,3209,3110,3090,3144,3131,3233,3148,3160,3203,3158,3179,3107,3125,3089,3209,3270,3196,3165,3336,3105,3075,3155,3154,3235,3147,3234,3133,3107,3181,3165,3244,3252,3208,3242,3188,3314
88,880,left,3266,3338,3416,3270,3381,3234,3328,3447,3326,3330,3292,3234,3269,3386,3356,3397,3270,3316,3373,3264,3231,3324,3236,3362,3287,3257,3362,3349,3287,3304,3353,3303,3119,3028,3175,3166,3080,3092,3139,3220,3142,3125,3234,3207,3202,3159,3020,3194,3102,3120,3121,3125,3127,3156,3095,3191,3131,3040,3211,3112,3176,2983,3121,3136,2995,3113,3059,3151,3201,3220,3146,3104,3139,3073,3093,3157,3095,3209,3181,3163,3133,3073,3072,3117,3168,3123,3048,3040,3084,3178,3073,3124,3024,3204,3108,3088
89,890,left,3210,3195,3298,3216,3251,3176,3220,3319,3225,3213,3087,3281,3339,3169,3255,3247,3200,3314,3262,3209,3287,3265,3241,3277,3271,3255,3313,3112,3325,3222,3272,3276,2945,3110,3114,2924,3028,3039,2984,2976,3056,3136,3029,3043,2979,3075,3078,3105,3103,3102,3070,3049,3162,3068,3006,3187,3113,3137,3040,3014,2992,3085,3073,3079,3095,3041,3013,2987,3077,3118,3038,3010,3052,3096,3091,3025,3081,2976,2990,2988,3135,3035,3021,2901,3110,2999,3108,3028,3053,3008,2942,3019,3101,3050,3074,2994
90,900,left,3277,3287,3217,3234,3279,3192,3343,3274,3299,3294,3240,3328,3285,3166,3302,3160,3289,3308,3300,3276,3261,3255,3240,3375,3436,3284,3261,3324,3215,3231,3347,3272,2979,3000,3093,3129,3076,3190,3186,3099,3131,3061,3168,2998,3069,3099,3058,3060,3172,3204,3075,3121,3064,3003,3071,3036,3060,3074,2971,3149,3131,3145,3136,3179,2994,3111,3102,3225,3110,3140,3133,3115,3158,3081,3096,3122,3017,3168,3039,3114,3103,3193,3155,3112,3126,3245,3089,3160,3109,3138,3189,3115,3073,3042,3066,3108
91,910,left,3253,3316,3291,3349,3395,3221,3278,3283,3345,3354,3422,3396,3327,3266,3327,3373,3326,3406,3345,3396,3247,3397,3332,3291,3255,3352,3251,3295,3368,3384,3400,3356,3237,3097,3034,3118,3099,3264,3150,3119,3155,3198,3000,3088,3138,3053,3116,3070,3147,3057,3208,3207,3073,3131,3133,3066,3206,3022,3118,3212,3070,3262,3108,3114,3156,3171,3165,3175,3141,3164,3164,3209,3107,3059,3162,3102,3209,3120,3097,3095,3079,3067,3352,3030,3128,3097,3295,3072,3134,3117,3049,3103,3084,3103,3163,3081
92,920,left,3272,3254,3255,3272,3241,3142,3202,3188,3200,3204,3236,3189,3194,3296,3118,3179,3230,3246,3218,3232,3198,3230,3309,3273,3224,3235,3194,3251,3193,3269,3212,3105,2985,3069,3116,3020,3005,3007,2951,3008,3082,3013,2983,3004,2949,2998,3011,2987,3156,3175,2989,3167,3089,3056,2964,3076,3023,2955,2986,3063,3018,3032,3031,3043,3001,3113,2930,3115,3077,3095,3010,3051,3051,3088,3037,2914,2921,3054,3014,2969,3052,2996,3008,3068,3196,2964,3009,2987,3047,3004,3047,2937,2969,2993,2959,3034
93,930,left,3225,3289,3203,3293,3218,3234,3192,3256,3211,3219,3186,3214,3216,3239,3204,3214,3309,3160,3229,3303,3159,3169,3229,3133,3125,3258,3092,3232,3345,3312,3179,3246,3041,3109,3049,3050,3048,3001,2948,3117,3010,3075,3004,3072,3065,2960,3064,3126,3047,2997,2939,3011,3026,3101,3033,2991,3009,3064,2995,2965,3022,2949,2994,2998,3081,3073,3063,2984,3018,3055,3011,2965,3005,3019,2981,2961,3046,3060,2925,3123,2969,3044,3016,2963,3084,3057,3022,3095,2993,3068,3062,3126,3097,3117,3135,3040
94,940,left,3267,3337,3217,3288,3232,3262,3197,3236,3222,3325,3252,3337,3169,3205,3233,3230,3262,3293,3188,3223,3358,3138,3248,3300,3248,3148,3274,3164,3203,3235,3218,3284,3144,3047,3019,3050,2927,3035,3114,2999,3090,3037,3004,3234,3089,3076,3087,3109,3149,3013,3061,3198,3103,3081,3098,3109,3078,3116,3040,3113,3078,2973,3050,3139,3204,2964,3082,3089,3065,3032,3075,3052,3120,3068,3104,3118,3069,3034,3144,3019,3083,3054,3200,3055,3152,3069,3110,3002,3036,3081,3080,3105,3124,3092,2982,3043
95,950,left,3111,3135,3299,3178,3110,3114,3169,3247,3192,3159,3145,3177,3199,3161,3183,3244,3103,3248,3187,3207,3262,3121,3143,3292,3231,3136,3275,3133,3318,3240,3330,3271,3080,3057,2994,3041,2964,3074,3078,2965,2897,3030,3042,2995,2941,3012,3004,3002,3045,2983,3016,3063,3093,2989,3041,3073,2907,2895,3096,3012,3095,3055,3029,3146,2925,3058,3138,3050,3114,2890,2960,2949,3062,3038,2996,3055,3043,3082,2998,2976,3021,3042,3049,2989,3004,3016,3094,3028,3002,3163,2972,3052,3052,2985,2953,2989
96,960,left,3340,3263,3324,3261,3191,3315,3376,3216,3289,3205,3206,3342,3236,3308,3222,3286,3245,3171,3264,3180,3276,3241,3280,3159,3225,3340,3344,3274,3100,3270,3202,3217,3045,3042,3037,3154,3180,3105,3044,3087,3081,3083,3031,3165,3005,3045,2983,3055,3034,3097,3161,3067,3078,3095,2895,3014,3090,3020,3087,3169,3080,2979,3042,3019,3182,3104,3155,3166,3091,3097,3088,3110,3103,3113,3096,3146,3050,3131,3038,3058,3128,3182,3065,2967,2997,3073,3126,2977,3087,3056,3058,3055,3096,3056,3089,3068
97,970,left,3344,3199,3184,3244,3238,3271,3316,3267,3180,3303,3307,3243,3217,3275,3337,3309,3206,3173,3319,3318,3292,3306,3255,3326,3320,3232,3466,3261,3251,3254,3266,3355,3055,3105,2989,3077,2994,3006,3089,3032,3042,3093,3157,3051,3121,3130,3016,3098,3053,3105,3180,3193,3073,3155,3156,3157,3139,3110,3161,3137,3088,3170,3040,3099,3036,3024,2961,3111,3080,3112,2950,3151,3031,3059,3025,3087,3141,3122,3133,3129,3167,3015,3017,3146,3068,3056,3031,2974,3146,3069,3152,3094,3103,3105,3144,3052
98,980,left,3209,3188,3324,3352,3213,3313,3260,3353,3252,3253,3245,3293,3327,3264,3204,3350,3259,3238,3211,3244,3304,3252,3304,3309,3160,3262,3283,3393,3276,3209,3236,3306,3007,3037,3140,2992,3038,3111,3164,2988,3032,3099,3103,3130,3024,3193,3109,3114,3126,3123,3206,3083,3033,3091,3098,3186,3144,3149,3135,3156,3115,3022,3227,3106,3133,3059,2989,3125,3130,3180,3061,3143,3168,3174,3101,3055,3124,2979,3102,3126,3167,3163,3286,3084,3161,3205,3109,3046,3069,3234,3073,3126,3173,3058,3181,3109
99,990,left,3248,3306,3283,3203,3295,3213,3280,3369,3200,3259,3242,3296,3195,3214,3203,3192,3322,3210,3243,3237,3266,3202,3312,3267,3204,3149,3161,3218,3223,3273,3262,3277,3086,3140,3120,3023,3147,3043,3133,3026,3076,3083,3113,3092,3039,3054,3055,3146,3156,3113,3013,3093,3133,3173,3063,2970,3063,3000,3117,3126,3123,3076,3226,3186,3155,3047,3083,2971,3111,3007,3109,3066,2926,3067,3122,3032,3018,3086,3199,2991,2984,3038,3037,3129,3076,3026,3112,3011,3089,3104,3083,3148,3143,3140,3177,3157
100,1000,left,3245,3077,3218,3237,3217,3175,3252,3162,3300,3221,3172,3293,3273,3135,3181,3199,3114,3230,3283,3215,3206,3270,3206,3203,3099,3234,3184,3131,3196,3235,3303,3220,3068,3036,2927,3129,3101,3013,3011,3012,3055,3112,3102,3155,3048,3097,2989,3082,2988,3047,3032,2997,3138,3008,3001,3108,2873,3085,3046,3095,3008,3039,3036,3034,3085,3006,3061,3095,2994,3092,3150,3055,3076,3106,3056,3104,2957,3072,3119,2899,3093,3040,2967,3059,3082,2998,3000,3123,2939,3023,3022,3085,3099,3032,3060,2931
101,1010,left,3345,3359,3347,3285,3332,3318,3289,3383,3405,3414,3373,3333,3273,3299,3339,3373,3344,3338,3283,3373,3392,3350,3338,3314,3426,3366,3358,3243,3382,3396,3327,3340,3122,3197,3095,3126,3261,3148,3224,3155,3145,3179,3023,3247,3054,3184,3210,3151,3246,3063,3140,3229,3144,3103,3153,3253,3127,3200,3203,3175,3199,3240,3270,3101,3094,3231,3179,3201,3133,3166,3189,3155,3090,3188,3101,3183,3136,3177,3128,3105,3168,3187,3157,3302,3177,3175,3128,3128,3151,3166,3256,3170,3224,3185,3208,3082
102,1020,left,3230,3304,3177,3287,3287,3243,3358,3271,3350,3242,3437,3293,3130,3260,3334,3350,3232,3203,3460,3364,3295,3318,3341,3374,3327,3333,3343,3201,3261,3298,3334,3264,3115,3072,3101,3199,3125,3082,3032,3054,3133,3163,3143,3136,3127,3020,3000,3034,3022,3058,3009,3038,3148,3037,3109,2969,3106,2969,3141,3002,3158,3085,3281,3167,3118,3058,3078,3015,3096,3042,3096,3062,3107,3076,3095,3143,3155,3040,3016,3157,3060,3005,3186,3158,3243,3213,3084,2991,3171,3021,3129,3179,3141,3022,3041,3013
103,1030,left,3252,3170,3211,3266,3136,3177,3188,3192,3201,3139,3292,3292,3267,3180,3220,3205,3361,3301,3297,3270,3294,3306,3200,3341,3287,3244,3182,3203,3263,3181,3221,3203,2978,3089,2962,3036,2972,3092,3007,3068,3040,3201,3095,2990,3035,2984,3005,3011,3100,2976,3067,2940,2996,3003,3033,3010,2992,3035,3050,3032,2968,3150,2998,3058,2997,3064,3078,3203,2953,3027,3130,3064,3002,3121,3093,3117,3103,3059,3145,3131,3087,3101,3036,2966,2871,3107,2980,3184,3095,3146,3041,3147,3021,2976,3089,3135
104,1040,left,3043,3227,3074,3133,3086,3191,3316,3160,3122,3127,3172,3158,3076,3177,3139,3095,3046,3190,3126,3183,3227,3109,3172,3148,3095,3100,3121,3158,3197,3135,3135,3096,2892,2926,2867,3031,3009,2960,2885,2929,3122,3016,2927,2871,3052,2907,2922,2901,2922,2950,2921,2956,2883,2958,2947,2999,2892,2956,2915,3016,3011,2997,2970,3000,2997,2922,2892,2894,2963,2986,2984,2914,2898,2924,2986,3017,2921,3006,3000,2931,2905,2978,2903,2897,2969,3022,3060,2912,2998,2991,2991,2895,3012,2968,2963,2854
105,1050,left,3355,3110,3315,3252,3295,3290,3218,3258,3264,3255,3229,3344,3383,3214,3272,3124,3300,3378,3260,3312,3233,3288,3229,3291,3205,3202,3298,3344,3276,3178,3344,3391,3101,3121,3132,3072,3084,2984,2998,3047,3080,3056,2991,3130,3024,3072,3094,3103,2951,3141,3010,3091,3046,3048,3220,3150,3064,3141,3023,3066,3047,3105,3008,3154,3047,3065,3125,3073,3081,3024,3030,2926,3132,3115,3070,3088,3087,3059,2985,3070,3072,3117,3123,3118,3097,3111,3080,3116,3090,3125,3038,3181,3081,3049,3054,3135
106,1060,left,3316,3288,3335,3278,3220,3258,3288,3364,3268,3344,3220,3244,3334,3334,3340,3309,3306,3314,3345,3201,3305,3340,3384,3275,3253,3255,3262,3177,3320,3294,3304,3149,3033,3054,3053,2999,2951,3191,3085,3067,3120,3007,3045,3111,3124,3105,3068,3232,3106,3075,3136,3149,3027,3011,3033,3111,3181,3171,3145,3108,3026,3027,3107,3101,3204,3047,3015,3090,3163,3186,3124,3139,3066,3144,3046,3025,3184,3150,3070,3077,2992,3034,3125,3069,3043,3107,3062,3033,3118,3103,3023,3158,3144,2886,3192,2984
107,1070,left,3046,3209,3102,3236,3174,3236,3170,3068,3170,3126,3214,3092,3285,3176,3106,3208,3167,3199,3259,3145,3175,3079,3200,3125,3074,3035,3214,3133,3260,3187,3080,3219,2970,2979,2959,2919,3000,2908,3016,2919,2963,3073,2995,2958,3040,3029,2976,2992,3092,3034,2962,3037,2966,2907,3069,2920,2968,2850,3009,2947,3096,3001,3028,2959,3002,2957,3029,2988,3000,2896,2879,2904,3146,2983,2974,3014,2938,2948,3083,3110,3050,3008,2986,3006,3063,2991,2963,3074,2969,2893,2953,2963,3109,3000,3048,2958
108,1080,left,3378,3312,3318,3245,3335,3385,3349,3291,3329,3307,3413,3260,3355,3467,3314,3294,3214,3280,3285,3296,3317,3365,3371,3362,3310,3324,3364,3331,3323,3337,3367,3278,3097,3198,3087,3116,3119,3118,3128,3169,3098,3139,3073,3088,3203,3171,3243,3214,3168,3132,3218,3155,3200,3205,3152,3152,3137,3139,3212,3079,3143,3193,3199,3151,3137,3274,3143,3126,3177,3175,3129,3184,3058,3083,3031,3222,3164,3169,3165,3209,3141,3159,3137,3167,3106,3175,3118,3108,3129,3054,3164,3230,3235,3253,3039,3207
109,1090,left,3200,3114,3140,3219,3159,3212,3136,3335,3206,3135,3209,3202,3340,3232,3084,3278,3152,3132,3272,3239,3148,3282,3283,3215,3251,3288,3238,3133,3091,3186,3330,3297,3114,3020,3000,3033,2977,3068,3078,3072,3054,3091,3068,3112,3103,3049,2943,3124,2952,2948,3105,2958,3062,2988,2946,3052,3102,3030,2931,3062,3132,3097,3001,3018,3054,2930,3017,3046,2968,2999,2994,3079,3060,3008,3165,3093,3151,3029,3160,2976,3003,3101,3060,3020,3132,2984,3045,2971,2988,2873,2909,3093,3093,3092,3032,3110
110,1100,left,3345,3297,3483,3228,3232,3352,3436,3307,3462,3314,3354,3379,3409,3392,3372,3334,3301,3257,3261,3364,3352,3326,3400,3416,3281,3264,3471,3428,3399,3352,3367,3307,3172,3142,3113,3165,3208,3050,3085,3060,3044,3201,3217,3230,3325,3092,3188,3149,3090,3263,3192,3101,3153,3080,3124,3217,3303,3184,3196,3087,3201,3159,3119,3074,3191,3090,3242,3127,3161,3109,3147,3170,3124,3175,3202,3108,3175,3266,3278,3141,3209,3137,3170,3141,3186,3063,3086,3065,3232,3225,3134,3141,3045,3155,3139,3200
111,1110,left,3361,3277,3333,3358,3476,3406,3321,3258,3291,3206,3431,3345,3326,3384,3476,3397,3309,3276,3276,3244,3247,3258,3377,3244,3253,3214,3193,3215,3278,3261,3343,3293,3145,3113,3177,3144,3029,3151,3160,3120,3125,3166,3171,3114,3064,3054,3143,3143,3075,3082,3057,3233,3178,3172,3045,3125,3165,3215,3172,3056,3152,3095,3154,3105,3156,3096,3098,3210,3226,3054,3110,3195,3142,3275,3129,3083,3063,3079,3095,3124,3117,3096,3109,3085,3142,3158,3135,3141,3147,3099,3079,2974,3168,3090,3183,3122
112,1120,left,3256,3287,3268,3296,3289,3246,3280,3197,3313,3334,3369,3313,3332,3247,3267,3233,3259,3308,3298,3277,3259,3206,3325,3265,3073,3371,3194,3325,3288,3294,3319,3221,3033,3071,3075,3123,3101,3117,3056,3115,3040,2881,3109,3060,3169,3083,3149,3126,3142,3060,3161,3007,3081,3062,3122,3084,3021,3061,3112,3101,3118,3103,3047,3134,3088,3039,3104,3013,3058,3043,3080,3147,3061,3120,3076,3021,3168,3023,3057,3113,3041,3101,3059,3114,3070,3016,3139,3039,3005,3059,2972,3057,3018,3082,3049,3176
113,1130,left,3277,3285,3243,3243,3218,3292,3285,3269,3373,3293,3267,3314,3297,3326,3286,3301,3292,3280,3342,3294,3310,3299,3349,3322,3216,3166,3295,3322,3340,3288,3312,3283,3033,3097,3147,3025,3004,2990,3092,3053,3078,3059,3068,3157,3143,3139,3016,3020,3073,3121,3122,3092,3036,2960,3078,3047,3094,3196,3138,3121,3126,3232,3082,3143,3017,3131,3150,3027,2950,3147,2988,3067,3080,3074,3179,3058,3079,3075,3209,3146,3153,3118,3095,3176,3086,3105,3074,3028,3005,3141,3179,3140,3023,3034,2989,3028
114,1140,left,3326,3328,3328,3288,3323,3387,3264,3303,3270,3265,3337,3209,3363,3366,3434,3302,3314,3289,3314,3457,3323,3200,3310,3306,3311,3263,3287,3350,3420,3255,3348,3282,3233,3177,3141,3191,3186,3098,3134,3168,3200,3088,3191,3130,3077,3091,3086,3165,3161,3131,3135,3167,3115,3148,3134,3145,3198,3118,3207,3115,3104,3124,3089,3130,3148,3092,3171,3073,3292,3166,3204,3115,3205,3024,3156,3099,3235,3074,3070,3219,3172,3086,3106,3190,3216,3185,3204,3260,3185,3141,3187,3178,3037,3195,3172,3119
115,1150,left,3304,3297,3140,3360,3380,3322,3318,3140,3172,3310,3312,3285,3172,3182,3296,3201,3262,3228,3184,3438,3290,3264,3276,3230,3251,3168,3313,3270,3275,3250,3261,3322,3099,2985,2920,3012,3114,3063,3068,2978,2970,3021,3196,3043,3128,3041,3022,3050,3176,3033,3050,3048,3093,2968,3083,3161,3146,3051,3076,3120,3106,3112,3121,3073,3048,3098,3181,3183,3189,3118,3064,3133,3054,3127,2990,3109,3137,3071,3059,3215,3109,3143,3134,3097,3196,3142,3109,3150,3108,3021,3111,3087,3177,3125,3056,3039
116,1160,left,3190,3144,3366,3235,3229,3178,3322,3213,3196,3276,3352,3229,3217,3275,3256,3165,3161,3222,3117,3189,3241,3217,3278,3246,3224,3260,3256,3246,3241,3262,3266,3230,3031,3075,3117,3137,3007,3120,2965,3149,2998,3018,3062,3080,3089,3089,3055,3014,3192,3100,2935,3002,2995,3041,2959,2896,3122,3016,3086,2943,3003,2983,3076,3073,3063,3175,3040,3026,3131,3064,3060,3027,3049,3000,2924,2943,3046,3034,3042,3068,3037,3029,3023,3103,3174,3070,3074,3027,2945,3152,2992,2977,3165,3092,3125,3031
117,1170,left,3320,3300,3307,3136,3285,3285,3273,3302,3302,3256,3266,3257,3248,3312,3261,3261,3247,3220,3222,3191,3411,3233,3363,3330,3346,3267,3285,3380,3365,3446,3228,3311,3158,3052,3109,3085,3038,3002,3079,3145,2967,3092,3105,3077,3074,3122,3192,3170,3203,3112,3107,3261,3080,3128,3210,3194,3196,3028,3125,3173,3155,3082,3057,3104,3127,3181,3106,3069,3203,3020,3125,3019,3192,3177,3101,3216,3159,3178,3163,3106,3061,3097,3108,3113,3132,3076,3128,3090,3113,3141,3096,3152,3156,3204,3162,3000
118,1180,left,3293,3269,3247,3188,3188,3253,3200,3328,3217,3208,3254,3133,3126,3311,3213,3176,3169,3244,3130,3247,3169,3319,3184,3151,3236,3215,3239,3159,3255,3191,3174,3130,3078,3093,2953,3008,2970,2935,3007,3086,3064,2977,2982,2927,2950,3119,3026,2958,3029,3014,3105,3084,2877,3087,3020,3040,3135,3064,3047,2992,3052,3035,3009,3092,2998,3100,3025,3143,2921,3017,3011,3032,2935,2954,3065,3002,3077,3120,2875,3150,3094,3185,3037,3033,2964,3101,3106,2963,2795,3040,3123,3089,3090,3013,3125,3070
119,1190,left,3147,3267,3234,3215,3286,3304,3347,3320,3227,3189,3187,3307,3269,3276,3176,3244,3320,3245,3326,3272,3207,3228,3291,3322,3271,3279,3369,3277,3236,3287,3162,3132,3013,3073,3132,3237,3125,3128,3044,2988,3120,3140,3124,3051,3123,3133,3077,3070,3115,3106,3026,3139,3129,3126,3200,3042,3180,3075,3119,3088,3144,3072,3053,3032,3124,3087,3042,3180,3096,3025,3008,3238,3064,3132,3058,3200,3072,3116,3061,3087,3108,3013,3047,3003,3020,3166,3030,3167,3044,3061,3165,3078,3112,3106,3025,3056
120,1200,right,3046,3047,3007,3072,3072,3055,3039,3066,3158,3130,3038,3144,3108,3101,3071,3126,3157,3097,3131,3082,3111,3092,3099,3129,3061,2949,3041,2991,3001,3103,3031,3211,3396,3381,3363,3208,3251,3180,3264,3265,3236,3186,3253,3285,3339,3324,3196,3323,3240,3204,3206,3144,3373,3326,3222,3158,3297,3229,3263,3342,3159,3201,3280,3315,2981,3144,2958,3064,3096,3021,3008,3149,3015,3178,3150,3070,3151,3070,3133,3065,2976,3067,3036,3005,3154,3112,3061,3095,3053,3055,3091,3098,3126,3092,3103,3073
121,1210,right,2976,2953,3073,3049,2992,3088,3029,2968,3049,3113,2994,3100,3053,2956,2950,3165,3076,3030,3051,3084,2905,3068,3055,3164,3003,3107,2997,3038,3051,3010,3085,3071,3339,3222,3258,3258,3073,3264,3284,3199,3185,3096,3238,3257,3237,3171,3286,3132,3178,3188,3194,3213,3121,3332,3196,3166,3252,3232,3253,3168,3257,3229,3204,3156,3019,2927,3007,2933,3114,3040,3033,3053,2997,3115,2958,3014,3047,2975,3048,3019,3057,3027,3140,3068,3016,3090,3084,3035,3118,3045,3080,3016,3087,3064,3088,3084
122,1220,right,3065,3139,3097,2967,3108,3082,3028,3016,3117,3022,3147,3223,3126,3145,3093,3116,2994,3102,3068,3185,3150,3086,3027,3051,3193,3018,3119,3033,3177,3091,3002,3019,3415,3264,3223,3384,3311,3234,3408,3187,3211,3351,3116,3168,3205,3335,3252,3196,3174,3339,3313,3248,3230,3231,3251,3163,3140,3404,3222,3252,3286,3267,3233,3257,3060,3077,3117,3007,3134,3080,3161,3120,3101,3036,3049,3117,3074,3032,3114,3038,3145,3077,3117,3116,3131,3101,3138,3058,3025,3029,3077,3140,3146,3102,3172,3037
123,1230,right,3021,3177,3220,3189,3105,3196,3141,3053,3100,3020,3274,3063,3139,3139,3018,3141,3178,3169,3108,3104,3094,3259,3137,2925,3117,3125,3048,3115,3169,3113,3195,3013,3326,3348,3343,3299,3431,3291,3351,3274,3312,3163,3345,3362,3221,3218,3373,3217,3203,3269,3344,3228,3429,3245,3329,3290,3394,3308,3262,3286,3340,3286,3296,3295,3097,3077,3092,3067,3167,3006,3103,3102,3125,3047,3032,3241,3040,2954,3117,3155,3050,3077,3229,3236,3138,3117,3092,3108,3165,3186,3168,3170,3061,3105,3251,3110
124,1240,right,3060,3050,3021,3027,3112,3075,2997,3017,3072,3124,3052,3073,3095,3065,3060,3014,3029,3118,3063,3148,3086,3113,3058,3004,3057,3171,3090,3166,3077,3059,3064,3018,3302,3254,3227,3262,3265,3237,3207,3101,3262,3198,3195,3241,3302,3227,3179,3180,3269,3158,3305,3231,3205,3220,3240,3267,3267,3279,3144,3313,3294,3259,3293,3144,2953,3084,3017,3118,3101,3085,3098,2998,3169,3123,3049,3000,2977,3061,3097,3108,3017,3041,3038,3038,3108,3066,3034,3028,2982,2979,3158,3047,3019,3187,3060,3029
125,1250,right,3223,3242,3196,3313,3065,3231,3294,3139,3274,3188,3243,3261,3317,3170,3190,3123,3214,3084,3257,3190,3243,3236,3114,3271,3234,3210,3195,3231,3203,3231,3050,3229,3306,3486,3417,3370,3334,3305,3408,3489,3484,3300,3456,3410,3435,3327,3406,3421,3373,3350,3382,3362,3396,3360,3374,3425,3400,3365,3438,3363,3479,3380,3315,3440,3175,3261,3259,3275,3173,3166,3211,3198,3163,3238,3286,3220,3166,3283,3113,3258,3162,3092,3097,3149,3269,3109,3250,3304,3166,3265,3234,3172,3175,3219,3120,3231
126,1260,right,3133,3141,3166,3127,3094,3133,3023,3029,3072,3063,3197,3090,3174,3221,3080,2970,3070,3054,3132,3090,3231,3020,3181,3177,3060,3141,3021,3202,3017,3132,3124,3024,3209,3228,3307,3259,3279,3350,3340,3412,3344,3344,3247,3227,3376,3302,3318,3228,3208,3272,3472,3356,3285,3223,3352,3192,3321,3298,3206,3287,3256,3221,3185,3351,3118,3104,3094,3106,2967,3151,3087,3088,3058,3140,3185,3012,3097,3071,3045,3220,3165,3094,3062,2962,3088,3116,3025,3135,3047,3054,3087,3057,3076,3083,3108,3053
127,1270,right,3115,2983,2886,3032,2993,2998,3054,2987,3050,3097,3070,3116,3119,3063,2996,3048,3062,3102,3107,2994,2974,3103,3032,3071,2965,3102,3226,2950,2991,3088,3058,2915,3224,3216,3198,3136,3286,3285,3248,3223,3164,3248,3284,3250,3139,3240,3313,3200,3153,3256,3154,3143,3180,3228,3221,3253,3238,3328,3165,3158,3119,3362,3338,3279,3007,3058,3116,2958,2977,3077,2967,3042,2997,3052,3036,2961,2984,3083,3058,3089,3110,2973,3006,3064,3060,2913,3027,3072,3043,3036,3078,2979,3049,3091,3063,3008
128,1280,right,2974,3045,3180,3066,3144,3006,3072,3097,3063,3056,3178,3093,3078,3110,3099,3192,3147,3144,3230,3236,3135,3189,3183,3154,3113,3115,3058,3132,3090,3214,3136,3093,3095,3205,3180,3172,3143,3161,3138,3075,3250,3184,3179,3158,3288,3259,3108,3153,3159,3177,3193,3223,3156,3186,3110,3156,3164,3203,3179,3323,3240,3299,3179,3272,3057,3131,3092,3125,2996,3103,3125,2998,3082,3020,3128,3076,3005,3071,3081,3152,3061,3076,3062,3023,3020,3117,2986,3142,2979,2980,3195,3220,3130,3026,3029,3005
129,1290,right,2910,3136,3047,2960,3052,2926,3032,2916,3026,2976,3068,3099,3111,3114,3085,3124,2969,3072,2918,2993,2922,2982,3144,3024,3026,3064,3137,3059,3042,3008,3058,2917,3049,3156,3188,3251,3142,3231,3214,3202,3100,3245,3187,3147,3188,3185,3095,3206,3204,3210,3199,3282,3155,3247,3257,3194,3261,3157,3160,3185,3201,3285,3301,3075,3063,3050,3164,3031,3018,3040,2970,2986,3089,3050,3032,2923,3131,2983,2986,3112,2961,3240,3091,2997,2928,3078,3077,3023,3055,3038,3016,3037,3064,3035,3100,3014
130,1300,right,3102,3128,3049,3020,2982,3072,3055,3064,3037,3030,3071,2988,3109,3020,3042,3085,3096,3053,3014,2971,2968,3023,3082,3077,2980,2956,2887,2989,2976,2998,3008,2982,3306,3243,3155,3215,3232,3247,3158,3260,3255,3231,3221,3199,3260,3264,3220,3199,3190,3206,3226,3257,3179,3152,3185,3171,3261,3246,3180,3175,3235,3244,3165,3363,2949,3016,2920,2945,3041,2943,3025,3075,2960,3071,3057,2990,3057,2995,3005,2936,3029,3024,2974,3067,3014,2938,3053,2955,3031,3120,3126,3119,3040,3046,3072,3006
131,1310,right,2956,3024,2958,2981,3010,3023,3069,3056,3024,2973,3000,2953,3049,2946,3004,2999,3072,3172,3014,3039,2951,3051,3062,2927,2887,3125,3056,3075,3001,3066,2982,3032,3173,3280,3277,3181,3222,3126,3167,3278,3175,3293,3317,3173,3088,3176,3093,3255,3258,3207,3205,3209,3219,3235,3189,3126,3213,3260,3116,3183,3065,3113,3090,3269,2969,2995,2950,2947,2917,2957,3035,2992,3143,2949,2961,2983,2942,2967,2945,2926,2982,2964,2926,2994,3063,2855,3058,3063,2966,3153,3034,2980,3023,3001,2938,3089
132,1320,right,3060,3005,3171,3037,2943,3149,3001,3041,3066,3049,3090,3102,3089,2959,3038,3088,2920,3148,2994,3097,3030,3142,3014,3184,2986,3062,3138,3036,3142,3136,3159,3081,3382,3321,3272,3221,3281,3286,3269,3244,3252,3335,3257,3276,3342,3382,3296,3247,3179,3281,3233,3258,3222,3209,3175,3210,3285,3253,3201,3283,3357,3247,3204,3343,2977,3042,3088,3035,2983,2958,3062,3191,3027,3158,3065,3098,3157,3066,3034,2884,3130,3097,3082,3104,3162,3166,3082,3178,2983,2984,3076,3099,3025,3079,3057,3125
133,1330,right,3088,3046,3088,3011,3067,3120,2991,3069,3018,3024,3075,3070,3088,3071,3103,3018,3081,2974,3046,3025,3150,3036,3077,3086,3051,3105,3152,3114,3018,3209,3058,3018,3241,3207,3229,3191,3302,3228,3234,3247,3261,3163,3288,3196,3213,3206,3211,3290,3118,3237,3316,3259,3178,3308,3158,3216,3187,3114,3255,3280,3267,3253,3215,3269,3015,3048,3163,3090,3097,3086,3070,3052,3127,3112,2951,2986,3119,3044,3120,2972,3134,3127,3069,3006,2968,3055,3100,3081,2974,3047,2993,3070,3073,3204,3076,3106
134,1340,right,2957,2873,3062,3115,3015,2955,3085,2916,3004,2988,3034,2956,3012,3118,3078,3003,2972,2942,3130,2984,3147,2855,3005,3011,2997,2913,3023,3047,3045,3005,3027,2995,3105,3148,3316,3185,3081,3162,3139,3180,3131,3312,3171,3171,3144,3226,3179,3261,3249,3190,3097,3304,3219,3127,3098,3203,3228,3198,3229,3121,3237,3211,3223,3159,3051,2879,2904,3020,3063,3091,3065,3070,2964,2944,2984,2965,3056,3040,2900,3011,2999,3077,2921,2981,2992,2991,2982,2999,2956,2992,3028,3036,3006,2968,2924,3004
135,1350,right,3143,3062,3048,3143,3005,3011,3122,3049,2991,2988,3063,3007,2999,3076,3074,3092,3105,3168,2955,2966,3068,3023,3109,3082,2973,3051,3068,3021,3043,3084,3077,2995,3228,3228,3269,3256,3206,3241,3284,3167,3198,3243,3239,3182,3199,3185,3210,3301,3157,3209,3204,3193,3240,3224,3224,3290,3242,3236,3215,3222,3290,3204,3257,3276,3036,3099,3098,2946,2940,3100,2948,3050,2958,3068,2916,3055,3056,2960,3022,3094,3063,3099,3142,3038,3008,3083,3042,3019,3001,3054,3135,2924,2941,3040,3007,3048
136,1360,right,2996,2811,2916,3054,3098,3094,3035,2972,3088,3032,2985,2838,2977,3034,3056,3070,3071,3144,3082,2940,3066,3078,3088,2993,3094,2977,3071,3043,2994,3076,3038,2993,3182,3173,3287,3182,3257,3275,3148,3252,3112,3317,3197,3136,3099,3295,3111,3209,3301,3172,3214,3141,3273,3081,3131,3237,3231,3176,3161,3258,3074,3326,3250,3204,3017,2870,2929,2910,3011,3002,3098,2997,2845,2924,2924,2966,3078,3094,3057,3081,2993,3011,3027,3025,3070,3058,3032,3063,3030,2991,3032,3028,3136,2968,3095,3066
137,1370,right,2966,3098,2968,2986,3029,3044,3020,3089,3061,3123,3040,3034,2917,3024,3009,3020,2995,3012,3127,3068,3040,2997,3037,3133,3066,3126,2934,3103,3037,2995,3173,3022,3111,3176,3108,3211,3172,3190,3223,3214,3211,3280,3292,3194,3312,3191,3126,3117,3235,3153,3258,3245,3265,3240,3152,3225,3139,3341,3131,3199,3243,3225,3261,3243,3014,3069,2948,2991,3000,3083,3082,2986,2966,3146,2984,3051,2968,3094,2985,2907,3057,2975,3079,3002,2926,3038,3001,3076,2989,2983,3044,2844,2885,3058,3019,3041
138,1380,right,3090,3121,2904,3089,3011,2987,3084,2983,3050,3053,3011,2980,3077,3000,3058,3065,3040,3092,2923,2958,3050,3018,3073,3138,3042,2937,2985,2919,2969,2973,2927,2979,3299,3225,3363,3320,3287,3231,3250,3140,3209,3297,3188,3295,3128,3193,3229,3205,3177,3167,3271,3181,3266,3159,3223,3223,3239,3159,3335,3335,3216,3268,3294,3201,3070,3014,3197,3036,3136,3081,3034,3105,3084,2965,3030,3098,3091,3097,3125,3144,3042,3060,2998,3106,3061,3116,3032,3151,2986,2957,3032,3044,3047,3018,2998,3110
139,1390,right,3046,3120,2936,2914,2970,2934,2998,3066,3001,2969,2996,2932,3029,2990,2958,2876,2979,2932,3019,2978,3016,2990,3012,3071,2885,3094,3001,2938,3050,3092,3102,3017,3167,3180,3230,3073,3202,3221,3217,3231,3205,3228,3181,3213,3083,3231,3302,3106,3176,3261,3179,3162,3255,3198,3205,3228,3212,3137,3220,3155,3250,3117,3171,3188,2921,2953,3075,2946,3038,2946,3010,2939,2912,2971,2987,3092,2993,3030,2956,3059,3025,2978,2980,3155,2969,3094,2990,2908,3041,2976,2987,3010,3010,2932,2987,2974
140,1400,right,3127,3058,3023,3086,3146,3034,3082,3060,3086,2894,3063,3048,3106,3023,2898,2982,3072,3172,3135,3155,2990,3101,3051,2995,3088,3024,3144,3021,3053,3099,3197,3169,3166,3223,3341,3099,3137,3097,3121,3314,3238,3232,3139,3274,3163,3215,3146,3193,3262,3318,3126,3253,3133,3278,3241,3178,3211,3233,3231,3242,3309,3151,3230,3237,3057,2948,3050,2989,3056,3088,3009,3086,3043,3048,2989,2997,3031,2951,3012,3122,3113,3092,3079,3084,3127,3099,3031,3049,3038,2994,3087,2977,3044,2975,3019,3129
141,1410,right,3035,3044,3090,3216,2944,3062,3014,3095,3098,3038,3074,2992,3111,2964,3046,3218,3093,3094,3242,3142,3156,3153,3111,2995,3106,3016,2925,3026,3078,3121,3131,3107,3176,3215,3152,3193,3187,3203,3271,3218,3202,3084,3211,3254,3242,3271,3203,3299,3159,3167,3035,3207,3265,3277,3267,3103,3248,3199,3195,3223,3308,3308,3277,3195,3099,2948,3072,3065,3080,3021,3089,2980,3001,2979,3001,3110,3046,3039,3035,3014,2999,3012,3176,3064,2968,2967,3046,3181,3061,3104,2898,2999,3015,3193,2991,3064
142,1420,right,3011,3249,3154,3212,3118,3178,3193,3130,3062,3228,3079,3190,3239,3182,3131,3105,3216,3135,3225,3229,3088,3254,3127,3121,3250,3289,3254,3224,3103,3158,3233,3090,3417,3395,3397,3340,3434,3377,3337,3261,3294,3370,3279,3451,3289,3299,3428,3393,3370,3439,3410,3382,3240,3386,3318,3310,3317,3447,3383,3322,3413,3355,3337,3306,3103,3241,3177,3163,3288,3157,3100,3157,3158,3177,3189,3215,3166,3248,3229,3251,3219,3183,3154,3155,3145,3105,3139,3149,3001,3226,3239,3202,3188,3131,3124,3182
143,1430,right,3181,3167,3214,3208,3194,3200,3137,3126,3222,3159,3244,3209,3134,3165,3212,3212,3178,3211,3164,3246,3188,3167,3337,3196,3258,3233,3157,3295,3249,3168,3168,3194,3134,3236,3151,3085,3146,3238,3102,3199,3233,3052,3111,3147,3097,3210,3142,3240,3115,3220,3169,3167,3130,3229,3180,3229,3079,3189,3135,3179,3238,3095,3149,3169,3151,3055,3116,3091,3172,3097,3068,2997,3068,3040,3102,3074,3114,3116,3108,3004,3060,3110,3129,3089,3085,3166,3099,3085,3270,3041,3081,3089,3095,3172,3113,3066
144,1440,right,3055,3083,3149,2994,2977,2963,3094,3098,3133,3086,3005,2912,3130,3018,3084,3076,3082,3185,3090,3040,3090,2995,3018,3054,3021,3034,3090,3050,3111,2995,3015,3136,3192,3205,3237,3306,3305,3290,3234,3264,3369,3232,3161,3231,3234,3246,3257,3282,3206,3236,3308,3226,3212,3253,3276,3186,3184,3212,3269,3183,3317,3350,3416,3206,3044,3041,3050,3067,3083,3037,3084,3138,3092,3119,3011,3063,3108,3105,3074,3059,2940,3064,3029,2977,3124,2982,2930,3168,3045,3076,3160,3015,3037,3156,2971,3005
145,1450,right,3110,2962,3165,3151,3078,3143,3043,3042,3108,3111,3127,3126,3071,3197,3154,3084,3068,3008,3096,3095,3032,3094,3117,3100,3124,3064,3131,3136,3095,3053,3124,2994,3219,3289,3284,3270,3247,3355,3292,3304,3271,3284,3197,3255,3297,3260,3257,3291,3255,3217,3326,3186,3277,3169,3214,3368,3323,3117,3287,3177,3282,3294,3096,3292,3000,3109,3045,2985,3077,3099,3087,3140,3114,3113,3223,3074,3112,3025,3080,3022,3161,3175,3155,3067,3123,3043,3104,3134,2977,3133,3118,3081,3124,3118,3170,3102
146,1460,right,3213,3249,3199,3138,3052,3119,3188,3153,3153,3058,3037,3045,3135,3140,3135,3168,2986,3114,3193,3025,3161,3030,3046,3078,3004,3146,3025,3034,3112,3056,3010,3061,3328,3287,3163,3344,3189,3189,3317,3260,3335,3342,3259,3440,3255,3222,3355,3200,3263,3171,3166,3350,3214,3278,3439,3168,3236,3243,3266,3140,3235,3275,3302,3217,3143,3130,3084,2995,3047,3140,3144,3214,3167,3124,3209,3204,2964,3105,3050,3066,3186,3148,3117,3151,2997,3123,3226,3127,3166,3166,3119,3132,3102,3102,3161,3127
147,1470,right,3118,3088,3000,3030,2953,2985,3076,3021,3002,3138,3035,2981,2985,2958,3090,3017,3022,2974,2998,2976,2979,3068,2888,3026,2980,3090,3150,2971,3024,3017,3094,2972,3159,3127,3294,3223,3198,3244,3251,3167,3129,3181,3193,3060,3157,3206,3220,3151,3243,3208,3184,3206,3143,3206,3230,3274,3124,3216,3195,3158,3172,3239,3127,3260,3094,3027,3069,3160,3097,3018,2927,3089,3078,2978,3034,3121,2983,2982,3011,3141,3064,3047,2944,3093,3153,3097,2987,3104,3046,3062,3076,2940,3074,2961,3091,2989
148,1480,right,3132,3039,3102,3090,3129,3077,3068,3072,3114,3197,3154,3051,3122,3030,2979,3153,3075,2970,3155,3118,3059,3125,3069,3127,3116,3101,3181,3201,3071,2960,3005,3004,3161,3261,3207,3262,3364,3366,3211,3404,3108,3308,3293,3267,3327,3265,3217,3305,3276,3225,3227,3316,3235,3296,3223,3315,3315,3263,3342,3389,3197,3208,3322,3255,3069,3132,3148,3117,3043,3109,3069,3138,3136,3108,3079,3003,3064,3041,3012,3001,3131,3036,3180,3079,3091,3013,3047,2996,3010,3094,3082,3075,3111,3157,3225,3046
149,1490,right,3090,3102,3011,3088,2982,3076,3049,3070,3019,3066,3148,3131,3157,2991,3238,3149,3128,3060,3135,3031,3167,2951,3106,3105,3089,3179,3067,3029,3024,3066,3148,3186,3230,3300,3276,3324,3286,3137,3272,3290,3321,3276,3250,3286,3403,3270,3207,3282,3376,3242,3291,3303,3281,3217,3273,3264,3396,3172,3372,3255,3309,3271,3327,3238,3100,2992,3031,3124,3095,3182,3024,3003,3021,3142,3131,3089,3162,3056,3038,3123,3179,3168,3041,3030,3158,3135,3202,3107,3010,3076,3206,3136,3061,3062,2967,3144
150,1500,right,3090,3041,3003,3050,3129,2989,3057,3081,3156,3030,2967,3049,3047,3109,2969,3020,3025,3074,3028,3049,3146,3018,3109,3030,2984,3091,3041,2998,3025,2966,3051,3070,3382,3225,3201,3349,3344,3170,3173,3201,3180,3297,3244,3296,3227,3159,3317,3256,3168,3080,3139,3270,3245,3217,3205,3310,3190,3236,3283,3168,3246,3205,3294,3217,3136,3076,3019,3125,3069,3106,3033,3138,3140,3023,3009,2904,2985,3061,3066,2944,2916,2997,3130,3133,3112,3011,3089,3062,3019,3095,3102,3043,3054,3018,3095,3096
151,1510,right,3011,2999,2921,3107,2921,3048,2950,2971,2981,3005,3035,2858,3027,2951,3041,2923,3136,2940,3138,2998,2969,3038,2969,2912,2984,2997,3024,2855,2968,2903,3041,2968,3157,3082,3284,3159,3075,3140,3251,3220,3140,3216,3081,3117,3241,3151,3126,3102,3111,3286,3153,3135,3209,3291,3090,3145,3230,3175,3108,3138,3132,3049,3157,3104,2932,3054,2945,3074,2978,3047,3069,2899,2857,3067,2968,3035,2930,2931,2948,2996,2973,2964,3002,3014,3029,3033,2985,2933,2958,2949,2988,3123,3030,2969,2986,2983
152,1520,right,3112,3125,3120,3172,3198,3108,3040,3056,3099,3093,2902,3046,3037,3044,3212,3030,3027,3153,3091,3130,3140,3045,3115,3077,3077,3099,3146,3027,2981,3259,3041,3091,3230,3290,3239,3318,3328,3260,3285,3339,3213,3242,3250,3326,3166,3382,3231,3188,3202,3288,3271,3275,3209,3201,3328,3293,3352,3288,3304,3306,3348,3244,3296,3369,3101,3075,3044,3080,3081,3167,3063,2934,2986,3067,3065,3060,2995,3131,3126,3186,3092,3073,3042,3107,3007,3058,3046,3106,3073,3074,3082,2986,3022,3112,2925,3050
153,1530,right,2920,2902,3135,2991,2935,2895,2932,2928,2990,2944,2926,2868,2924,2921,2940,2971,2992,2985,2915,2969,3067,2991,3050,2931,2933,2933,3032,2962,2914,2975,2938,2958,3155,3025,3228,3093,3127,3080,3032,3087,3124,3071,3092,3109,3047,3088,3159,3055,3094,3027,3049,3066,3132,3002,2994,3142,3121,3211,3077,3176,3039,3196,3157,3083,2920,2941,2895,2989,3008,2972,2980,2978,2872,2991,3015,2993,2971,2978,3043,3024,2941,2948,2922,2974,2988,3001,2978,3082,2944,2964,3014,2938,2980,2938,3023,3047
154,1540,right,2985,3161,2993,3154,2981,3052,3039,2974,3075,3140,3032,3106,3043,3016,3070,2972,2977,3025,3081,3128,3009,3087,2931,2981,3073,3088,3123,3011,3016,2992,2975,3052,3201,3251,3134,3214,3291,3203,3205,3290,3235,3263,3217,3264,3267,3211,3199,3222,3153,3112,3218,3291,3223,3338,3218,3242,3246,3228,3209,3211,3315,3208,3173,3288,3054,3161,2990,3154,3096,3022,3142,3075,3051,3062,3107,2998,3023,2972,3044,3108,2909,2995,3040,3144,2978,3070,3067,3103,3041,3110,3052,3146,3127,3041,2991,3160
155,1550,right,3092,3152,2976,3009,3150,3097,3166,3009,3161,3077,3051,3042,3099,3072,3159,3016,3055,3085,3100,3024,3064,3053,3129,3023,3051,3126,2990,3081,3010,3030,3061,3033,3218,3260,3230,3208,3268,3190,3275,3205,3280,3170,3282,3271,3259,3148,3265,3211,3237,3242,3264,3238,3257,3142,3218,3291,3296,3247,3162,3139,3206,3157,3177,3161,2998,3094,2999,3113,3141,3012,3164,3079,3064,3061,3071,3126,3036,3090,3037,3120,3007,3126,3052,3122,3032,3017,2954,2994,3034,3054,3118,2986,2960,3039,3093,3066
156,1560,right,3115,3201,3083,3104,3169,3063,3013,3081,3006,3176,3169,3063,3066,3224,3105,3068,3199,3114,3149,3095,3044,3176,3080,3121,2988,3140,3087,3106,2937,3162,3122,3068,3285,3405,3291,3155,3183,3201,3254,3280,3391,3353,3215,3307,3200,3265,3349,3248,3274,3168,3259,3292,3316,3302,3342,3355,3233,3257,3285,3282,3318,3247,3270,3355,3072,3022,3118,3078,3210,3057,3176,3062,3126,3114,2979,3060,3067,3111,3186,3142,2999,3029,3170,3094,3162,3156,3117,3119,3022,3099,3098,3204,3051,3048,3079,3168
157,1570,right,3231,3112,3067,3128,3111,3026,3198,3119,3051,3162,3151,3006,3093,3038,3054,3178,3177,3141,3128,3150,3035,3042,3017,3028,3154,3125,3071,3109,3104,3068,3087,3002,3253,3367,3238,3327,3274,3265,3196,3318,3283,3300,3321,3374,3162,3352,3249,3182,3272,3239,3349,3224,3201,3229,3282,3256,3198,3171,3259,3148,3291,3199,3274,3245,3148,3186,3101,3039,3035,3088,3115,3182,3089,3134,3044,3053,3132,3151,3071,2994,3037,3036,3079,3108,3179,3097,3044,3102,3126,3133,3120,3025,2986,3056,2988,3126
158,1580,right,3168,3059,3113,3078,3223,3146,3156,3131,3064,3051,3137,3093,3147,3197,3102,3118,3212,3106,3039,3077,3097,3116,3119,3194,3120,3010,3073,3163,3093,3093,3152,3162,3275,3360,3342,3278,3287,3307,3324,3237,3362,3364,3345,3377,3255,3388,3322,3231,3294,3244,3298,3351,3278,3282,3200,3188,3285,3240,3309,3236,3426,3246,3311,3362,3082,3112,3174,3129,3018,3043,3192,3133,3138,3063,3157,3094,3103,3101,3026,3158,3049,3145,3149,2999,3152,3192,3096,3124,3143,3127,3253,3224,3204,3191,3196,3061
159,1590,right,3017,3004,2981,3076,3004,3133,3042,3120,3032,3053,3146,3106,3087,3097,3029,3084,3032,3075,3114,3098,3101,3118,2977,3096,3165,3022,3065,3127,3047,3101,3194,3067,3182,3291,3332,3261,3193,3256,3271,3189,3253,3273,3244,3251,3246,3255,3113,3160,3341,3248,3429,3291,3293,3172,3183,3230,3204,3190,3235,3297,3237,3304,3309,3238,3260,2990,3025,3161,3052,3169,3078,3053,3069,3107,3109,3101,3036,3072,3162,3064,3040,3087,3108,3138,3100,3082,3057,3033,3068,3103,3208,3181,3095,3039,3069,3120
160,1600,right,3062,3109,3156,3064,3093,3099,3031,3045,3111,3110,3076,3129,3026,3167,3110,3097,3025,2982,2964,3045,3037,3128,3111,3050,3024,3025,3034,3077,2934,3205,3149,3143,3245,3228,3258,3194,3240,3263,3227,3214,3357,3281,3215,3277,3339,3189,3330,3289,3275,3131,3153,3327,3280,3346,3251,3411,3341,3355,3355,3253,3250,3249,3195,3305,2990,3083,3079,3123,3228,3059,3130,3123,3130,3175,3124,3146,3083,3169,3107,3138,3112,3106,2987,3064,3054,3025,3088,3041,3032,3137,3041,3127,3084,3080,3146,3199
161,1610,right,3154,3051,3090,3019,3161,3143,2981,3076,3087,3079,3217,3089,3055,3046,3145,3042,3079,3140,3115,3108,3029,3069,3079,3070,3039,3096,3071,2989,3034,3113,3103,3039,3272,3203,3438,3384,3270,3357,3274,3265,3319,3349,3307,3303,3244,3263,3309,3357,3204,3330,3222,3283,3218,3263,3275,3205,3417,3249,3300,3378,3212,3142,3278,3215,3070,3049,3060,2930,3124,3094,3152,3187,3136,3139,2922,3171,3163,3053,3112,3034,3118,3126,3187,3126,3103,3125,3096,3088,3064,2990,3198,3147,3181,3034,3130,3112
162,1620,right,3122,3187,3160,3073,3181,3165,3150,3080,3119,3108,3072,3085,3117,3027,3185,3213,3145,3191,3143,3164,3179,3130,3086,3119,3129,3137,3129,3028,3106,3196,3117,3127,3229,3424,3301,3248,3325,3327,3298,3237,3219,3367,3365,3343,3319,3230,3330,3256,3351,3303,3288,3350,3407,3376,3324,3358,3319,3344,3324,3276,3304,3256,3279,3361,3205,3241,3214,3184,3232,3133,3172,3192,3198,2970,3166,3137,3154,3091,3224,3100,3200,3143,3112,3005,3184,3078,3157,3044,3109,3126,3200,3116,3027,3156,3317,3092
163,1630,right,3213,3041,3065,3095,3009,3122,3133,3106,3184,3030,3131,3190,3188,3059,3270,3146,3108,3040,3063,3138,3000,3066,3086,3080,3146,3171,3079,3007,3183,3042,3124,3183,3261,3333,3417,3274,3323,3364,3194,3277,3249,3313,3274,3305,3399,3350,3171,3246,3437,3390,3266,3317,3118,3392,3285,3278,3217,3305,3224,3202,3225,3246,3207,3323,3106,3037,3127,3152,3094,3127,3169,3000,3142,3102,3077,3052,3033,3150,3171,3064,3052,3078,2927,3135,3131,3167,3172,3209,3103,3238,3170,3136,3169,3069,3139,3110
164,1640,right,3195,3208,3194,3140,3184,3198,3088,3083,3150,3038,3042,3143,3066,3055,3140,3098,3007,3042,3011,3257,3106,3128,3107,3185,3139,3161,3175,3132,3084,3064,3069,3045,3215,3293,3411,3431,3467,3312,3284,3226,3307,3335,3327,3347,3402,3308,3351,3243,3448,3435,3350,3235,3359,3359,3249,3322,3315,3268,3321,3250,3398,3336,3339,3288,3112,3251,3108,3047,3147,3235,3120,3061,3113,3149,3081,3185,3086,3177,3130,3192,3123,3057,3171,3086,3047,3076,3065,3155,3105,3108,3174,3216,3239,3213,3175,3136
165,1650,right,3183,3147,3131,2986,3122,3128,3146,3117,3109,3020,3147,3063,3126,3099,3007,3175,3022,3150,3067,2979,3033,2993,3154,3088,2986,3047,2960,2975,3004,3141,3070,2978,3227,3242,3281,3198,3268,3258,3272,3212,3232,3177,3249,3123,3283,3253,3156,3269,3217,3274,3200,3230,3196,3259,3337,3350,3235,3299,3199,3317,3304,3209,3227,3226,2887,3074,2987,3113,3111,3109,2983,3134,3021,3095,3128,3151,3042,3119,3162,3134,3080,2936,3070,3106,2972,3080,3036,3045,3060,3052,3024,3101,3064,3063,3168,3034
166,1660,right,3115,3017,3132,2979,3041,3161,3098,3085,2947,3023,3212,2985,3003,3129,2983,3079,3164,2996,3113,3132,3081,3113,2973,3000,2988,3101,3044,3017,3031,3010,3099,3096,3162,3359,3178,3213,3202,3222,3291,3251,3164,3246,3200,3171,3254,3177,3268,3262,3294,3080,3266,3289,3131,3313,3249,3325,3191,3234,3248,3302,3221,3234,3103,3313,3098,3020,3016,3097,3093,3087,3020,3027,3116,3054,3099,3158,2952,3086,3027,2985,3109,3130,3095,3069,3053,3039,2994,3023,3052,3105,3127,2957,2982,3086,3064,3039
167,1670,right,3113,3062,3135,3197,2980,3018,3112,3070,3046,3007,3120,3129,3052,3147,3132,3105,3128,3083,3106,3146,3049,3077,3087,3124,3044,3097,3077,3087,3043,3036,3116,3034,3313,3305,3439,3262,3251,3349,3242,3222,3229,3257,3302,3271,3276,3337,3304,3325,3232,3238,3288,3253,3311,3297,3220,3243,3298,3342,3206,3222,3255,3300,3137,3277,3100,3081,3214,3153,3137,3099,3067,3096,2931,2954,3123,3093,3145,3046,3138,3110,3053,3148,3073,3105,3037,3057,3055,3140,3141,3090,3028,2992,3144,3075,3126,3040
168,1680,right,3204,3111,3245,3102,3164,3210,3151,3098,3225,3168,3143,3181,3238,3155,3160,2935,3132,3172,3159,3169,3174,3194,3153,3134,3076,3181,3226,3245,3091,3268,3149,3201,3133,3198,3164,3127,3102,3172,3203,3161,3160,3079,3204,3152,3233,3199,3173,3144,3225,3095,3200,3105,3082,3258,3140,3176,3112,3261,3121,3308,3225,3252,3134,3239,3180,3089,2986,2990,3121,3012,3014,3044,3060,3072,3231,3146,3055,2869,3068,3073,3061,3181,3048,3071,3021,2999,3125,3052,2971,3145,3099,3008,3071,3204,3163,3067
169,1690,right,3192,3125,3016,2984,3090,3067,3108,3107,3026,3029,3097,3127,3125,3120,3055,3025,3175,3046,3123,3130,3169,3101,3097,3171,3130,3064,3098,3143,3069,3208,3152,3145,3114,3275,3273,3229,3328,3241,3135,3215,3276,3337,3293,3138,3361,3309,3167,3222,3181,3364,3214,3320,3296,3250,3264,3216,3331,3181,3328,3364,3312,3258,3250,3318,2999,3089,3085,3131,3078,3070,3190,3102,3147,3205,3143,3122,3043,3072,3046,3255,3112,3201,3086,3016,3094,3039,3079,3095,3087,3036,3152,3050,3199,3132,3094,3086
170,1700,right,2988,3163,3130,3061,2962,3084,3062,3160,2991,3053,3177,3029,3130,3050,3128,2973,3116,3008,3138,3050,3113,3022,3018,3078,3084,3097,2974,3131,3049,3104,3008,3018,3233,3230,3175,3302,3124,3223,3269,3220,3304,3197,3218,3246,3251,3243,3098,3223,3311,3152,3279,3248,3279,3315,3248,3218,3280,3236,3262,3282,3291,3201,3248,3265,3109,3109,2992,2939,3135,3000,2978,3114,3113,2999,3100,3008,3147,3146,2979,3064,3126,3005,3111,3047,3024,3029,3120,3042,3093,2906,3036,3031,3072,3075,3067,2982
171,1710,right,2914,3022,2861,3135,2996,3050,3018,2930,2924,2910,2947,3049,2972,2977,2989,2963,3028,2976,2982,3067,3052,2900,2916,3070,3008,2971,2985,2963,2964,3006,3012,3115,3115,3068,3132,3138,3170,3189,3186,3133,3149,3163,3164,3174,3171,3232,3285,3104,3170,3126,3160,3201,3194,3234,3184,3212,3182,3301,3226,3171,3147,3177,3245,3320,2940,2980,2905,3003,3082,2994,2914,2933,2936,2948,2948,2891,2972,2921,3011,3070,3058,2957,2968,3115,3068,2960,2947,2998,3008,2964,2976,3056,2946,2828,2969,2920
172,1720,right,3086,3090,3052,3074,3054,3056,3179,3079,3136,3044,3131,3058,3030,3112,3081,3224,3057,3050,3064,3029,3027,3140,3110,3154,3039,2996,3106,3120,3104,3040,3062,3192,3296,3274,3330,3314,3323,3314,3216,3339,3256,3398,3293,3353,3353,3287,3389,3284,3311,3324,3367,3269,3278,3291,3331,3317,3201,3278,3227,3351,3256,3321,3330,3300,3163,3089,3048,3091,3158,3117,3028,3110,3039,3088,3169,3196,3071,3057,3058,3098,3035,3075,3078,3164,3095,3078,3035,3169,3226,3142,3096,3166,3156,3120,3128,3124
173,1730,right,2944,2981,2966,3026,2947,2999,3019,3056,3014,3087,2940,2977,3117,3029,3046,2963,3001,3072,3145,3097,2938,2953,2969,3015,2939,2902,3065,3000,2974,3038,3083,2969,3201,3179,3172,3177,3221,3150,3169,3200,3137,3147,3250,3297,3193,3102,3291,3205,3216,3304,3284,3187,3219,3199,3187,3239,3254,3308,3136,3281,3244,3192,3171,3299,3004,3085,2936,3041,3061,3060,2955,2999,2879,3005,2994,2944,3110,3060,3032,2984,3027,2966,2959,2950,2985,2945,3040,3042,2902,3076,3101,3027,3052,3037,2948,3034
174,1740,right,3046,3099,3061,2986,3125,3164,3040,3086,3164,3113,3038,3084,3208,3131,3062,3054,2938,3045,3081,3119,3176,3109,3084,3087,2974,3150,3136,3092,3111,3005,2936,3017,3282,3295,3218,3387,3198,3293,3362,3199,3370,3282,3165,3286,3206,3204,3164,3274,3298,3245,3282,3383,3291,3201,3161,3266,3229,3238,3269,3255,3222,3254,3227,3179,3102,3081,3129,3060,3165,3114,3110,3179,3159,3093,2987,3137,3088,3064,3020,3025,3040,3103,3087,3058,3121,3059,3047,3034,3030,3034,2936,3044,3134,3107,3056,3000
175,1750,right,3100,3038,3178,3108,2941,2906,3067,3097,3001,3001,3141,2999,3057,2867,3093,3064,2997,2956,2997,3009,2970,3032,2964,3063,3001,3122,3006,3008,3077,3049,2979,2978,3215,3199,3199,3313,3220,3235,3270,3370,3346,3084,3159,3188,3249,3272,3188,3286,3103,3279,3297,3157,3219,3241,3147,3225,3162,3204,3233,3191,3164,3198,3112,3173,2959,2924,3044,3064,3005,2871,2959,3016,3070,3085,3002,3096,3093,3071,2977,2980,3054,2988,3046,2936,2993,3017,3025,3045,3038,3053,2995,3025,2921,2967,3059,3009
176,1760,right,3129,3094,3061,3111,3023,2879,3016,3186,3091,2952,3071,3052,3192,3136,3064,3078,3047,3111,3122,3004,3167,3103,3016,3081,3076,3168,2991,3127,3146,3022,3023,3122,3341,3333,3297,3190,3285,3167,3345,3158,3225,3246,3267,3281,3225,3238,3315,3258,3241,3214,3144,3324,3219,3138,3318,3354,3240,3221,3254,3300,3327,3227,3275,3324,3108,3048,3064,3146,3135,3048,3092,3078,3160,3064,3146,3025,3054,3119,3073,3044,3061,2997,2983,3099,3106,3124,3019,2986,3154,3099,3066,2992,3071,3056,3109,3078
177,1770,right,3037,2953,3103,3012,3139,2974,3067,3037,3022,2995,3068,3034,2976,2929,2985,2909,2965,2976,3116,2957,3024,3011,3091,3039,3020,3072,3025,2977,2953,2954,3067,3006,3233,3171,3181,3145,3176,3325,3201,3250,3146,3102,3225,3130,3147,3051,3237,3163,3214,3215,3192,3260,3132,3228,3148,3251,3172,3234,3231,3188,3070,3265,3249,3124,3046,3038,3006,3031,2921,2960,3092,3009,2982,3036,3024,2964,3022,3067,3058,2930,2931,2958,2983,2873,2971,3041,3030,2961,3000,3030,2915,2879,2967,3139,3099,3043
178,1780,right,2977,3118,3069,3032,3115,3119,3106,3111,3126,3165,3187,3141,3083,3031,3192,3075,3138,3131,3098,3037,3026,3066,3214,3166,3206,3198,3151,3207,3090,3035,3147,3057,3310,3273,3307,3340,3199,3243,3320,3323,3209,3324,3288,3265,3273,3322,3250,3246,3255,3195,3286,3390,3286,3298,3262,3349,3213,3292,3247,3311,3302,3148,3263,3339,3164,3138,3117,3105,3018,3151,3158,3118,3075,3041,3142,3195,3122,3183,3102,3110,3064,3153,3042,3191,3061,3108,3098,3116,3171,3089,3112,3087,3113,3112,3105,3088
179,1790,right,3078,2982,3018,3056,3096,3097,3136,3029,3033,3162,2902,3054,3012,3100,3093,2998,3068,3218,3038,3042,2987,2999,3096,3121,3180,3127,3045,3109,3049,3096,3114,3165,3263,3260,3245,3214,3271,3325,3313,3244,3196,3273,3251,3210,3318,3260,3226,3288,3271,3255,3265,3360,3212,3270,3295,3220,3263,3240,3258,3198,3289,3222,3223,3228,3147,3068,3096,3040,3073,3069,3062,3151,3054,3125,3176,3060,3040,3130,3157,3133,2987,3066,3044,3036,3021,3065,2948,3040,3032,3097,3123,3035,3094,2997,3068,3031
180,1800,right,2980,3102,2958,2942,3024,3113,2961,2925,3013,2987,3065,2975,3081,3032,3008,3067,2976,3054,3090,2966,2976,2983,2964,2979,3017,3053,3082,3012,2990,2893,2921,2923,3223,3150,3268,3129,3122,3216,3110,3296,3187,3220,3161,3048,3208,3108,3242,3125,3240,3282,3209,3125,3212,3186,3095,3254,3049,3208,3207,3145,3162,3192,3119,3203,3026,2946,3015,3011,3003,3089,3094,2999,2992,3204,3009,2955,2873,2889,3104,3005,3053,3072,2992,3046,2969,2948,2984,2902,2931,3032,2958,2960,3049,2943,3057,3066
181,1810,right,3110,2930,3033,2965,2983,3046,3020,3049,3056,3034,2965,3069,3002,2951,3106,3052,3095,3051,2891,3037,3096,2925,3110,2984,3031,3014,2972,3113,2945,2880,2859,3045,3303,3253,3195,3224,3288,3192,3224,3237,3149,3222,3195,3152,3241,3174,3076,3228,3202,3232,3179,3142,3183,3116,3236,3172,3234,3178,3189,3201,3156,3126,3135,3128,3060,3076,3044,3018,2952,2986,3031,2953,3102,3071,2962,3027,2959,3138,2935,2945,3040,2917,3080,3038,3050,2996,2922,2999,3122,3000,2963,3152,3052,3127,2945,3041
182,1820,right,3061,2925,3059,3106,3102,3037,2983,3070,3100,3098,3033,3029,2993,3022,3002,3134,3067,3042,3055,3112,3041,3066,2990,3084,3134,3026,3102,3080,3139,3066,3159,3086,3235,3259,3294,3247,3153,3340,3174,3179,3366,3237,3229,3187,3267,3163,3340,3223,3361,3219,3274,3337,3263,3215,3168,3368,3187,3300,3185,3294,3226,3311,3176,3325,2965,2938,3122,3069,2966,3075,2925,3106,3026,2932,3006,3065,2967,3010,3234,3114,3036,3074,3170,2990,2966,3059,3020,3128,3049,3092,3110,3142,3114,3117,3145,3085
183,1830,right,3158,2973,2973,3026,3046,3020,3129,3048,3049,3007,2988,3010,3064,3197,3050,3109,3170,3089,3096,2986,3101,2988,3019,3108,3073,3163,3150,3125,3142,3057,2941,3189,3238,3423,3296,3341,3248,3180,3348,3271,3388,3163,3233,3304,3211,3351,3299,3242,3260,3310,3299,3165,3245,3142,3292,3230,3182,3241,3175,3150,3192,3337,3446,3299,3051,3177,3025,3067,3157,3101,3157,2996,3015,3070,3080,3035,3064,3158,3011,3149,3095,3013,3127,3182,2966,3052,3189,3099,2946,3141,3149,3049,2988,3027,3053,3093
184,1840,right,3099,3103,3217,3119,3084,3038,3216,3138,3107,3117,2974,3204,3156,3074,3055,3048,3159,3117,3099,3032,3131,3047,3111,3157,3114,3115,3116,3194,3172,3027,2966,3137,3190,3316,3163,3371,3306,3235,3296,3328,3308,3400,3247,3373,3257,3258,3310,3365,3412,3299,3281,3340,3273,3210,3364,3348,3202,3363,3275,3256,3171,3211,3211,3232,3056,3148,3040,3109,3157,3030,3071,3193,3169,3103,3203,3023,2964,3083,3099,3187,3068,3054,3167,3067,3120,3083,3033,3110,3150,3110,3054,3122,3102,3139,3062,3146
185,1850,right,3018,3027,3045,3125,3121,2908,2994,3038,2952,3044,3020,3113,3029,3013,3104,3067,3105,2975,3100,3035,3216,3078,3083,3107,3093,3031,3109,3003,3083,3073,3006,3025,3262,3151,3276,3268,3381,3245,3204,3173,3280,3320,3275,3321,3334,3233,3216,3217,3304,3301,3210,3161,3244,3232,3254,3363,3258,3130,3120,3365,3160,3315,3204,3148,3134,3095,3174,3048,3120,2956,3069,3154,3129,2969,2989,3028,3125,3050,2977,3009,3020,3163,3030,3039,3003,3092,3020,3049,3137,3049,2998,3096,3027,3031,3047,3032
186,1860,right,2939,2961,2931,2888,3005,2869,2901,2888,2914,3011,2894,2938,3045,3049,2981,2940,2939,2977,2979,2953,3012,2930,2916,2945,2964,2956,2917,2942,2961,2921,2946,2936,3087,3101,3058,3148,3052,3008,3135,3140,3078,3110,3121,3084,3234,3120,3199,3145,2957,3232,3168,3130,3212,3147,3167,3054,3197,3081,3116,3082,3051,3202,3227,3094,2956,3009,2945,2941,2915,2965,2939,3046,3016,2928,2816,3067,3014,2997,2897,2955,2964,2941,2940,2979,2979,2851,3001,2943,2894,3014,2819,2933,3022,2872,3059,2928
187,1870,right,3053,2994,3011,3192,3127,3055,3000,3050,3142,3078,3043,3059,3026,3118,2995,3083,3112,3138,3163,3119,3114,3056,2963,3103,3101,3026,3098,3058,3180,3096,3199,3071,3284,3313,3192,3310,3312,3253,3293,3280,3279,3283,3242,3294,3325,3188,3278,3387,3351,3297,3375,3218,3228,3298,3321,3253,3346,3258,3272,3280,3353,3291,3348,3305,3068,3069,3186,3118,3114,3075,3054,3090,2977,3014,3149,3045,3003,3162,3147,3098,3122,3056,3068,3004,3111,3080,3201,3109,3076,3053,2965,3107,3103,3101,3154,3054
188,1880,right,3251,3168,3195,3157,3193,3182,3128,3117,3093,3198,3165,3013,3107,3151,2989,3106,3230,3035,3027,3125,3129,3096,3063,3148,3068,3034,3134,3102,3124,3088,3095,3153,3391,3244,3249,3197,3255,3366,3355,3179,3315,3278,3311,3323,3351,3238,3399,3271,3315,3325,3272,3352,3345,3314,3381,3179,3197,3180,3252,3293,3238,3295,3238,3304,3150,3108,3070,3175,3139,2965,3015,3155,3217,3076,3022,3201,3088,3052,3132,3047,3052,3151,3177,3160,3106,3156,3203,3049,3208,3117,3093,3038,3021,3081,3154,3149
189,1890,right,3014,2928,2908,2945,3031,3047,2931,2928,2970,3002,2986,3001,2929,3036,3007,3013,2915,2864,2927,2981,2972,2941,2925,2958,3011,2910,3049,2880,2913,3015,3020,2925,3147,3107,3095,3243,3095,3113,3174,3205,3035,3120,3148,3147,3100,3212,3131,3114,3133,3052,3078,3168,3073,3110,3211,3111,3050,3154,3219,3156,3092,3262,3275,3166,3047,2938,2980,3000,2868,2939,2956,2868,3004,2981,2878,3043,2950,2828,2974,2902,2930,3006,2998,2928,2894,2958,2952,2932,2883,2989,2996,2913,2964,2877,2885,2983
190,1900,right,3000,2990,2977,2886,3047,3032,3045,3020,3036,3036,2962,3053,2997,3039,3169,2948,2976,3076,3069,3052,2977,3017,2980,3013,2984,2945,2941,2942,3057,2919,3210,3012,3140,3210,3247,3109,3137,3208,3218,3174,3257,3200,3153,3228,3280,3079,3296,3216,3058,3288,3203,3149,3201,3207,3165,3177,3182,3135,3121,3149,3207,3185,3150,3059,3069,3048,3140,3065,3031,3070,3075,3032,3047,2967,3085,2977,3023,3028,3179,3049,3117,3058,2997,2997,2970,3014,3032,3024,3004,2981,2944,3060,3110,3069,3009,3011
191,1910,right,3128,3121,3101,3127,3138,3079,3211,3255,3177,3112,3127,3177,3072,3140,3188,3124,3072,3115,3090,3174,3166,3091,3266,3127,3109,3035,3025,3187,3056,3040,3131,3047,3152,3159,3359,3245,3383,3249,3386,3261,3167,3299,3346,3266,3298,3231,3306,3268,3362,3253,3308,3204,3287,3191,3304,3350,3203,3264,3342,3271,3334,3401,3241,3346,3157,3198,3156,3092,3169,3183,3084,3071,3008,3170,3214,3163,2991,3169,3076,3041,3144,3082,3128,3188,3049,3150,3124,3105,3070,3079,3319,3091,3124,3259,3228,3168
192,1920,right,2936,3017,2941,2955,2898,2859,2994,3001,2966,3027,2935,3144,2987,2928,3016,3016,3025,3025,2984,2977,3034,3076,2978,3056,2944,3024,3016,2983,3126,2985,3029,3050,3226,3184,3190,3139,3165,3234,3192,3059,3176,3236,3104,3212,3205,3242,3139,3289,3229,3095,3215,3183,3181,3137,3212,3202,3157,3073,3211,3162,3196,3123,3273,3183,2962,2932,2993,2966,3074,3029,2922,3003,3026,2950,2980,3084,3017,3033,2954,3000,2999,3003,2983,3065,2962,2994,3048,2997,2977,3042,3009,3042,3023,3098,3100,2983
193,1930,right,3131,3176,3123,3078,3112,3095,3113,3198,3194,3138,3188,3157,3137,3031,3041,3131,3188,3182,3190,3121,3074,3113,3191,3061,3059,3156,3096,3109,3288,3207,3161,3152,3338,3301,3174,3262,3371,3319,3342,3379,3319,3338,3296,3247,3377,3368,3336,3356,3342,3237,3325,3374,3386,3299,3442,3300,3273,3360,3465,3356,3331,3326,3288,3290,3161,3127,3040,3069,3103,3051,3123,3240,3160,3283,3225,3185,3105,3019,3149,3132,3112,3139,3123,3095,3019,3223,3028,3106,3131,3170,3167,3074,3174,3057,3152,3097
194,1940,right,2918,3002,2923,2986,3030,3031,2976,3066,3072,3024,3061,2997,3091,3006,2918,2996,2872,2975,2899,3030,3066,2921,2838,2932,2986,2994,3149,3072,3058,2936,3014,3000,3106,3135,3144,3196,3167,3183,3032,3184,3113,3166,3153,3141,3179,3127,3134,3087,3153,3194,3165,3184,3185,3179,3191,3182,3140,3210,3193,3219,3170,3216,3175,3186,2901,2956,2988,2913,3021,3061,3024,3009,2983,3006,2954,3026,3056,3055,3038,2973,2854,2979,2946,2982,3001,3069,2952,3099,2936,2977,3056,3017,2978,2913,3038,2971
195,1950,right,2946,3007,2950,2951,3021,3000,3068,2875,2962,2993,3012,2958,3006,2957,2868,2995,3055,3069,2950,2980,3055,3097,2916,2994,3088,3084,2868,3006,3024,3034,3042,3050,3140,3118,3210,3158,3143,3185,3172,3128,3166,3110,3167,3117,3139,3175,3195,3082,3151,3126,3141,3139,3142,3327,3217,3280,3137,3217,3178,3194,3144,3176,3216,3244,3037,2847,3056,2983,3007,3065,2907,3014,3004,3036,2971,2953,3004,2921,3150,3098,3057,2980,2984,2971,2957,2938,2954,3086,2908,3086,2953,3049,2865,2953,2971,2849
196,1960,right,2935,3019,3044,3015,3007,3036,3042,3045,2996,3043,3032,3009,2911,3013,3001,3039,2961,2928,2954,3053,3028,2995,2992,3026,2979,2804,3080,3004,2876,2962,2984,2962,3157,3166,3173,3168,3071,3257,3314,3199,3167,3042,3231,3171,3361,3281,3178,3065,3142,3161,3156,3111,3147,3090,3093,3168,3172,3162,3163,3154,3196,3152,3183,3180,2970,2899,3016,3059,3067,3054,3051,3105,3023,2975,2967,3032,3004,2955,2948,3025,2831,2864,2975,3077,2972,2995,2860,2982,2942,2953,3076,3038,2942,2945,2972,2959
197,1970,right,3147,3057,2982,3059,3129,3038,3030,3110,3104,3131,3085,3017,3060,3016,2936,3005,2966,3072,3115,3032,3053,3018,2967,3076,3099,3057,2964,3089,3168,3061,3012,3052,3313,3184,3280,3277,3122,3271,3157,3246,3191,3273,3231,3250,3276,3178,3325,3193,3301,3209,3253,3278,3287,3305,3365,3289,3219,3268,3295,3320,3264,3283,3324,3266,3093,3063,3040,3074,3090,3095,3069,3143,3081,3197,3059,3131,3123,3033,3068,3147,3123,3039,2979,3018,3109,3081,3092,3169,3159,3075,3059,3110,3095,3044,3084,3143
198,1980,right,3222,3066,3177,3184,3217,3102,3018,3068,3107,3199,3130,3066,3037,3073,3059,3215,3181,3204,3099,3026,2948,3101,3011,3153,3120,3078,3014,3112,3126,3152,3090,3024,3197,3212,3180,3192,3238,3284,3253,3238,3261,3391,3403,3348,3200,3405,3312,3308,3341,3187,3289,3300,3362,3269,3259,3360,3257,3344,3284,3398,3162,3279,3157,3277,3050,3180,3170,3075,3161,3130,3068,3001,3013,3073,3080,3143,3110,3235,3182,3191,2993,3094,2987,3163,3145,3095,3115,3104,3153,3135,3142,3112,3194,3194,3075,3078
199,1990,right,3047,2988,3141,3031,3034,2979,2977,3037,2942,3024,3022,2929,3069,2970,2942,3070,2920,2958,3042,3093,2961,2950,2925,2952,3061,3020,2991,2974,3033,2937,2969,3081,3249,3177,3113,3085,3164,3167,3247,3211,3175,3219,3218,3182,3160,3141,3233,3078,3143,3152,3145,3058,3203,3007,3129,3137,3139,3148,3184,3152,3148,3158,3228,3142,3008,2886,3035,2946,2807,3038,2991,2969,3006,3028,2975,2850,2968,3006,3045,3008,2963,2949,2923,2959,2981,3005,2877,2972,2845,2989,2993,2881,2907,2906,3010,2917
200,2000,right,2945,3034,3174,3136,2975,3139,3033,3002,3065,3040,3058,3076,3135,3031,3117,3199,3019,3145,2993,3083,3095,3179,3090,3091,3081,3157,3172,3080,3086,3130,3027,3045,3349,3261,3271,3309,3219,3274,3312,3321,3271,3277,3139,3248,3299,3289,3316,3306,3294,3287,3235,3258,3243,3305,3327,3271,3264,3266,3310,3301,3103,3342,3207,3306,3114,3035,3172,3071,3187,3129,3052,3011,3079,3065,3059,3101,3051,3099,3064,3048,3043,3089,3166,3092,3106,3036,3118,3026,3097,3102,3110,3112,3189,2992,3021,3031
201,2010,right,3033,3069,2985,3060,3066,3086,2972,3103,3051,3075,3142,2998,3007,2932,3047,3034,3055,3172,3091,3058,3136,3091,3067,3188,3222,3095,3081,3081,3058,3104,3086,3102,3178,3227,3371,3299,3284,3296,3097,3271,3324,3254,3370,3206,3298,3297,3219,3289,3206,3230,3229,3172,3295,3248,3342,3199,3163,3207,3294,3196,3208,3161,3434,3297,2944,3020,3035,3159,2967,3144,3026,3103,3108,3157,3094,3244,3006,3140,3139,3141,3035,3020,3013,3058,3169,3224,3011,3084,3051,2981,3172,3084,3092,3123,3198,3084
202,2020,right,3066,3151,3184,3137,3041,3089,3086,3149,3042,3163,3137,3131,3203,3009,3118,3151,3092,3161,3110,3222,3038,3090,3092,3070,3014,3115,3225,3106,3117,3097,3159,3234,3357,3196,3223,3343,3249,3253,3273,3310,3344,3350,3251,3281,3252,3337,3295,3312,3419,3332,3258,3326,3363,3322,3205,3266,3234,3366,3328,3257,3371,3182,3276,3383,3040,3055,3140,3161,3120,3024,3074,3107,3039,3092,2966,3126,3087,3118,3081,3063,3146,3013,3099,3014,3058,3076,3205,3162,3136,3025,3150,3090,3183,3216,3105,3120
203,2030,right,3139,3065,3163,3097,3252,3024,3166,3086,3124,3068,3251,3160,3079,3049,3133,3084,3097,3024,3036,3104,3227,3166,3037,3131,3048,3182,3043,3138,3139,3084,3176,3107,3255,3245,3252,3471,3346,3346,3375,3222,3315,3269,3306,3290,3136,3226,3263,3176,3096,3302,3250,3352,3265,3300,3271,3219,3286,3303,3234,3372,3300,3177,3254,3307,3207,2974,2985,3177,3138,2985,3053,3130,2963,3045,3204,3078,3106,3123,3144,3221,3083,3205,3141,3101,2950,3118,3060,3153,3130,3215,3176,3099,3150,3063,3127,3040
204,2040,right,3059,3109,3030,3144,3053,3061,3034,3100,3094,3082,3048,3201,3061,3031,2995,2993,3137,3137,3101,3175,3045,3035,3008,3110,3146,3063,3040,3164,3085,2990,3074,3112,3227,3240,3285,3290,3284,3168,3224,3175,3270,3251,3299,3345,3299,3288,3124,3325,3291,3188,3264,3227,3260,3280,3297,3276,3259,3214,3235,3264,3288,3180,3282,3169,3008,3082,3083,3266,2992,3140,3111,3009,3098,3118,3066,3159,3051,3141,3070,2991,2984,3029,2915,3100,3176,3114,2967,3109,3182,3116,3111,3126,3007,3104,3101,3148
205,2050,right,3018,3127,3116,3153,3023,3072,3054,3069,3065,3127,3145,3218,2989,3118,3073,3083,2983,3067,3052,3035,3044,3234,3132,2975,3159,3014,2976,3152,2980,3172,3062,3081,3309,3341,3225,3311,3270,3268,3188,3240,3244,3222,3279,3279,3254,3362,3281,3236,3265,3320,3246,3269,3381,3268,3272,3238,3265,3203,3196,3099,3196,3272,3238,3295,3024,3125,3077,3072,2991,3051,3093,3046,3049,3016,3056,3109,3081,3122,3011,3150,3119,3095,3147,3034,3110,3100,3029,3086,3048,3195,3080,3133,3064,3092,3080,3070
206,2060,right,3069,3117,3239,3106,3170,3054,3079,3167,3115,3062,3057,3095,3011,3079,3143,3045,3031,3158,3159,3010,3031,3056,3088,3011,3153,3049,3043,3100,3077,3159,3113,3008,3336,3285,3189,3143,3212,3212,3139,3229,3152,3225,3203,3245,3235,3143,3143,3090,3250,3183,3232,3165,3201,3217,3214,3114,3144,3086,3061,3110,3158,3170,3135,3163,3051,3091,3055,3112,2976,2982,2984,3094,3055,3084,2927,3082,2986,3014,3035,3097,2995,3078,2994,3022,3231,3122,3094,3073,3003,2931,3032,3036,3058,3101,2906,3014
207,2070,right,3071,3086,3120,3085,3133,3155,3034,3118,3065,3126,3027,3112,3057,3084,3186,3208,3050,3090,3131,3170,3135,3092,3024,3124,3226,3150,3132,3213,3051,3007,3100,3170,3324,3354,3404,3287,3185,3351,3307,3415,3213,3322,3322,3347,3269,3340,3271,3243,3308,3261,3345,3300,3367,3206,3256,3336,3284,3338,3314,3272,3209,3316,3219,3316,3255,3199,3166,3130,3118,3130,3118,3095,3184,3138,3096,3165,2954,3178,3093,3175,3070,3121,3034,2964,3198,3081,3113,3030,3132,2959,3000,3107,3067,3106,3052,3076
208,2080,right,3120,3030,3068,3063,3136,3077,3148,3064,3039,3093,3067,3068,3024,3072,2991,3048,3090,3000,3067,3048,3120,3019,3117,3085,3044,3023,3044,3018,3149,3062,3009,3002,3330,3248,3249,3189,3345,3246,3087,3234,3200,3197,3289,3256,3197,3314,3205,3289,3267,3179,3221,3246,3103,3284,3283,3189,3123,3217,3216,3239,3341,3237,3293,3294,3108,3051,3080,2989,3040,3035,3013,3079,3013,3036,3006,3087,3052,3101,3105,3013,3089,3048,3159,3135,3126,3119,3096,3071,3161,3078,3020,3102,3089,3013,3012,3082
209,2090,right,3033,3084,3198,3241,3177,3082,3127,3142,3119,3118,3158,3097,3089,3114,3166,3063,3166,3167,3095,3131,3084,2994,3117,3116,3081,3136,2991,3124,3206,3232,3035,3116,3270,3409,3247,3184,3332,3202,3345,3254,3261,3305,3299,3323,3268,3389,3206,3361,3285,3237,3331,3194,3353,3368,3433,3353,3312,3411,3248,3301,3329,3324,3381,3265,3089,3117,3081,3041,3128,3166,3190,3186,3140,3117,3200,3187,3142,3125,3080,3106,3109,3115,3100,3157,3029,3013,3059,3095,3168,3126,3109,3157,3049,3076,2999,3139
210,2100,right,3137,3097,3078,3004,3144,3061,2925,3036,3046,3146,3078,2990,3077,3067,3128,3092,3109,3149,3017,3177,3163,3087,3075,3111,3193,2972,3096,3180,3064,3114,3125,3074,3284,3275,3262,3276,3292,3319,3379,3316,3174,3243,3401,3248,3314,3274,3214,3227,3308,3269,3285,3257,3337,3211,3329,3282,3295,3310,3164,3264,3208,3335,3447,3232,3063,3051,3087,3082,3071,3095,3055,3084,3048,3202,3070,3074,3112,3014,3040,3132,3029,3120,3169,3080,3040,3089,3020,3091,3144,3118,3165,3094,3058,3019,3073,3128
211,2110,right,3016,2910,2913,3080,3034,2953,3008,3026,2982,3023,2938,2937,2966,2963,2988,2989,3010,3004,2947,3003,2985,3009,2995,2953,2924,3126,2979,2995,2985,3073,2957,3034,3012,3129,3198,3114,3310,3165,3185,3164,3184,3135,3177,3145,3245,3191,3303,3163,3116,3074,3284,3215,3259,3209,3240,3247,3170,3250,3196,3082,3209,3152,3146,3198,3062,2930,3016,2945,3008,2876,3023,3064,3019,2965,3132,3068,3029,3027,3062,3079,3020,2914,3065,2981,3011,2961,3015,2986,2937,2962,3055,3012,2981,3024,2962,2947
212,2120,right,3042,3050,3098,3166,3050,3065,3102,3091,3070,3033,3054,3037,3175,3067,2988,3158,3099,3200,3130,3046,3055,3003,3200,3164,3083,3195,3120,3179,3049,3217,3112,3209,3361,3280,3281,3262,3281,3338,3290,3269,3288,3255,3336,3291,3244,3294,3307,3253,3272,3251,3355,3413,3245,3208,3461,3221,3229,3348,3331,3295,3244,3386,3248,3355,3170,3038,3033,3184,3002,3021,3023,3106,3130,3131,3051,3063,3034,3057,3114,3170,3075,3121,3131,3104,3078,2986,3155,3084,3179,3158,2999,3111,3045,3079,3079,3097
213,2130,right,2922,3004,3097,3038,3078,3061,3177,3104,3089,3164,3067,3068,3089,3118,3040,3094,3091,3076,2952,3149,2993,3070,3007,3103,3141,2984,3097,2956,3046,3062,3129,3079,3286,3325,3335,3248,3234,3232,3269,3254,3208,3178,3203,3319,3270,3183,3178,3212,3256,3193,3263,3261,3260,3210,3337,3169,3345,3349,3272,3202,3293,3125,3377,3267,3181,3090,3102,3102,3078,3157,2993,3132,3178,3045,3019,3081,3084,3041,3012,3147,3109,3041,3050,2914,3085,3145,3004,3089,3124,3079,3032,3036,3101,3006,3039,3118
214,2140,right,2999,3089,3247,3038,3022,3055,3046,3157,3124,3057,3128,3023,3063,2969,3086,3129,3132,3033,3071,3203,3055,3003,3215,2975,2932,3159,3096,3065,3097,2973,3112,3118,3067,3217,3281,3326,3290,3285,3189,3274,3229,3263,3229,3213,3224,3346,3398,3315,3309,3262,3274,3233,3295,3344,3221,3258,3358,3245,3200,3238,3310,3237,3330,3310,2988,3074,3051,3082,3136,3143,3027,3088,3065,3018,3178,3043,3040,3018,2939,3127,3255,3042,3040,2985,3059,3082,3099,3053,3035,3117,3130,3129,3076,3066,3088,3075
215,2150,right,2949,3142,3063,3188,3053,3132,3033,2993,3076,2990,3129,3028,3064,3075,3125,3081,3171,3101,3162,3092,3075,3160,2943,3200,2959,3026,3045,3065,2875,3080,3103,3186,3134,3176,3156,3187,3257,3063,3298,3231,3297,3186,3249,3394,3173,3175,3170,3370,3199,3326,3319,3162,3202,3284,3242,3163,3194,3348,3295,3321,3258,3237,3254,3202,2987,3074,3035,3012,3089,3068,3114,3072,3040,3087,3073,3056,3048,3077,2995,3121,3056,3030,3084,3099,3138,3159,2927,3137,3085,3054,2983,2982,3024,3069,3159,3122
216,2160,right,3303,3200,3195,3092,3128,3140,3196,3150,3092,3198,3079,3192,3089,3204,3103,3226,3167,3128,3119,3050,3141,3141,3118,3199,3313,3093,3115,3321,3147,3259,3223,3162,3357,3296,3301,3334,3213,3319,3291,3226,3370,3303,3244,3308,3283,3333,3313,3401,3204,3325,3397,3316,3342,3365,3331,3414,3342,3361,3321,3349,3411,3291,3388,3375,3173,3132,3186,3143,3152,3192,3150,3160,3192,3047,3066,3086,3056,3118,3189,3121,3100,3138,3081,3249,3117,3152,3194,3137,3031,3207,3232,3106,3102,3149,3049,3097
217,2170,right,3107,3181,3098,3061,3122,3103,3030,3041,3094,3093,3076,3078,3077,3010,3082,3041,3124,2974,3086,3110,3154,3071,3080,3097,3041,3052,3049,3081,3120,2994,2973,3207,3229,3263,3133,3301,3336,3167,3239,3220,3266,3160,3220,3291,3186,3254,3416,3251,3248,3226,3213,3271,3314,3298,3303,3227,3259,3258,3297,3180,3202,3251,3285,3296,3107,3002,3178,3022,2965,2923,3034,3170,3073,3050,3084,2977,3068,3110,2894,2984,3058,2977,3072,3153,3061,3113,3124,3046,3149,3053,3182,3035,3012,3080,3135,3003
218,2180,right,2962,2927,2960,2923,2932,2907,3092,2995,3035,2989,2988,3089,2932,2990,2952,3036,2949,3082,2971,2982,2976,3043,3034,2962,3013,3095,2946,3046,3040,2991,2931,3026,3158,3248,3210,3188,3104,3276,3292,2987,3251,3090,3172,3182,3152,3216,3235,3124,3135,3239,3126,3113,3174,3194,3127,3135,3280,3196,3194,3123,3233,3204,3151,3065,2959,2955,2851,2966,3022,3083,2993,2880,2891,3032,2995,2945,2977,2968,2941,3105,3008,2977,2921,2994,2887,2949,2938,2951,2996,2803,3088,2920,2954,3022,2939,2941
219,2190,right,3170,3086,3080,3106,3062,3146,3109,3023,3058,3050,2958,3060,3075,3041,3014,3052,3026,3190,3092,3100,3056,3066,2997,3059,3081,2992,3054,3032,3066,3175,3128,3165,3243,3261,3371,3315,3246,3315,3375,3299,3331,3250,3214,3320,3236,3187,3209,3253,3150,3257,3298,3313,3260,3266,3238,3233,3258,3254,3186,3233,3330,3238,3253,3226,3122,3078,3035,3058,3061,3010,2995,3116,3047,3098,3025,3046,3123,3142,3044,3049,3177,3051,3120,3101,3135,3053,3111,3099,3012,3006,3011,3082,3053,2817,3154,3043
220,2200,right,3196,3126,3094,3113,3059,3237,3127,3073,3172,3125,3083,3262,3112,3112,3184,3008,3037,3142,3212,3100,3111,3270,3063,3118,3184,3266,3026,3244,3186,3030,3232,3153,3311,3295,3214,3282,3299,3360,3342,3280,3311,3311,3267,3176,3443,3298,3326,3494,3166,3220,3357,3323,3396,3441,3264,3269,3290,3419,3299,3311,3310,3239,3280,3331,3119,3066,3066,3316,3191,3284,3125,3243,3062,3094,3168,3046,3050,3158,3194,3141,3130,3097,3118,3210,3087,3085,3083,3128,3153,3106,3049,3110,3122,3130,3136,3207
221,2210,right,3067,3038,2966,3103,2971,2958,3022,3052,3067,3109,2942,3111,3026,3083,3032,3081,2944,3014,3030,2935,2991,3028,3114,2977,3047,3057,3034,3050,2918,2997,3079,3001,3275,3189,3212,3253,3154,3188,3157,3337,3166,3316,3186,3294,3172,3271,3184,3131,3221,3188,3281,3166,3293,3148,3155,3199,3204,3095,3296,3281,3170,3190,3211,3182,2978,3020,3149,3033,3122,2912,2944,3058,3065,3012,2984,3029,2998,3040,3066,2994,3067,3027,3024,2941,3155,3013,3010,3071,3038,3080,2980,3015,3013,3090,3023,2999
222,2220,right,3296,3211,3187,3170,3366,3087,3255,3250,3174,3275,3181,3168,3123,3218,3248,3201,3124,3108,3128,3163,3257,3285,3178,3232,3153,3168,3125,3115,3152,3113,3002,3155,3292,3439,3315,3376,3268,3298,3371,3445,3386,3376,3290,3384,3301,3256,3340,3294,3281,3284,3345,3282,3435,3338,3386,3146,3416,3269,3327,3349,3383,3420,3379,3253,3113,3156,3153,3121,3091,3202,3150,3134,3083,3142,3141,3181,3139,3133,3178,3328,3222,3205,3174,3270,3189,3296,3198,3182,3327,3121,3158,3147,3160,3270,3204,3192
223,2230,right,2998,3142,3024,2953,3057,3041,3043,3105,3123,3045,3054,3121,3139,3063,3172,2962,3048,3039,2995,2999,3017,3008,3118,2941,3014,3123,2882,3085,3008,2965,2999,3051,3217,3167,3271,3259,3153,3189,3209,3285,3256,3305,3228,3268,3296,3206,3170,3269,3258,3253,3162,3172,3199,3251,3387,3145,3144,3209,3243,3143,3296,3095,3189,3178,2976,3024,3012,3087,3009,3089,3116,2968,2899,2954,2959,3125,3086,3041,3113,2947,3076,3053,3055,2940,3025,3131,3090,2981,3073,2979,2924,2943,3084,3027,3076,2950
224,2240,right,3023,2993,3002,3134,3052,3073,3098,3051,2915,3086,3059,2970,2991,3085,3009,3011,2941,3060,3105,3058,3070,3014,2995,3078,3002,3059,3141,2921,2913,3013,2882,2998,3305,3200,3288,3138,3328,3163,3264,3234,3258,3347,3210,3193,3093,3312,3187,3170,3117,3153,3165,3208,3134,3237,3228,3269,3204,3085,3242,3289,3157,3229,3216,3269,2950,3145,2989,2992,3093,2995,3111,2986,3080,2985,2999,3012,3121,3000,3033,3039,2997,3139,3081,3141,3050,2981,3057,3062,3034,2991,3079,2874,2977,3073,2926,3002
225,2250,right,3016,3113,3111,3099,3075,3097,2991,3164,3088,3002,3192,3108,3212,3011,3104,3187,3030,3011,3168,3114,3121,3054,3070,3060,3116,3103,3087,3083,3145,3135,3079,2954,3328,3267,3399,3308,3179,3152,3252,3337,3307,3300,3365,3261,3233,3284,3255,3330,3305,3321,3330,3343,3226,3235,3306,3314,3296,3207,3242,3263,3228,3339,3291,3239,2980,3071,3075,3072,3008,2955,3070,3181,2961,3101,3204,3009,3095,3026,3110,2896,3169,3128,3061,3077,3062,3142,3109,3099,2951,3101,3049,3040,3205,3041,3132,3070
226,2260,right,3094,2995,3095,3054,2936,2927,3045,3025,3021,3028,2989,3127,3103,3019,3045,3016,2957,3081,3068,3012,2945,2843,2929,3033,3018,3021,3102,3040,3041,2987,2912,3025,3199,3087,3304,3208,3238,3212,3259,3233,3303,3203,3205,3304,3122,3151,3140,3215,3077,3244,3194,3358,3144,3219,3236,3190,3243,3182,3193,3282,3229,3278,3137,3247,3070,2966,2994,2915,3125,3110,3146,3023,3020,3077,3030,3172,3046,3029,3003,3012,3026,2975,2986,3131,2966,3140,3062,3094,3096,3019,2985,3019,3057,3009,3048,3056
227,2270,right,3096,3080,3062,3152,3160,3128,3055,3147,3151,3122,3015,3158,3174,3086,3151,3230,3167,3254,3141,3249,3189,3120,3071,3228,3145,3125,3099,3173,3121,3126,3186,3110,3264,3391,3337,3341,3272,3272,3281,3314,3380,3368,3326,3410,3440,3342,3315,3265,3400,3411,3284,3342,3360,3464,3402,3374,3257,3325,3358,3337,3338,3197,3402,3254,2975,3109,3193,3262,3201,3182,3139,3184,3091,3093,3183,3178,3148,3203,3201,3100,3212,3129,3214,3050,3148,3067,3167,3116,3080,3164,3191,3146,3101,3069,3187,3179
228,2280,right,3000,3076,3077,3060,3068,3085,3139,2971,3159,3197,3143,3095,3116,3043,3164,3167,3006,3185,3107,3252,3040,3026,2976,3127,3005,3169,3094,3065,3095,3000,3059,3133,3271,3288,3347,3298,3203,3308,3281,3308,3379,3426,3297,3313,3319,3356,3279,3331,3207,3264,3268,3367,3301,3318,3274,3251,3307,3240,3244,3357,3309,3233,3302,3277,3122,3120,3218,3062,3090,3121,3051,2995,3179,3107,3096,3119,3056,3055,3232,3119,3110,3139,3119,3221,3016,3039,3038,3069,3173,3068,3101,3103,3035,3132,3085,3232
229,2290,right,3128,3094,3108,3076,3089,3045,3094,3090,3094,3031,3094,3065,3052,3094,2994,2981,3044,3009,3207,3088,3051,3100,3206,2929,3168,3043,3024,3158,3026,3095,3190,3128,3167,3267,3335,3344,3232,3154,3282,3222,3246,3359,3331,3229,3231,3258,3283,3336,3169,3228,3206,3335,3346,3151,3290,3286,3377,3196,3327,3154,3215,3320,3212,3268,3141,2947,3077,3240,3194,3045,3069,3029,3109,3034,3035,3039,3185,3110,3082,3179,3093,3079,3084,3075,3046,3050,2986,3139,2966,3108,3154,3002,3125,3077,3073,3059
230,2300,right,3077,3087,3077,3160,3132,3215,3138,3085,3206,3144,3119,3026,3022,3085,3088,3065,3028,3086,3146,3085,3084,2952,3022,3061,3097,3081,2973,3081,2921,3043,3007,3091,3318,3300,3126,3298,3352,3332,3353,3288,3281,3345,3184,3277,3311,3227,3264,3251,3293,3174,3250,3332,3258,3353,3195,3202,3220,3192,3242,3288,3238,3313,3263,3298,3106,3182,3117,3122,3061,3071,3028,3052,3057,3111,3110,3056,3063,3077,3219,3096,3236,3052,2986,3118,3076,3121,3044,3062,3145,3207,3131,3122,3080,3147,3043,3170
231,2310,right,3233,3148,3157,3084,3118,3089,3100,3135,3185,3062,3095,2999,3140,3088,3070,3128,3168,3256,3073,3246,3115,3189,3203,3073,3054,3116,3035,3139,3084,3152,2866,3169,3216,3222,3385,3263,3237,3326,3269,3295,3290,3288,3208,3306,3242,3363,3269,3198,3303,3343,3251,3306,3185,3310,3250,3305,3187,3312,3369,3235,3370,3238,3308,3284,2979,3140,3108,2998,3119,3041,3092,3143,3114,2937,3143,3070,3044,3022,3132,3066,3088,3044,3122,3029,3186,3168,3120,3151,3074,3026,3141,3083,3050,3134,3070,3009
232,2320,right,2986,3078,2983,3026,3003,2967,3041,3099,3098,3049,3003,3080,2989,3205,3107,3039,3100,3085,3045,3106,3090,3035,3077,3116,3193,3014,3037,3135,3106,2982,3029,3118,3367,3193,3322,3214,3176,3221,3239,3248,3254,3195,3291,3157,3108,3325,3271,3197,3246,3160,3201,3202,3199,3210,3290,3208,3274,3137,3109,3270,3299,3246,3175,3197,3065,3022,3038,3001,3080,3032,3121,3070,2998,3117,3014,3113,3090,3097,3057,3008,2977,3035,3136,3079,3120,3049,3040,3025,3180,3108,3033,3082,3099,3086,3057,3004
233,2330,right,3206,3158,3202,3184,3210,3211,3107,3156,3109,3150,3199,3099,3233,3142,3178,3220,3202,3129,3182,3214,3165,2991,3154,3159,3196,3156,3063,3255,3103,3187,3146,3073,3226,3399,3321,3288,3442,3300,3279,3368,3325,3357,3231,3354,3340,3330,3293,3351,3301,3337,3331,3415,3353,3430,3374,3238,3279,3350,3372,3342,3268,3434,3448,3397,3214,3093,3162,3073,3224,3136,3097,3193,3165,3156,3098,3189,3155,3066,3168,3212,3286,3216,3136,3172,3096,3149,3147,3086,3325,3144,3012,3126,3147,3224,3132,3172
234,2340,right,3135,3100,3137,3068,3081,3064,3109,3003,3184,3010,3139,3059,2999,3051,3153,3037,3018,3163,3161,3179,3175,3142,3101,3135,3059,2967,3112,3021,3087,3002,3140,3004,3187,3262,3259,3245,3275,3210,3312,3262,3313,3244,3229,3288,3191,3213,3248,3278,3361,3234,3315,3198,3351,3151,3303,3256,3312,3428,3275,3363,3247,3380,3244,3336,3164,3168,3146,3032,3204,3087,3157,3219,3051,3089,3028,3099,3160,3122,3030,3035,2991,3114,3061,3100,3206,3122,3195,3117,2903,3042,3011,3095,3152,2998,3036,3101
235,2350,right,3028,3068,3073,2972,2975,3032,3052,2953,3064,3014,2936,3071,2988,3064,2981,2893,2902,2986,2974,3017,3014,3035,2954,2860,2962,3048,3153,3018,3025,3122,3005,2965,3199,3190,3284,3131,3156,3274,3257,3277,3207,3132,3174,3170,3237,3224,3168,3169,3103,3267,3130,3198,3102,3183,3254,3196,3252,3163,3238,3305,3059,3172,3265,3188,2952,2999,3029,3047,2974,3035,2972,2997,3013,3062,3018,3094,3024,3011,3080,3038,2954,3061,3054,3018,2984,2991,3130,3008,3059,3070,3104,3070,2950,3085,2991,3101
236,2360,right,3074,3126,3033,3074,3126,3159,2994,3202,3078,3099,3142,3164,3065,3229,3105,3184,3143,3081,3208,3038,3159,3135,3072,3199,3066,3192,3173,3029,3223,3170,3077,3113,3332,3354,3248,3344,3339,3251,3273,3321,3308,3226,3314,3266,3372,3392,3290,3223,3374,3253,3275,3244,3299,3218,3222,3277,3277,3192,3345,3313,3281,3290,3333,3269,3135,3098,3044,2998,3152,3026,3112,3098,3193,3057,3065,3114,3263,3135,3111,3126,3119,3218,3137,3138,3118,3088,3153,3235,3154,3066,3066,3072,3051,3086,3167,3084
237,2370,right,3098,3089,3061,2969,3008,3067,2980,3012,3110,3099,3111,3025,3075,3020,3043,3161,3161,3116,3126,3063,3100,3122,3093,3143,3026,3123,3091,3213,3092,3184,3214,3043,3313,3323,3140,3386,3359,3251,3326,3298,3297,3320,3355,3401,3224,3259,3197,3297,3272,3310,3265,3192,3288,3313,3389,3269,3298,3309,3281,3404,3265,3342,3242,3235,3027,3215,3151,3135,3087,3034,3053,3034,3017,3011,3202,3043,3220,2998,3118,3023,3137,3037,3043,3049,3188,3132,3051,3039,3113,3113,3047,3063,3165,3065,3068,3138
238,2380,right,3104,3116,3174,3233,3170,3157,3064,3111,3081,3217,3146,3112,3038,3198,3081,3212,3061,3198,3146,3128,3274,3191,3165,3164,3090,3254,3155,3165,3061,3133,3160,3140,3387,3251,3317,3463,3288,3373,3262,3315,3310,3419,3281,3397,3457,3342,3387,3367,3275,3234,3491,3284,3287,3343,3350,3340,3379,3298,3303,3251,3239,3277,3304,3333,3147,3126,3103,3146,3079,3164,3085,3122,3149,3129,3110,3089,3027,3170,3120,3101,3176,3026,3256,3170,3186,3148,3038,3196,3157,3148,3137,3248,3152,3118,3199,3236
239,2390,right,3021,3089,3066,3082,3077,3109,3138,3079,3040,3063,3051,3058,2987,2993,3131,3094,3081,3085,3164,3092,3098,3166,3044,3077,3057,2997,3078,3087,3082,3081,3135,3021,3276,3329,3267,3298,3249,3287,3331,3199,3370,3321,3248,3240,3209,3334,3224,3196,3236,3194,3221,3286,3259,3245,3391,3296,3280,3266,3320,3251,3293,3247,3287,3156,3174,3063,3143,3187,3084,3102,3132,3176,3048,3116,3019,3226,3167,3013,3082,2996,3051,3020,2974,3002,3161,3138,3041,3141,3154,3066,2958,3073,3093,3071,3130,3100
240,2400,neutral,3022,3011,3102,3191,3029,3049,3114,3097,3132,3105,3049,2964,2989,3168,3150,3093,3025,2981,2999,3086,3044,3064,3101,2976,3057,3049,2981,3044,2974,2954,3050,2941,3033,3077,2988,3076,3021,3253,3094,3084,3134,3066,2982,3083,3040,3129,2941,2997,3063,3019,3111,3107,3088,3033,3100,3002,3107,3090,3077,3030,3078,2982,3110,2922,3078,3153,3050,3041,3107,2854,3147,3107,3050,3049,3010,3119,3055,3138,3015,3030,3077,3098,3002,3054,3121,3147,3136,3052,3117,3104,3110,2997,2934,3103,2918,3091
241,2410,neutral,3135,3001,3119,3053,2974,2936,3066,3090,2996,3156,3027,3053,3045,3103,3035,3042,2907,2993,3100,3069,3097,3085,3046,3055,3064,3085,3032,3015,3116,3052,3137,3020,2999,3075,3027,3064,2951,3032,3100,3181,3064,2900,2980,2961,3068,3068,3031,3096,3020,2946,2904,3018,2933,3022,2956,3024,2974,3014,2986,2980,2998,2992,3043,3073,2956,3090,3141,3058,3185,3099,3013,2997,3077,3104,3099,3070,2981,3079,3050,3054,3140,3003,3001,3127,3109,2971,2976,3023,3049,3046,3081,2960,3015,2965,3053,3135
242,2420,neutral,3049,3149,3058,3136,3061,3211,3171,3124,3218,3057,3179,3126,3263,3092,3255,3138,3161,3114,3252,3094,3133,3120,3300,3278,3212,3223,3212,3133,3185,3233,3180,3122,3036,3151,3141,3176,3140,3217,3132,3160,3228,3200,3120,3159,3123,3185,3145,3115,3311,3150,3182,3166,3054,3117,3222,3183,3149,3098,3210,3184,3101,3136,3249,3173,3189,3120,3116,3106,3144,3207,3095,3118,3212,3216,3147,3214,3053,3174,3169,3183,3256,3133,3247,3111,3102,3153,3124,3168,3122,3208,3213,3071,3090,3217,3147,3137
243,2430,neutral,3222,3288,3195,3252,3154,3158,3074,3169,3191,3183,3085,3150,3148,3068,3119,3146,3147,3221,3148,3177,3045,3018,3030,3115,3123,3122,3168,3123,3157,3079,3167,3146,3247,3207,3214,3204,3122,3193,3124,3308,3133,3213,3157,3236,3184,3254,3200,3077,3139,3118,3175,3172,3117,3101,3147,3133,3130,3170,3163,3177,3111,3120,3145,3124,3140,3067,3113,3197,3113,3160,3143,3259,3069,3226,3126,3166,3117,3072,3238,3147,3124,3198,3080,3213,3082,3048,3151,3244,3065,3171,3108,3142,3124,3063,3212,3150
244,2440,neutral,3193,3081,3092,3182,3137,3062,3202,3050,3136,3109,3226,3052,3124,3138,3137,3126,3243,3100,3114,2965,3072,3029,3134,3172,3261,3074,3114,3249,3134,3043,3138,3059,3154,3159,3127,3040,3060,3202,3079,3135,3118,3073,3152,3157,3096,3182,3143,3212,3046,3110,3207,3029,3008,3129,3133,3089,3064,3110,3059,3082,3209,3242,3070,3121,3140,3056,3170,3075,3101,3088,3076,3166,3112,3075,3090,3018,3181,3046,3224,3079,3028,3122,3087,3144,3129,3110,3158,3113,3161,3032,3156,3184,3109,3154,3157,3144
245,2450,neutral,3014,3070,3056,3031,3155,3244,3176,3222,3067,3100,3111,3041,3047,3120,3082,2949,3032,3073,3081,3081,3087,3092,3100,3170,3132,3099,2974,3113,2999,3121,3043,3111,3077,3107,3082,3106,2920,2993,3143,2923,3104,3116,3083,3225,3155,3151,2995,3199,2958,3085,3044,3047,3091,3113,3031,3235,3075,3053,3071,3018,3049,3057,3199,3099,3008,3104,3063,3193,3042,3157,3133,3051,3142,3212,3183,3201,3038,3060,3212,3099,3049,3171,3057,3056,3219,3071,3111,3048,3088,3006,2976,3173,3082,3033,3013,2997
246,2460,neutral,3083,3069,3122,3159,2982,3073,3103,3215,3059,3133,3079,3064,3123,3119,3146,3109,3098,3103,3065,3097,3089,3105,3116,2978,3056,3218,3048,3019,3134,3146,3123,3024,3165,3261,3027,3152,2997,3017,3121,3135,3118,3062,3055,3115,2998,3144,3116,3103,3191,3081,3075,3053,3132,3081,3267,3046,3081,3131,3105,3104,3085,3126,3059,3038,3063,3146,3261,3116,2994,3173,3146,3156,3066,3158,3249,3078,3159,3101,3073,3093,3062,3099,3160,3075,3121,3186,3149,3047,3018,3256,3090,2982,3122,3103,3226,3040
247,2470,neutral,3106,3261,3095,3202,3212,3243,3115,3113,3149,3149,3209,3082,3212,3183,3095,3174,3185,3132,3148,3199,3132,3202,3087,3206,3092,3088,3083,3216,3278,3192,3218,3135,3174,3163,3188,3236,3106,3222,3044,3187,3249,3238,3135,3139,3279,3096,3073,3144,3127,3145,3078,3221,3105,3165,3173,3134,3196,3221,3099,3194,3206,3104,3248,3205,3154,3123,3173,3183,3177,3272,3250,3066,3099,3069,3194,3252,3126,3088,3262,3204,3182,3135,3186,3273,3095,3153,3106,3051,3244,3164,3170,3086,3110,3196,3197,3173
248,2480,neutral,3248,2978,3104,3138,3098,3064,3171,3165,3076,3050,3159,3149,3170,3095,3163,3079,3190,3072,3116,3027,3195,3127,3063,3088,3105,3058,3034,3212,3123,3167,3135,3063,3072,3246,3155,3086,3144,2997,3051,3205,3119,3017,3094,3030,3073,3168,3051,3104,3081,3134,3208,3096,3133,3180,3001,3081,2994,3093,3193,3201,3162,3264,3191,3189,3207,3084,3226,3089,3193,3206,3122,3143,3003,3090,3160,3118,3158,3115,3182,3169,3210,3186,3010,3226,3131,3182,3115,3236,3039,3110,3053,3141,3132,3060,2986,3136
249,2490,neutral,3010,2983,3081,2973,3061,2906,2982,2999,3075,3048,3021,2996,3050,3092,2933,3058,3035,3039,2989,3114,2968,2993,3096,2977,2997,3035,2998,3090,3024,3096,3070,3102,3019,3061,3040,3008,3056,2973,3055,3090,2957,2999,3157,2996,3155,3118,3087,3008,3003,3067,3059,3067,3047,3127,3051,3007,3012,2947,3112,3046,3078,2991,2980,3044,3028,3028,2932,2931,3008,3050,2891,3003,3043,3046,2951,3050,3065,2959,3024,3090,3075,3108,2942,3013,2969,3155,3123,2938,3097,2919,2975,3066,3062,3040,3018,3072
250,2500,neutral,3141,3165,3139,3011,3116,3063,2997,3022,3145,3112,3118,3009,3095,3023,3107,3116,3083,3142,3075,3078,3099,3004,2991,3046,3077,3106,3119,3145,3009,3059,3013,3160,3121,3106,3135,3112,3012,3143,3154,3070,3149,3040,3137,3084,3202,3241,3156,3051,3073,3094,3173,3089,3162,3135,3048,3180,3014,3049,3184,3110,3121,3007,3084,3030,3026,3043,3136,3134,3175,3056,3222,3066,3198,2967,3058,3124,3147,3080,3184,3180,3134,3097,3076,3009,3197,3185,3160,3162,3090,3064,3035,3074,3138,3136,3082,3179
251,2510,neutral,2994,2923,3053,3037,3010,3119,2911,3084,3117,3017,3071,3042,2968,3047,3022,3093,3069,2925,2992,3075,3041,3018,3109,3034,2985,3083,3056,3119,3073,3121,2968,3113,2916,2918,3055,3100,3016,3098,3007,2998,3025,3036,3007,3068,2997,2945,2971,2990,2994,2986,3115,2923,3007,3045,2982,2989,3025,3127,3049,2905,3012,2958,3074,3024,3078,3081,3065,3086,3070,2910,2971,3037,3070,3018,3119,3026,3078,3111,2993,3056,3065,3099,3030,3021,3025,2999,3001,2962,3040,2955,2993,2960,3013,3042,3092,2987
252,2520,neutral,3108,3186,3078,3082,3109,3054,3138,3124,3098,3132,3222,3138,3012,3127,3125,3242,3145,3201,3084,3114,3220,3100,3028,3138,3113,3072,3160,3209,3079,3169,3166,3030,3154,3137,3105,3288,3178,3116,3224,3018,3186,2962,3220,3173,2977,3085,3120,3151,3104,3203,3067,3068,3105,3224,3028,3169,3090,3161,3158,3072,3073,3162,3167,3152,3168,3151,3103,3159,3113,3124,3195,3108,3185,3218,3192,3255,3104,3099,3071,3222,3024,3150,3042,3167,3027,3078,3215,3114,3071,3116,3084,3070,3099,3149,3136,3156
253,2530,neutral,3074,3094,3163,3077,3077,3133,3076,3140,3175,3065,3051,3077,3163,3127,3008,3165,3119,3028,3135,3161,3152,3011,3215,3061,3294,3078,3092,3101,3068,3082,3116,3178,3125,3102,3145,3180,3037,3107,3154,3011,3214,3126,3140,3135,3093,3142,3126,3092,3044,3120,3133,3124,3084,3066,3115,3075,3128,3155,3139,3181,3153,3175,3222,3113,3119,3019,3176,3095,3241,3152,3169,3100,3128,3090,3110,3139,3181,3209,3182,3200,3265,3129,3169,3167,3241,3087,3240,3200,3167,3282,3291,3183,3182,3115,3086,3222
254,2540,neutral,3200,3265,3133,3132,3293,3098,3194,3162,3186,3174,3145,3215,3271,3295,3143,3277,3295,3171,3182,3219,3122,3159,3247,3229,3192,3175,3204,3163,3144,3201,3180,3210,3171,3043,3097,3286,3128,3093,3142,3016,3101,3028,3219,3152,3163,3064,3091,3163,3003,3257,3080,3148,3051,3145,3132,3119,3008,3021,3033,3153,3137,3069,2959,3133,3033,3051,3034,3019,3135,3087,3117,3122,3062,2982,3201,3126,3070,3125,3127,3191,3118,3058,3011,3108,3101,3074,3089,3113,3068,3115,3093,3095,3057,3162,3107,3100
255,2550,neutral,3201,3173,3176,3150,3130,3181,3149,3123,3043,3216,3111,3143,3157,3310,3111,3162,3080,3204,3131,3153,3160,3217,3101,3148,3238,3139,3187,3173,3136,3198,3183,3179,3227,3192,3204,3352,3271,3314,3244,3187,3114,3282,3231,3247,3319,3238,3281,3142,3142,3233,3250,3110,3280,3269,3242,3317,3245,3154,3268,3252,3365,3152,3348,3218,3128,3073,3245,3157,3245,3222,3150,3105,3088,3126,3048,3164,3154,3250,3141,3148,3179,3195,3178,3097,3165,3157,3162,3177,3071,3089,3170,3180,3219,3089,3116,3125
256,2560,neutral,3035,3142,2931,3107,3121,3153,3215,3066,3184,3133,3099,3107,2995,3029,3154,3034,3065,3079,3027,3146,2994,3006,3078,3088,3055,3091,2983,3111,2995,3044,3093,3045,3109,3022,3135,3246,3138,3174,3168,3052,3102,3089,3140,3180,3088,3146,3097,3178,3021,3138,3073,3041,3230,3216,3012,3048,3049,3098,3118,3049,3068,2965,3091,3055,3135,3166,3100,3108,3086,3085,3131,3052,3150,3130,3145,3173,3074,2972,3115,3196,3177,3048,3035,3026,2934,3088,3141,3058,3207,3139,3160,2982,3071,3022,3238,3146
257,2570,neutral,3130,2951,3107,3013,3122,3016,3041,3087,3079,3127,2967,3162,3198,3032,3103,3023,3007,3129,3026,3139,3019,3033,2961,3072,3136,3100,3094,3140,3084,3138,3124,2996,3010,3007,3025,3158,2943,3134,3066,3002,3077,3007,3126,3012,3088,3028,2938,2860,3140,2994,3035,3053,3149,3148,3089,3116,3118,3138,3068,3057,3082,3026,3001,3168,3158,3086,3094,3115,3011,3109,2968,3106,2966,3101,3036,3012,2981,3097,3181,3052,3038,2998,3179,3016,3170,3006,3081,3070,3046,3071,3052,3054,2997,3053,3097,3026
258,2580,neutral,3003,3073,3030,3074,3039,3039,3030,3030,3065,3035,3177,3064,2938,3146,3189,3194,3061,3153,3112,3150,3126,3146,3247,3105,3100,3048,3048,3069,3131,3076,3113,3030,3046,3040,3081,3016,3120,3096,3080,3154,3157,3103,3003,2994,3183,3099,3078,3167,2994,3083,3007,3101,3023,3078,3100,3111,3056,3095,3069,3182,3130,2951,3134,3287,3017,3164,3148,3056,3103,3081,3027,3084,3172,3030,3045,3083,3007,3046,3007,3088,3017,3016,3047,3201,3122,3048,3126,3166,3062,3055,3139,2896,3057,3080,3039,3107
259,2590,neutral,3046,3061,3130,3049,3057,3045,3002,3095,3031,3115,3030,3088,3047,3093,3128,3034,3134,3082,3106,3104,3138,3197,3104,3139,3165,3179,3042,3197,3193,3089,3138,3094,3148,3139,3183,3086,2950,3085,3186,3096,3078,2985,3065,3113,3110,3043,3144,3187,3158,3110,3012,3076,3118,3128,3031,3122,3055,2986,3069,3087,3210,3077,3042,3041,3039,3124,3211,3164,3165,3070,3195,3047,3034,3035,3266,3135,3105,3126,3058,3097,3090,3261,3206,3161,3129,3139,3153,3121,3107,3182,3050,3091,3128,3183,3055,3145
260,2600,neutral,3090,3078,3139,2945,3030,2967,2961,3043,3058,3057,3113,3114,3026,3026,3037,3073,2956,3021,3000,3054,3092,3029,3122,3108,3069,3032,3081,3058,3045,3107,2942,2928,3116,3057,3039,2990,2899,2933,3038,3125,3078,3004,2997,3146,3033,3013,2957,2953,3122,2988,3032,3085,3078,2898,3005,3024,2956,3028,2982,3015,2956,3019,3003,2992,3013,2998,3030,3002,2988,3013,3107,3021,3097,2979,3020,2939,3115,2977,3008,3024,2994,3064,3000,3108,3051,3012,3006,3008,2913,3018,3073,2989,3046,3030,2971,3002
261,2610,neutral,3122,3009,3065,3139,3060,3036,3124,3084,3099,3126,3125,3101,3149,3115,3085,3106,3119,3074,2988,2998,3002,3248,3100,3039,3171,3055,2997,3078,3043,3096,3106,3052,2970,2981,3128,3141,3070,3322,3266,2999,3074,3087,3181,3134,3132,3127,3010,3065,3111,3121,3091,3117,3073,3087,3072,3147,3186,2997,3042,3031,3044,2948,3069,2927,3118,3139,3129,3114,3004,3101,3071,2949,3173,3145,2987,3009,3064,3172,2913,3107,3190,3088,3219,3178,3100,3089,3075,3043,3061,3115,3128,3096,3144,3175,3113,3182
262,2620,neutral,3125,3189,3046,3129,3116,3184,3198,3137,3114,3128,3114,3078,3090,3161,3203,3130,3134,3106,3198,3127,3233,3169,3188,3184,3269,2991,3271,3175,3063,3100,3088,3085,3030,3124,3233,3035,3032,3195,3057,3020,2952,3056,3058,3135,3087,3014,3020,3078,3149,3254,3045,3173,2970,3041,3096,3211,3050,3114,3066,3108,3113,3137,3205,3088,3128,3062,3013,3193,3179,3052,2994,3232,3061,3066,3019,3047,3075,3022,3005,3037,3134,3094,3130,3178,3083,3168,3087,2945,3022,3036,3139,3087,3130,3180,3079,3102
263,2630,neutral,3160,3119,2995,2997,3046,3023,3058,3093,3163,3165,3023,2959,3035,3082,2965,3005,3090,3099,3088,2989,3137,3063,3093,3037,3167,3055,3064,3072,3129,3063,3120,3092,3049,3208,3140,3034,3184,3121,3112,3192,3091,3121,3125,3193,3228,2999,3112,3078,3185,3185,3043,3257,3141,3148,3137,3197,3086,3185,3115,3329,3145,3119,3222,3059,3062,3168,3135,3063,3060,3050,3075,3121,3100,2965,3132,2996,2995,3076,3031,3044,3000,3041,3082,3078,3024,3046,3114,3158,3051,3137,3170,3135,3102,3083,3143,2995
264,2640,neutral,3185,3248,3201,3197,3220,3281,3214,3184,3207,3282,3211,3112,3159,3228,3259,3178,3215,3211,3092,3126,3229,3308,3230,3149,3216,3072,3168,3208,3164,3093,3116,3166,3268,3121,3093,3137,3204,3088,3231,3102,3179,3129,3239,3268,3181,3197,3219,3248,3141,3075,3182,3188,3164,3184,3217,3260,3213,3254,3228,3144,3147,3292,3130,3093,3232,3176,3192,3228,3167,3155,3113,3277,3081,3229,3180,3144,3255,3197,3156,3204,3219,3082,3252,3078,3101,3041,3162,3235,3197,3118,3127,3198,3232,3119,3255,3232
265,2650,neutral,3067,3172,3108,3105,3067,3149,3017,3172,3183,3012,3127,3099,3074,3039,3126,3122,3123,3200,3189,3224,3130,3142,3140,3121,3203,3190,3175,3046,3150,3078,3115,2986,3064,3129,3073,3196,3159,3185,3070,3210,3153,3056,3039,3006,3086,3074,3202,3100,3080,2961,3114,3085,3120,3113,3100,3131,3077,3038,3180,3222,3212,3182,3202,3085,3049,3134,3178,3140,3132,3105,3206,3110,3122,3182,3149,3081,3139,3111,3185,3121,3173,3088,3032,3092,3155,3130,3185,3094,3136,3150,3109,3078,3140,3160,3100,3174
266,2660,neutral,3100,3001,3001,2935,2989,3111,3004,3088,3030,3097,3012,3105,3027,3062,2962,3067,3106,3093,2984,3048,3062,3030,3025,3034,3054,3067,3067,3092,3135,3137,3018,3200,3001,3115,3051,3054,3106,3055,3078,3150,3078,3024,3092,3090,3051,2995,2965,2961,3137,2915,3103,2997,3186,3109,2996,3077,3056,3069,3061,3085,3034,3094,3108,3190,2982,2851,3027,3070,3061,3040,3119,3094,3020,2984,3122,3092,3042,3013,3152,3127,3163,3057,3031,2990,2973,3106,3249,3108,3037,3104,3109,3066,3020,3048,3046,2973
267,2670,neutral,3047,3122,3105,3036,3068,3090,3140,3037,3100,3107,3108,3160,3151,3153,3184,3121,3013,3027,3104,3094,3112,3106,3162,3059,3004,3023,3115,3193,3135,2955,3126,3081,3096,3108,3155,3201,3078,3080,3138,3037,3010,2944,3084,3165,3044,3138,3068,3210,2976,3050,3104,3066,3077,3087,3099,3027,3143,3066,3157,3182,3123,3073,3098,3076,3033,3083,3137,3114,3202,3009,3217,3074,3135,3237,3212,3171,2956,3124,3119,3085,3148,3117,2986,3069,3147,3086,3167,3124,3036,3144,3072,3026,3092,3108,3129,3042
268,2680,neutral,3180,3124,3264,3114,3323,3111,3260,3188,3156,3121,3118,3291,3221,3186,3128,3152,3111,3189,3253,3118,3055,3191,3096,3093,3194,3153,3157,3147,3256,3189,3276,3058,3242,3310,3121,3140,3138,3201,3174,3108,3181,3237,3221,3252,3170,3219,2994,3159,3194,3195,3147,3164,3227,3081,3176,3245,3054,3178,3233,3250,3236,3120,3121,3131,3246,3127,3158,3077,3150,3202,3247,3085,3164,3315,3145,3214,3135,3115,3167,3150,3206,3200,3275,3089,3141,3116,3154,3280,3272,3273,3053,3124,3116,3222,3198,3169
269,2690,neutral,3074,3059,3115,3163,3128,3152,3099,3031,3161,3144,3174,3077,3164,3154,3157,3072,3081,3170,3067,3061,3016,3155,3102,3052,3038,3088,2968,2982,3111,3113,3078,3134,3026,3097,3052,3150,2976,3128,3140,2999,3135,3148,3196,3136,3120,3149,3208,3150,3064,3215,3225,3098,3179,3056,3131,3068,3123,3067,3085,3199,3148,3257,3046,3050,3294,3189,3187,3163,3115,3135,3182,3041,3070,3186,3232,3096,3076,3096,3056,3123,3176,3076,3126,3167,3199,3197,3134,3114,3217,3122,3304,3181,3077,3186,3200,3198
270,2700,neutral,3052,3217,3076,3163,3078,3228,3154,3102,3097,3188,3139,3150,3092,3245,3228,3050,3163,3169,3142,3135,3124,3143,3060,3220,3146,3139,3056,3077,3121,3141,3053,3004,3182,3049,3247,3187,3065,3104,3094,3124,3087,3132,3222,3221,3116,3105,3152,3195,3148,3161,3185,3034,3128,3128,3122,3166,3086,3014,3008,3055,3109,3097,3138,3230,3189,3130,3279,3117,3087,3102,3164,3211,3089,3185,3158,3195,3094,3020,3151,3104,3082,3039,3054,3141,3102,3179,3125,3090,3122,3037,3075,3201,3145,3132,3072,3185
271,2710,neutral,2955,2986,3061,3045,3003,3006,2942,3070,2917,2964,3050,2862,2988,3007,3005,3034,2919,3022,3010,3027,2985,2951,2999,2897,2956,3025,2994,2942,3031,2963,2903,2987,2997,2937,2934,3024,2933,3018,3016,2952,3079,2949,3030,2958,3051,2936,2938,3022,2895,3023,3020,2992,2962,2971,3008,2856,3020,2975,3010,2981,2970,3025,3092,2957,3019,2974,2881,2998,3012,3016,2948,2951,3147,2983,2970,2992,3105,2957,2955,3045,3034,3061,3078,2933,3097,3060,2884,2905,3036,3007,3033,2998,3023,3041,2932,2951
272,2720,neutral,3208,3119,3092,3132,3262,3192,3162,3094,3139,3170,3112,3080,3162,3221,3166,3147,3037,3092,3095,3160,3208,3208,3164,3091,3124,3245,3201,3114,3163,3201,3119,3053,3186,3221,3119,3185,3087,3169,3052,3131,3130,3132,3241,3173,3138,3039,3225,3152,3274,3182,3160,3097,3226,3180,3137,3165,3067,3129,3140,3117,3105,3123,3034,3268,3198,3094,3026,3101,3156,3071,3146,3124,3170,3274,3111,3165,3174,3263,3256,3081,3170,3165,3150,3201,3091,3173,3166,3225,3173,3172,3196,3241,3242,3132,3180,3156
273,2730,neutral,3150,3107,3052,3158,3095,3045,3106,3056,3159,3016,3128,3099,3125,3164,3046,3162,3160,3188,3074,3156,3081,3097,3148,3200,3091,3127,3062,3244,3168,3147,3146,3078,3177,3255,3151,3226,3217,3176,3180,3119,3264,3238,3169,3249,3172,3162,3200,3356,3159,3222,3234,3211,3189,3222,3211,3319,3261,3265,3199,3190,3270,3347,3265,3203,3088,3075,3107,3016,3195,2979,3074,3091,3013,3125,3176,3063,3132,3166,3078,3127,3074,3154,3165,3066,3135,3089,3165,3170,3112,3094,3154,3021,3155,3062,3109,3116
274,2740,neutral,3051,3168,3145,3007,3194,3115,3080,3069,3142,3096,3063,3175,3124,3201,3062,3205,3155,3127,3142,3072,3049,3182,3182,3050,3088,3049,3124,3167,3116,3152,3136,3076,3136,3130,3190,3233,3155,3125,3141,3126,3084,3124,3204,3175,2992,3132,3069,3167,3043,3125,3053,3071,3065,3060,3026,3099,3100,3101,3002,3155,3151,3116,3081,3099,3124,3111,3260,3069,3167,3124,3120,3129,3040,3052,3148,3072,3035,3052,3194,3055,3224,3160,3127,3113,3190,3240,3122,3119,2966,3087,3094,3138,3053,3027,3125,3062
275,2750,neutral,3241,3124,3128,3183,3213,3178,3131,3156,3252,3078,3223,3176,3106,3039,3200,3108,3172,3147,3029,3192,3163,3235,3193,3164,3125,3114,3118,3012,3019,3097,3202,3054,3039,3232,3151,3127,3199,3082,3094,3102,3088,3194,3058,3152,3113,3222,3160,3182,3249,3044,3098,3058,3222,3085,3102,3021,3063,3125,3184,3081,3087,3097,3105,3104,3053,3144,3017,3114,3149,3110,3062,3084,3101,3120,3087,3121,3175,3191,3136,3161,3205,3289,3152,3019,3156,3127,3127,3147,3084,3207,3242,3172,3204,3229,3300,3261
276,2760,neutral,3025,3076,2976,3172,3042,3128,2999,2954,3214,3122,3178,3136,3090,3046,3101,3095,3169,3056,3039,3081,3093,3062,3051,3133,3163,3143,3204,3170,3181,3141,3108,3098,3212,3050,3077,3109,2966,2995,3061,2998,3052,3138,3106,3077,3009,2970,3103,3034,3019,3103,3163,3085,3082,3189,3015,3129,3097,3073,3023,3126,3122,3087,3076,3076,3069,3188,3095,3169,3099,3183,3090,3168,3058,3162,3034,3004,2945,3056,3132,2957,3057,3105,3158,3012,3201,3142,3150,3068,3154,3090,3158,3053,3119,2971,3013,3023
277,2770,neutral,3063,3154,3065,3082,3260,3202,3143,3112,3116,3146,3234,3109,3204,3203,3129,3024,3216,2991,3100,3092,3209,3146,3220,3115,3138,3142,3166,3038,3152,3128,3189,3214,3169,3173,3216,3014,3179,3122,3115,3036,3144,3040,3105,3189,3108,3138,3192,3216,3118,3227,3166,3158,3130,3133,3185,3133,3132,3110,3203,3132,3025,3180,3167,3129,3086,3079,3150,3221,3093,3168,3147,3174,3255,3199,3063,3154,3126,3116,3136,3116,3138,3139,3093,3117,3091,3076,3089,3029,3116,3184,3108,3017,3046,3156,3143,3120
278,2780,neutral,3203,3105,3157,3160,3123,3146,3058,3242,3100,3155,3224,3099,3233,3117,3135,3126,3098,3008,3133,3180,3133,3139,3168,3187,3041,3201,3259,3164,3079,3218,3261,3094,3109,3123,3073,3212,3121,3282,3154,3194,3153,3157,3201,3215,3077,3122,3182,3232,3165,3233,3099,3123,3165,3208,3240,3099,3127,3199,3230,3157,3184,3101,3175,3101,3167,3113,3173,3136,3174,3077,3171,3320,3263,3211,3199,3183,3111,3102,3193,3056,3109,3212,3196,3107,3134,3090,3193,3072,3130,3164,3127,3156,3117,3162,3202,3099
279,2790,neutral,3192,3206,3179,3148,3062,3147,3241,3209,3086,3137,3138,3133,3228,3137,3148,3159,3063,3186,3206,3165,3181,3139,3091,3204,3229,3219,3111,3247,3070,3177,3050,3225,3280,3112,3195,3146,3111,3205,3184,3201,3115,3080,3206,3112,3224,3262,3067,3232,3068,3193,3145,3179,3205,3167,3161,3194,3047,3161,3143,3096,3078,3236,3151,3198,3205,3263,3311,3155,3317,3273,3362,3285,3320,3301,3393,3258,3198,3200,3275,3353,3351,3301,3223,3219,3343,3251,3302,3171,3266,3210,3183,3352,3208,3202,3233,3165
280,2800,neutral,3143,3082,3061,3108,3098,3098,3053,2956,3076,3182,3062,3130,3087,3030,3081,3057,3006,3103,3040,3068,3121,3155,3141,3057,3127,3009,3093,3135,3162,3105,3069,3046,3141,2993,3018,3083,3073,3140,3136,3142,3077,3018,3061,3027,3062,3125,3175,3089,3146,3187,3096,3080,3188,3094,3106,3069,3149,3113,3096,3099,3109,3136,3028,3034,3148,3035,3205,3151,3067,3179,3089,3086,3002,3112,3088,3108,3014,3135,3118,3021,3119,3123,3090,2992,3038,3188,2991,3180,3133,3175,3051,3058,3059,3166,3082,3114
281,2810,neutral,3047,3154,3018,3126,3159,3020,3168,3092,3102,3177,3088,3145,3154,3169,3160,3043,3214,3146,3079,3101,3153,3124,3165,3074,3107,3144,3076,3253,3188,3235,3330,3136,3113,3231,3193,3147,3175,3106,3083,3166,3126,3139,3070,3119,3229,3167,3156,3141,3091,3298,3093,3046,3113,3132,3150,3158,3050,3219,3215,3170,3165,3114,3122,3260,3144,3164,3251,3158,3186,3044,3169,3223,3160,3230,3224,3236,3316,3155,3179,3134,3186,3261,3140,3147,3144,3207,3223,3161,3201,3266,3133,3235,3076,3268,3153,3095
282,2820,neutral,3029,3066,3023,3074,3134,3060,3135,3046,3016,3145,3127,3051,3109,3068,3103,3136,3103,3059,3094,3045,3215,3091,3218,3017,3101,3180,3056,3150,3096,3100,3137,3073,3014,3155,3127,3212,3156,3039,3149,3096,3069,3192,3096,3085,3063,3189,3144,3078,3097,3054,3044,3108,3136,3002,3206,2990,3267,3164,3050,3125,3101,3001,3063,3101,3133,3050,3186,3082,3043,3023,3093,3005,3037,3050,2991,3126,3185,3103,3016,3173,3077,3116,3160,3163,3061,3058,3100,2952,3102,3082,3105,2989,3018,3138,3133,3153
283,2830,neutral,3122,3106,3057,3099,3053,3104,3066,3088,3124,3032,3075,3007,2967,3058,3202,3020,2999,3108,3018,3024,3047,3101,3153,2994,3079,3022,3051,3142,3060,3060,3135,3003,3023,3075,3069,3051,3108,3026,3072,3029,3038,3018,2975,3103,3005,2969,3206,3075,3025,3054,3030,3038,3081,2965,3088,3042,3132,3111,3028,2977,3114,2946,3021,3173,3083,3042,3060,3028,3034,3076,3105,3102,3098,3044,3078,3001,3130,3044,2994,3055,3196,3160,3015,3128,3068,3039,2999,3015,3091,3005,3071,3010,3057,3045,3033,3006
284,2840,neutral,3212,3174,3147,3120,3105,3138,3082,3078,3049,3166,3133,2895,3102,3024,3114,3137,3137,3092,3154,3231,3086,3036,3159,3188,3167,3099,3158,3193,3161,3031,3070,3044,3037,3115,3024,3149,3196,3128,3188,3085,3032,3210,3142,3210,3071,3061,3038,3104,3065,3013,3091,3095,3081,3120,3011,3125,3146,3123,3088,3121,3092,3077,3009,3179,3031,3125,3097,3145,3129,3017,3187,3143,3095,3121,3052,3051,3013,3154,3165,2989,3103,3075,2987,3062,3096,3099,3108,3139,3149,3195,3202,3073,3032,3100,3143,3123
285,2850,neutral,3012,3135,3071,3089,3131,3056,3001,3187,3090,3131,3177,3003,3113,3137,3108,2979,3133,3015,3141,3153,3108,3029,3074,3076,3093,3100,3072,3056,3076,3132,3092,3064,2973,3168,3055,3049,3032,3066,3066,3089,3238,3023,3030,3112,3012,3133,3074,3001,3054,3129,3046,3090,3066,3114,3107,3094,3038,3111,2976,3153,3136,3123,3145,3124,3101,3183,3029,3059,3083,3124,3094,3014,3157,3113,3114,3128,3057,3084,3200,3015,3126,3127,3141,3114,3114,3139,3091,3049,3073,3067,3067,3018,3118,3123,3007,3190
286,2860,neutral,3104,3147,2943,2945,3064,3043,3026,3061,3033,3053,3141,3003,3011,3015,3072,3006,3093,3078,3012,3022,3101,3080,3022,2970,2969,3019,3132,3099,3111,2983,3003,3064,2989,2979,2992,3074,2928,3048,3055,2953,2968,3031,3040,3033,2953,2933,3003,3080,3034,3124,3004,3043,3024,3091,3048,3047,3094,3016,3076,3089,2965,3088,3094,3083,3035,3127,3020,3067,2996,3045,3152,3073,2898,3134,2922,3064,3000,2937,3146,2960,3079,3025,3011,3049,3150,3078,3034,3037,3072,2978,3069,3072,3066,2995,3112,3033
287,2870,neutral,2998,3048,3171,3123,2996,3052,3062,3032,3141,3014,3063,2951,3072,3229,3145,3053,2986,2936,3048,3040,3044,3130,3209,3074,3123,3063,3145,3026,3079,2987,3158,3080,3195,3193,3107,3104,3053,3137,3115,3182,3208,3224,3156,3134,3169,3127,3138,3161,3100,3173,3187,3158,3167,3186,3106,3076,3065,3021,3087,3059,3070,3168,3192,3149,3175,3097,3063,2997,2993,3083,2975,3226,3235,3075,3128,3044,3112,3090,3113,3099,3061,3005,3197,3097,3122,3026,3115,3070,3062,3047,3061,3089,3106,3103,3113,3132
288,2880,neutral,3152,3058,3030,3102,3055,2972,3051,3154,2970,3176,3064,3152,3165,3083,3079,3151,3193,3156,3165,3083,3110,3133,3112,3177,3143,3125,3043,3118,3105,3093,2970,3153,3174,3170,3017,3148,3088,3158,3124,3219,3194,3027,3098,3094,3132,3091,3133,3040,3191,3173,3176,3154,3070,3138,3250,3062,3173,3124,3056,3104,3146,3134,3076,3132,3181,3049,3001,3047,3281,3197,3185,3206,3127,3112,3098,3245,3123,3082,3056,3101,3206,3188,3193,3103,3115,3028,3098,2975,3150,3129,3122,2998,3097,3075,3236,3155
289,2890,neutral,3251,3184,3321,3207,3116,3144,3275,3217,3272,3245,3122,3196,3202,3103,3109,3200,3295,3198,3172,3145,3056,3180,3201,3179,3179,3204,3217,3234,3248,3218,3109,3184,3046,3112,3189,3113,3156,3120,3204,3088,3155,3024,3206,3173,3160,3203,3205,3217,3254,3281,3203,3169,3144,3263,3143,3118,3229,3165,3165,3143,3116,3134,3176,3200,3154,3126,3181,3143,3208,3147,3246,3010,3156,3238,3146,3085,3189,3228,3195,3303,3157,3105,3135,3200,3193,3130,3232,3151,3189,3207,3243,3183,3188,3201,3149,3107
290,2900,neutral,3275,3040,3134,3146,3120,3027,3170,3111,3206,3131,3163,3115,3163,3200,3110,3088,3090,3191,3089,3203,3167,3158,3254,3118,3114,3105,3131,3167,3136,3162,3266,3215,3028,3087,3063,3173,3151,3104,3238,3089,3121,3013,3220,3182,3075,3192,3074,3189,3064,3108,3215,3075,3175,3097,3182,3184,3235,3097,3212,3117,3274,3174,3274,3210,3196,3153,3103,3185,3114,3155,3049,3140,3165,3155,3130,3318,3169,3171,3153,3080,3126,3071,3037,3204,3170,3094,3070,3163,3081,3126,3254,3092,3077,3188,3127,3141
291,2910,neutral,3134,3199,3121,3037,3167,3175,3088,3167,3171,3189,3120,3205,3157,3130,3172,3203,3166,3169,3204,3101,3214,3104,3098,3201,3299,3175,3198,3196,3171,3163,3251,3213,3163,3008,3138,3092,3196,3184,3069,3164,3217,3161,3265,3113,3262,3171,3164,3219,3129,3142,3174,3148,3237,3326,3185,3174,3132,3171,3122,3122,3079,3207,3273,3160,3147,3074,3147,3170,3141,3161,3134,3306,3154,3135,3148,3152,3136,3038,3210,3239,3124,3102,3097,3260,3257,3168,3107,3123,3080,3134,3211,3183,3253,3109,3183,3206
292,2920,neutral,3212,3104,3121,3022,3240,3147,3086,3084,3151,3126,3044,3205,3120,3146,3125,3075,3099,3096,3105,3093,3181,3243,3092,3146,3026,3138,3085,3003,3144,3096,3115,3117,3116,3030,3093,3019,3079,3139,3134,3092,3049,3233,3103,3192,3084,3112,3087,3115,3140,3036,3048,3119,3202,3101,3139,3147,3024,3015,3201,3166,3000,3130,3123,3012,3004,3156,3182,3091,3136,3128,3124,3222,3114,3126,3058,3002,3155,3141,3172,3172,3057,3026,3255,3058,3151,3170,3131,3190,3065,3008,3088,3140,3065,2991,3023,3081
293,2930,neutral,3165,3129,3144,3133,3192,3148,3225,3192,3114,3198,3158,3232,3122,3123,3189,3307,3065,3157,3137,3272,3212,3108,3110,3167,3124,3197,3061,3075,3104,3231,3111,3182,3183,3277,3212,3176,3125,3154,3154,3217,3205,3270,3148,3143,3137,3189,3129,3201,3236,3222,3211,3169,3094,3083,3080,3110,3235,3013,3099,3039,3062,3237,3087,3085,3296,3179,3195,3203,3316,3194,3181,3146,3104,3186,3229,3149,3170,3205,3237,3151,3186,3235,3194,3169,3313,3173,3219,3258,3240,3276,3296,3224,3142,3210,3219,3138
294,2940,neutral,3005,3039,3067,3106,3015,3069,3025,3067,2979,3032,2986,2945,3061,3009,3016,2989,3017,2959,3109,3007,2969,3012,2955,2971,3069,2931,3054,3079,2973,2970,2937,3007,3077,2961,3008,2974,2963,3036,2994,2957,2992,2897,2977,2995,3018,3058,3089,3061,3021,3091,2948,3018,3006,3019,2919,3064,2968,3042,3030,2993,3070,3040,3087,2853,2993,3011,3119,3050,3057,2911,3008,3092,3032,3011,2939,3066,2950,3008,2948,2914,3078,3084,3039,3081,2947,3030,3057,2918,3003,3027,2964,2952,3067,2863,2990,3005
295,2950,neutral,2992,3001,3055,3103,3183,3030,3240,3045,3007,3057,3040,3114,3003,2949,2937,3020,2971,3082,3105,3154,3047,3029,3074,3041,3025,2992,3081,2970,3117,3044,3105,3074,3275,3112,3218,3083,3128,3076,3101,3169,3129,3203,3179,3152,3215,3222,3179,3159,3174,3181,3269,3122,3173,3150,3171,3259,3200,3169,3110,3219,3127,3153,3215,3133,3076,3052,3137,3147,2975,3059,3021,3088,3100,3066,3111,2979,2921,3184,3023,3202,3233,3060,2996,3161,3084,3034,3141,3056,3124,3089,3090,3135,3024,3078,3185,3113
296,2960,neutral,3050,3080,3056,2997,3049,3108,3010,3095,3116,3101,3108,3074,3063,3014,2994,2919,3038,3049,3094,3078,3127,3061,3204,3065,3136,3035,3005,3031,3162,3117,3113,3011,2988,3051,3084,3033,3102,3120,3017,2962,2930,3050,3035,2955,3099,3123,3148,3177,3145,3051,3028,3055,3099,3010,3057,3065,3098,3019,3060,3059,3048,3134,3072,3103,3001,2965,3085,2997,2983,3123,3123,3026,3061,3062,3072,3081,3075,3060,3134,3057,3076,3091,3176,2985,3054,3089,3065,2976,3180,3087,2984,3086,3044,2975,3003,3136
297,2970,neutral,3092,3260,3175,3167,3148,3177,3178,3171,3180,3193,3196,3241,3104,3159,3288,3153,3107,3122,3319,3120,3172,3126,3139,3126,3202,3206,3270,3216,3153,3181,3320,3182,3277,3194,3098,3212,3245,3215,3169,3176,3145,3134,3095,3226,3251,3203,3109,3222,3207,3098,3343,3245,3145,3189,3180,3167,3195,3189,3125,3184,3249,3169,3275,3216,3201,3106,3147,3195,3228,3158,3225,3240,3148,3156,3151,3131,3140,3202,3228,3241,3213,3355,3240,3234,3233,3170,3160,3210,3104,3108,3250,3258,3118,3078,3213,3262
298,2980,clench,3076,3140,3181,3219,3129,3249,3260,3121,3231,3115,3244,3256,3001,3156,3184,3213,3168,3190,3181,3174,3175,3229,3240,3108,3240,3133,3196,3151,3239,3151,3236,3116,3137,3112,3167,3230,3035,3171,3172,3185,3236,3154,3218,3241,3130,3201,3130,3258,3130,3117,3237,3111,3246,3182,3268,3145,3190,3167,3130,3060,3192,3081,3208,3132,3250,3232,3317,3248,3098,3133,3202,3097,3159,3171,3308,3130,3171,3172,3175,3179,3124,3115,3177,3242,3185,3305,3147,3252,3229,3255,3235,3171,3283,3140,3181,3207
299,2990,neutral,3157,3071,3067,3119,3123,3133,3030,3182,3128,2980,3097,3161,2966,3090,3007,3080,3140,2990,3136,2996,3140,3041,3071,3027,3065,2962,2993,3016,3045,3078,3095,3119,3105,3093,3067,3051,3154,3102,3060,3044,3066,3158,3180,3078,3034,3039,2994,3167,3099,3008,2989,3014,3049,3030,3102,3099,3017,3084,3043,3127,3110,3051,2975,3027,3131,3086,3031,3091,3163,3106,3045,3086,3074,3118,3043,3030,3074,2967,3050,3109,3015,3240,3070,3160,3080,2962,2955,3117,3088,3008,2998,3016,3103,2949,3065,3097
300,3000,neutral,3197,3128,3137,3140,3160,3204,3131,3230,3146,3134,3147,3107,3164,3028,3122,3207,3167,3146,3104,3185,3223,3112,3091,3136,3220,3062,3244,3119,3177,3198,3223,3060,3197,3145,3104,3040,3143,3182,3189,3155,3143,3141,3115,3174,3138,3123,3186,3165,3022,3111,3170,3201,3085,3200,3220,3123,3120,3179,3170,3236,3096,3174,3060,3236,3199,3133,3112,3084,3148,3125,3132,3228,3093,3012,3191,3168,3135,3126,3211,3233,3118,3147,3164,3153,3183,3191,3145,3097,3100,3131,3238,3130,3044,3141,3234,3115
301,3010,neutral,3109,3097,2991,3141,3081,3065,2977,3026,3126,3151,3138,3055,3098,3011,3069,3101,3179,3027,3137,3056,2939,3111,3128,3064,3140,3137,3028,3097,3022,3161,3083,3001,3148,3000,2954,2994,3029,3070,3175,3124,3096,3042,3080,3089,3029,3046,3057,3077,3000,3128,3010,3124,3055,3048,3097,3100,3143,3021,3108,3116,3055,3043,3090,3051,3122,3165,3171,3278,3145,3058,3079,3090,3094,3056,3141,3070,2933,3101,3081,3020,3064,3066,2989,3046,3076,3047,3132,2969,3101,3063,3127,3085,3104,3192,2999,2977
302,3020,neutral,3079,3180,3220,3062,3113,3186,3065,3163,3181,3191,3185,3167,3280,3120,3172,3236,3171,3187,3202,3179,3231,3127,3035,3124,3201,3161,3232,3267,3102,3179,3236,3179,3055,3068,3058,3106,3029,3132,3142,3032,3070,3210,3112,3087,3107,3097,3040,3114,3076,3091,2993,3086,3095,2996,3025,3070,3019,3126,3022,2978,3089,3003,3083,3078,3113,3048,3094,3158,3079,3017,3172,3167,3028,3043,3130,3010,2962,3031,3056,3208,3001,3082,3053,3139,3125,2993,3151,3072,3056,2958,3055,3032,2988,3065,3022,2999
303,3030,neutral,3091,3122,3060,2992,3101,3086,3089,3123,3147,3146,3142,3191,3182,3121,3117,3257,3244,3024,3166,3011,3197,3169,3102,3103,3156,3080,3126,3097,3037,3202,3164,3109,3293,3080,3089,3167,3035,3044,3166,3167,3157,3152,3056,3187,2994,3115,3212,3157,3164,3192,3042,3143,3144,3072,3176,3199,3218,3188,2993,3234,3043,3173,3150,3201,3149,3062,3091,3193,3038,3070,3227,3087,3139,3088,3081,3174,3101,3127,3173,3067,3184,3166,3225,3086,3219,3085,3047,3122,3072,3196,3176,3077,3102,3055,3192,3011
304,3040,neutral,3161,3108,3063,3163,3051,3265,3057,3124,3127,3039,3056,3088,3064,3101,3018,3069,3057,3047,3100,3123,3196,3138,3090,3038,3143,3035,3064,3143,3071,3236,3070,3157,3109,3152,3166,3096,3232,3207,3019,3092,3068,3106,3099,3107,3136,3063,3118,3053,3123,3107,3124,3047,3058,3182,3018,3120,3062,3069,3139,3105,3146,3022,3140,3101,3001,3145,3082,3138,3104,3121,3190,3154,3033,3107,3202,3067,3151,3061,3094,3139,3130,3077,3105,3029,2993,3095,3078,3177,2920,3155,3175,3123,3061,3156,2999,3040
305,3050,neutral,3108,3118,3073,3008,3044,3104,3162,3044,3161,2949,3038,2934,3056,3041,3101,3090,3084,3006,3049,3063,3083,3100,3067,3038,3134,3059,3051,3060,3046,3124,3071,3100,3090,3203,3062,2980,3088,2987,3011,2975,3078,2972,2976,3045,2948,3005,2975,3039,3026,3156,3055,3100,3001,3151,3112,3017,2960,2857,3122,3119,2993,3030,3087,3024,2955,2978,3088,3008,2973,3100,3003,3024,3042,3152,2949,2917,3019,2991,3023,3009,3022,3073,3064,3002,3074,2956,3040,2999,3061,3051,2970,3142,3074,3049,3050,3067
306,3060,neutral,3062,3076,3049,3104,3110,3124,3123,2962,2999,3088,3131,3038,3133,3109,3013,3118,3078,3152,3192,3036,3149,3095,3059,2984,3080,3042,3063,3081,3145,3122,3094,3107,3160,3157,3148,3016,3149,3163,3111,3180,3080,3090,3045,3066,3111,3023,3146,3095,3141,3120,3092,3139,3098,3121,3171,3103,3264,3223,3011,3177,3139,3095,3087,3163,3101,3080,3131,3124,3090,3141,3144,3105,3244,3139,3146,3046,3147,3207,3141,3119,3160,3160,3001,3241,3154,3045,3281,3125,3169,3154,3065,3055,3035,3032,3070,3031
307,3070,neutral,3038,2977,3142,3016,2996,3183,2958,3056,3143,3056,3144,3024,3017,2994,3066,2983,3140,3009,3064,3140,3076,3063,3048,3057,3082,3075,3145,3088,3122,3132,3142,3008,3116,3262,3084,3135,3166,3114,3156,3211,3089,3151,3245,3243,3203,3059,3109,3184,3131,3077,3144,3113,3058,3210,3158,3204,3081,3172,3229,3210,3117,3094,3145,3135,3005,3203,3171,3132,3018,3108,3065,3033,3144,3030,2957,3095,3118,3146,2974,3031,2987,2976,3154,3080,3116,3093,3049,3003,3022,3128,3006,3094,3034,3083,2994,3094
308,3080,neutral,3249,3302,3349,3315,3312,3264,3130,3239,3263,3271,3241,3227,3245,3229,3246,3299,3309,3159,3315,3210,3159,3191,3175,3232,3319,3214,3134,3210,3233,3193,3175,3149,3235,3105,3245,3249,3114,3149,3209,3073,3286,3174,3020,3104,3208,3328,3223,3186,3185,3256,3217,3223,3088,3218,3178,3111,3172,3074,3122,3155,3160,3240,3116,3148,3254,3105,3182,3185,3133,3084,3176,3153,3136,3104,3264,3200,3144,3106,3190,3111,3302,3145,3103,3120,3172,3191,3261,3133,3240,3162,3132,3240,3161,3157,3167,3104
309,3090,neutral,3029,3096,3033,2963,2961,3020,3013,3037,3145,3017,3056,3006,2989,3023,3041,2969,3179,2978,3013,3025,3088,3033,2883,3050,2956,2977,3128,3111,3049,2970,3043,2994,3005,2988,2916,3059,2936,3067,3015,2988,3195,2932,3019,3079,3033,3096,3069,3020,3058,2962,3077,3085,2966,3058,3037,2996,2943,3053,3000,2900,3006,2972,3063,3084,3041,3037,3058,3000,2890,2947,3013,2905,2997,3015,3062,3030,3029,2965,3036,2982,2965,3082,3072,3014,2964,3099,3082,3005,3075,3091,2915,2998,2977,3076,2937,3037
310,3100,neutral,3103,3064,3022,3177,3125,2969,3132,3019,3079,3054,3053,3088,2987,2929,3167,3137,2948,2997,3075,3021,3191,2999,3200,3052,3039,3050,3039,3066,3022,3021,3031,3094,3010,3044,3095,3104,3082,3030,3004,2993,3171,3094,2914,3218,3035,3000,3039,3083,2949,2891,2980,3122,3202,3014,3020,3133,3021,3034,3041,3059,2992,3080,3146,3195,3131,3065,3113,3021,3152,3061,3167,3178,3016,3074,3085,3228,3033,3209,3049,3035,2988,3108,3047,3071,3019,2998,3013,3044,3102,3010,2979,2938,3009,2999,3063,2977
311,3110,neutral,3136,3107,3119,3096,3201,3116,3062,3126,3067,2991,3102,3063,3113,3110,3164,3174,3063,3027,3074,3084,3193,3094,3117,3098,3118,3047,3093,3062,3010,3079,3023,3063,3057,3067,3067,3061,3009,3152,2988,3053,3068,3147,3086,3004,3115,3018,3154,3048,3100,3111,3024,3203,3092,3146,3009,3037,3043,3077,3058,3110,3099,3129,3110,3123,3093,3198,3065,3019,3054,3027,3018,3062,3119,3019,3080,3107,3074,2939,2962,3098,3121,3062,3115,3070,3159,3161,3018,3104,3114,3041,3191,3056,3022,3042,3129,2969
312,3120,neutral,3135,3142,3076,3222,3222,3115,3103,3244,3095,3065,3073,3162,3023,3148,3150,3142,3175,3108,3154,3120,3062,3105,3101,3053,3115,3181,3135,3144,3165,3058,3133,3218,3093,2964,3181,3103,3159,3141,3090,3078,3091,3035,3034,3177,3077,3120,3172,3100,3157,3041,3186,3159,3163,3121,3154,3144,3135,3170,3224,3117,3165,3149,3252,3174,3140,2990,3113,3198,3196,3135,3114,3032,3182,3128,3179,3211,3153,3189,3215,3130,3088,2965,3088,3237,3112,3099,3112,3133,3235,3027,2966,3114,3086,3110,3059,3129
313,3130,neutral,3026,3169,3011,3021,3109,3016,2965,2969,3122,3054,3015,2956,2961,3013,3010,2973,3088,2983,2888,3079,3022,3090,3053,2932,3176,3039,2982,3055,3001,3042,3028,2995,3107,3235,3088,3258,3087,3120,3029,3182,3100,3108,3207,3064,3144,3200,3184,3135,3094,3095,3145,2996,3181,3086,2998,3144,3051,3028,3110,3045,3098,3211,3140,3179,3196,3016,3027,3019,3024,3053,3069,3110,3088,3043,2983,3071,3037,3027,3070,2951,2938,3032,3052,3085,2971,3056,3091,3015,2883,3045,3079,2984,3125,3100,3042,3019
314,3140,neutral,3007,3017,2953,2998,3032,2837,3058,3101,3033,2981,2872,2883,3054,2903,2912,3047,3038,3027,3025,3005,3012,2984,2983,3087,3113,3047,3089,2920,2979,2928,3015,2988,2938,3018,3006,3003,2965,2993,3087,2868,3015,2945,2933,3120,2999,2963,3067,2962,2970,3004,2989,2980,3046,2967,2977,2994,3019,3028,3005,2828,3008,3123,3006,2985,3013,2906,3034,3000,3070,2919,2989,3031,2973,2930,2936,2966,2967,3050,3040,3012,2972,3004,2879,3007,3072,3006,2893,3038,2971,3070,3020,3088,3050,2935,3093,3006
315,3150,neutral,2930,3072,3156,3053,3078,3052,3042,3000,3034,3036,3106,3090,3014,3011,3211,3030,3067,3092,3054,2932,2985,3100,3058,3100,3159,3092,3034,3039,2993,3090,3064,3094,3116,3067,3041,2976,3028,3076,3040,3014,3059,3050,3065,3092,3011,3028,3075,3011,3111,2991,2996,3021,3049,3098,3074,3036,3088,2968,3021,3035,3018,2918,3146,3041,3064,3056,3084,2933,2908,3119,3107,3142,3036,2924,2980,3120,3127,3087,3057,3054,3025,3001,3075,3068,3031,3134,3103,3008,3104,3046,3005,3166,3041,3044,3089,3160
316,3160,neutral,3220,3118,3108,3111,3033,3097,3127,3123,3190,3040,3126,3057,3148,3079,2990,3095,3018,3089,3092,3141,3065,3160,3189,3106,3038,3149,2994,3138,3120,3178,3195,3045,3080,3017,3134,3084,3019,3165,3165,3040,3208,3078,3146,3110,3208,3099,3061,3118,3086,3121,3095,3135,3060,3105,3156,3055,3087,3130,3112,3048,3101,3037,3030,3057,3038,3109,3037,3087,3090,2953,3029,3162,3044,3095,3153,3123,3043,3003,3169,3082,3091,3107,3172,3083,3130,3168,3082,3116,3034,3139,3014,3063,3068,3140,3078,3008
317,3170,neutral,3014,3085,3177,3157,3139,3141,3137,3055,3122,3061,3092,3128,3022,3120,3132,3049,3075,3133,3048,3218,3028,3080,2942,3126,3011,3036,3075,3085,3208,3104,3030,3012,3083,3115,3062,3111,3031,3075,3095,2962,3076,3101,3098,3100,3151,3159,3136,3071,3054,3042,3089,3112,3150,3098,2985,3102,3245,3059,3128,3285,2977,3010,3105,3146,3133,3085,3067,3162,3042,3112,3148,3025,3024,3136,3102,3109,3194,3034,3120,3058,3149,3013,3021,3033,3089,3086,3166,3183,3097,3059,3095,3079,3082,3096,3061,2953
318,3180,neutral,3073,2981,2984,3053,3027,3020,2937,2988,2943,3040,3032,3055,3080,3047,2973,2971,3020,2915,3040,3091,3115,2973,3015,3013,3101,2984,3063,3044,3027,3058,3094,3089,3144,3058,3008,3021,2991,3101,2968,3077,3193,3075,2957,3087,3097,3086,3026,3002,3067,3035,3120,3108,3146,3065,3048,3027,3001,3008,2998,3064,3027,3062,3030,2964,3098,3090,2968,3086,2990,3099,2979,3143,3100,3091,3045,3091,3062,3024,3103,3096,3098,3075,3112,3140,2970,3059,3029,3114,3095,2986,3124,3070,2914,3112,3078,2924
319,3190,neutral,3184,3166,3055,3101,3120,3122,3115,3251,3062,3084,3184,3124,3123,3191,3220,3114,3084,3204,3139,3212,3210,3226,3103,3220,3143,3260,3286,3245,3156,3321,3158,3234,3150,3227,3168,3106,3157,3142,3125,3160,3119,3132,3172,3088,3253,3207,3157,3086,3172,3243,3190,3117,3152,3181,3137,3094,3141,3164,3154,3162,3166,3140,3099,3192,3167,3331,3134,3090,3197,3205,3179,3266,3123,3366,3170,3242,3137,3180,3211,3111,3158,3255,3230,3216,3217,3134,3171,3116,3206,3205,3090,3184,3187,3131,3217,3214
320,3200,neutral,3183,3044,3156,3117,3089,3175,3135,3093,3187,3163,3113,3064,3105,2999,3051,3238,3168,3137,3205,3143,3028,3134,3165,3152,3053,3186,3002,3113,3169,3116,3149,3112,3124,3035,3064,3174,3130,3115,2950,3091,3085,3126,3128,3063,3179,3215,3089,3175,3162,3019,3155,3106,3041,3062,3186,3177,3107,3099,3036,3202,3100,3141,3114,3165,3121,3148,3054,3077,3219,3201,3139,3134,3186,3175,2999,3211,3064,3086,3171,3144,3263,3160,3060,3145,3100,3235,3130,3139,3112,3142,3148,3146,3191,3205,3136,3039
321,3210,neutral,3038,3066,3104,3142,3152,3171,3041,3073,3085,3061,3104,3107,3097,3029,3105,3057,3071,2960,3117,3051,3063,3134,3170,3073,3144,3097,2987,3046,3132,3087,3024,2931,3000,2996,3022,3079,3053,3037,3056,3061,3171,3037,3068,3111,3054,3080,3057,3114,3036,2960,3025,3083,3087,3119,3055,3190,3141,3044,3014,3065,3209,3118,3103,3003,3165,2945,3070,3114,3119,3062,3002,3008,3062,3116,3052,2991,3071,3005,3074,3056,3087,3075,3141,3036,3034,3046,3027,3041,3026,3095,3115,3114,3135,3091,3053,3018
322,3220,neutral,3036,3064,2992,3158,3073,3184,3029,3099,3146,3162,3165,3049,3035,3021,3059,2981,3018,3097,3110,3140,3101,3058,3090,3079,3139,3003,3102,3035,3080,3033,3153,3142,3036,3042,3030,3087,3161,3133,3023,3130,3072,3100,3062,3119,3114,2929,3039,3131,3108,3152,3111,3013,3009,3120,3040,3172,3154,3135,3121,3023,3062,3161,3120,3108,3103,3096,3020,3093,3107,2972,3085,3102,3153,3210,3122,3123,3082,3039,3146,3165,3084,3063,2929,3066,3139,3078,3104,3265,3063,3168,3036,3099,3043,3102,3082,3004
323,3230,neutral,3141,3135,3040,3212,3044,3217,3059,3025,3164,3092,3039,3035,3180,3014,3241,3052,3201,3174,3125,3034,3125,3147,3247,3058,3075,3117,3226,3145,3082,3173,3207,3161,3139,3087,3132,3096,3102,3109,3113,3103,3106,3091,3097,3030,3214,3117,3080,3072,3205,3110,3206,3169,3160,3097,3014,3159,3192,3074,3106,3024,3145,3056,3134,3289,3227,3066,3152,3185,3179,3175,3123,3158,3232,3111,3136,3145,3058,3091,3051,3171,3046,3176,3107,3104,3134,3085,3198,3159,3283,3134,3046,3133,3207,3114,3074,3177
324,3240,neutral,3099,3233,3093,3117,3097,3071,2946,3056,2981,3055,3075,2981,3042,3150,3023,3041,3115,3015,3079,3014,3078,3065,2985,3175,2958,2965,3109,3127,3205,3071,3108,3134,2981,3071,3042,3042,3141,2936,3086,3147,3140,3120,3061,3141,3128,3090,3007,3046,3111,3057,3173,3039,3074,3083,3137,2992,3022,2998,2949,3024,3058,3047,3204,3120,3044,3052,3012,3166,3074,3009,3081,3015,3100,3028,3210,3097,3167,3077,3095,3037,3061,3079,3171,3195,3174,3043,2996,2993,3042,3129,3021,3000,3057,3195,3133,3125
325,3250,neutral,3038,2935,2894,2990,3100,3041,3017,3105,3152,3095,3169,2990,3015,3078,3025,3151,3056,3065,3023,2999,3165,2984,3034,3058,2947,3067,3022,3075,3177,2991,3144,3154,3038,3088,3114,3024,3107,3080,3054,3144,3017,3021,3038,3106,2972,2959,3081,3003,3041,2952,3108,3061,3033,3014,3002,3016,3075,3050,3070,3041,3122,3037,3081,3090,2948,2995,2963,3156,3142,2948,3095,2942,2984,2901,3061,3193,3028,3099,3090,3015,3209,3107,2993,3040,3009,3075,3105,3017,3063,3032,2965,3105,3057,3090,3048,3125
326,3260,neutral,3134,3072,3084,3122,3084,3134,3045,3152,3233,3054,3127,3122,3105,3158,3101,3138,3120,3142,3182,3088,3053,3011,3015,3081,3118,3034,3103,3087,3017,3022,3109,3039,3149,3039,3028,3154,3136,3163,3207,3132,3020,3026,3134,3118,3106,3141,3066,3076,3109,3051,3154,3078,3078,3205,3002,3143,3141,3124,3140,3065,3053,3185,3022,3121,3235,3139,3134,3095,3056,3113,3078,3189,3119,3063,2966,3085,3107,3078,3134,3107,3073,3164,3070,3051,3017,3079,3196,2938,3063,3050,3069,3028,3175,3110,3086,3130
327,3270,neutral,3025,3025,3131,3085,3118,3020,3110,3001,2949,3112,3085,3060,3021,3098,3070,2975,3100,3056,3089,2985,3025,3093,3075,3077,3129,3019,3059,3027,2984,3102,3082,3114,3008,2988,3127,3025,3015,3069,3008,3019,3061,2994,2986,3054,3121,3078,3050,3035,3019,3055,3085,3024,2926,3115,3030,3092,3015,2931,2990,3051,3150,3018,2973,3089,3114,3086,2996,3118,3118,3054,3155,2943,3146,3028,3023,3086,3075,3110,2958,3046,3022,3072,3028,2969,3096,3054,3108,3048,3004,3075,3043,3101,3026,3164,3037,3083
328,3280,neutral,3157,3013,3078,3074,3073,3135,3085,2994,3178,3151,3150,3115,3109,2934,3010,3126,3007,3103,3017,3172,3063,3078,3211,3166,3207,3127,3089,3064,3022,3100,3070,3113,2989,3087,3098,3109,3014,3058,3116,3031,3129,3073,3082,3116,3069,3045,3083,3073,2952,3098,3185,2970,3122,3054,3037,3065,2976,3040,3057,3068,3013,3192,3108,3104,3111,3061,3110,3048,3065,3053,3072,3247,3231,3102,3166,3102,3031,3074,3124,3005,3132,3097,3162,2926,3076,3083,3106,3115,3167,3051,3114,2971,3149,3022,3117,3141
329,3290,neutral,3038,3083,3172,3031,3064,3095,3141,3028,3058,3059,2984,3101,3101,3159,3056,3016,3129,3133,3094,3099,3088,3067,2945,3020,3055,3131,2999,3093,3019,3164,3020,3102,3194,3081,3209,3172,3205,3232,3232,3011,3212,3174,3253,3203,3159,3267,3123,3162,3172,3101,3176,3109,3088,3147,3182,3200,3190,3209,3047,3120,3133,3202,3173,3229,3089,3148,3229,3134,3123,3144,3085,3172,3122,3166,3155,3076,3021,3039,3066,3116,3148,3058,3083,3077,3072,3151,3187,3137,3123,3147,3233,3207,2970,3139,3132,3204
330,3300,neutral,3124,3012,2929,3072,3038,2981,3161,3006,3049,2988,3068,2994,3136,3148,2966,3082,3112,3051,3047,3136,3051,3012,3133,3174,2981,3058,3056,2994,3009,3129,3099,3096,3019,3042,3030,3168,3044,2994,3042,2996,2936,3018,2947,2984,3148,2988,3061,3018,3021,3049,3048,3036,2943,3040,2963,3016,3047,3002,3068,3027,3007,3055,3035,2993,3031,3099,3081,3033,3025,3015,3127,3094,3031,2944,3039,3111,3114,3080,3052,3189,3139,2952,3045,3095,2994,3096,3104,3077,2977,3098,3123,3054,3067,2993,3119,2971
331,3310,neutral,3099,3093,3092,3115,3069,3162,3075,3099,3097,3079,3132,3053,3185,3012,3064,3001,2926,2997,3080,3190,3043,3188,3111,3117,3090,3179,3174,3098,3111,3023,3141,3145,3104,3132,3173,3224,3227,3134,3079,3236,3161,3133,3078,3091,3136,3149,3084,3128,3156,3028,3257,3109,3147,2978,3144,3029,3136,3012,3057,3061,3112,3136,3102,3097,3148,3066,3040,3195,2925,3050,3113,3079,3080,3106,3162,3079,3104,3086,3114,3044,3101,3127,3024,3243,3121,3095,3114,3085,3090,3125,3128,3128,3140,3101,3118,2986
332,3320,neutral,3178,3076,3042,3103,3156,3182,3159,3214,3122,3166,3173,3118,3096,3209,3169,3079,3267,3109,3189,3045,3024,3138,3146,3128,3165,3112,3199,3073,3088,3147,3194,3108,3085,3147,3117,3163,3046,3043,3146,3128,3168,3023,3106,3008,3155,3118,3219,3139,3142,3192,3212,3177,3224,3075,3158,3058,3084,3176,3201,3123,3113,3055,3169,3105,3032,3180,3077,3048,3094,3183,3085,3169,3091,3017,3133,3133,3083,3088,3067,3055,3090,3139,3127,3100,3139,3113,3179,3165,3098,3053,3053,3104,3083,3095,3090,3192
333,3330,neutral,2964,3058,2985,3048,3001,2920,2939,3003,2992,2994,2948,2962,3040,2872,3019,3000,3025,2941,2954,2969,3000,3011,2925,3129,3046,3101,3038,2986,3115,3086,3000,3033,3054,2917,3108,3039,3029,2959,2986,2977,3027,2911,3118,3005,2908,3047,3071,3056,3065,3035,3109,3106,2924,2991,2962,3046,2970,2999,2992,3102,3060,2967,2956,3013,2925,3006,2849,3006,2968,2954,2903,2903,3136,3027,2878,3072,3008,2971,3115,3008,2929,3032,2956,2973,3041,2935,3009,3009,3011,3031,3073,3002,3040,2957,2973,3074
334,3340,neutral,3125,3066,3073,3127,3040,3031,3080,3073,2955,2965,3100,3018,3182,3108,3071,3074,3074,3046,3100,2940,3099,3086,2938,3100,3036,3188,3058,3111,3032,3110,3033,3096,3027,3095,3044,3024,2981,2998,3032,3086,3148,3152,3016,3090,3197,3029,2962,3146,3000,2980,3032,3019,3118,3126,3092,2995,2958,3107,3091,3004,3046,3117,3074,2929,3127,3096,3056,3016,3088,3036,3168,3015,3145,2968,3146,2949,3159,3079,3133,3107,3118,3006,3124,3135,3073,3150,3008,3060,3113,3131,3089,3159,3105,3047,2930,3018
335,3350,neutral,3150,3046,2930,3011,3055,3123,3111,3049,3119,3147,2917,3035,3073,3124,3124,3027,3072,3075,3046,3108,3162,3184,3032,3059,3045,3104,3133,3190,2974,3143,3096,3052,3099,3150,3046,3172,3149,3114,3110,2997,3080,3059,3128,3026,3102,3174,3109,3210,3166,3136,3007,3034,3212,3039,2993,3004,3162,2989,3097,3051,3065,3222,3065,3078,3132,3058,3008,3040,3100,3065,3227,3126,3216,3078,3018,3050,3080,3057,3119,3066,3022,3189,3109,3084,3138,2993,3208,3123,3137,2985,3021,3043,3082,3154,3076,3044
336,3360,neutral,3006,2992,3134,3061,2964,3188,3120,3122,3006,3025,3028,3068,3014,3138,3019,3047,3090,2974,3011,3052,3026,3011,3017,2940,3075,2987,3242,3052,3112,3023,2932,3004,2949,3019,3092,3081,3197,3045,2993,3061,3082,2902,3106,2960,3109,3006,3079,3048,3120,3127,3240,2963,3104,2980,3104,3124,3020,3124,2975,3080,3053,3027,3090,3045,3135,3043,3059,2996,3125,2943,3009,2994,3018,2971,3137,3193,2969,2887,3072,3053,3109,3073,3110,3053,2948,2958,3056,3013,2987,3015,3004,3129,3124,3095,3044,3038
337,3370,neutral,3136,3084,2998,3235,3129,3241,3148,3161,3089,3164,3111,3180,3154,3071,3195,3069,3030,3142,3204,3101,3047,3133,3126,3144,3019,3134,3197,3129,3026,3082,3096,3193,3207,3178,3144,3157,3184,3115,3116,3030,3045,3106,3102,3073,3122,3118,3166,3179,3203,3186,3166,3133,3206,3074,3207,3078,3124,3176,2996,3076,3160,3224,3043,3131,3174,3140,3172,3037,3156,3167,3159,3165,3173,3135,3235,3195,3127,3179,3168,3166,3108,3195,3005,3160,3076,3210,3028,3173,3140,3128,3073,3076,3223,3151,3217,3082
338,3380,neutral,3148,3017,3105,3044,3068,3087,3076,2925,3065,3024,3042,2984,3174,3119,3046,3036,3043,3111,3019,2892,3117,3084,3040,3119,3041,3009,3036,3052,3112,3004,3005,3004,3095,3114,3107,3168,3168,3167,3057,3141,3264,3084,3145,3209,3010,3158,3279,3095,3143,3136,3223,3141,3062,3152,3237,3072,3121,3134,3056,3152,3173,3112,3033,3147,3159,2951,3160,3030,3023,3065,3011,3164,3094,3081,3109,3103,2973,3162,2974,3015,2995,3017,3087,3084,3003,3063,3081,2951,3025,3079,3070,2899,3095,2989,3068,3044
339,3390,neutral,3149,3062,3149,3011,3101,3025,3068,3183,3037,3032,3060,2978,3086,3147,3027,3071,3075,3103,3035,3032,3012,3050,3067,3089,3132,3145,3019,3065,3062,3102,3050,3001,3041,3034,3064,3065,3068,2964,3026,3113,3032,2996,3009,3039,3083,3027,3088,3169,2990,3107,2981,3136,3105,3045,3168,3067,3046,3067,3141,2929,3021,3119,3061,3134,3131,3101,3210,3142,3055,3064,3089,3062,3021,3079,3154,3088,3138,3156,3159,3101,3131,3017,3057,3076,3031,3201,3003,3005,3116,3016,3162,3011,3210,3137,3050,3016
340,3400,neutral,3072,2955,3178,3093,3054,3074,3012,3123,3144,3049,3144,3112,3048,3119,3120,3063,3167,3066,3014,3179,3068,2989,3168,3079,3138,3043,3196,3076,3113,2947,3020,3061,3049,3191,3076,3123,3174,3144,3141,3074,3215,3196,3027,3181,3064,3190,3146,3112,3197,3063,3145,3084,3147,3247,3064,3180,3292,3081,3179,3033,3133,3196,3145,3185,3092,3094,3068,3075,3141,3119,3102,3016,3123,3119,3115,3099,3004,3192,3181,3069,3144,3058,3060,3172,3044,3131,3118,3061,3032,3151,3077,3125,3128,2987,3036,2994
341,3410,neutral,2953,2846,2963,2910,2992,2950,2949,2934,2970,2907,3023,3000,2999,2869,2965,2975,3025,2903,2890,2952,2944,2883,3009,2990,2891,2911,2939,3092,2862,2945,2910,3047,2913,2893,3042,2961,3001,2939,2983,2829,2940,2920,2984,2890,2997,2845,3020,3041,2892,3020,2979,2949,3010,2932,2981,3069,2990,2994,2894,2956,2819,3062,2864,2967,2838,2973,3066,2949,2996,2947,2930,2916,2909,2852,2908,2917,2816,2980,3013,2845,2887,2911,2942,2942,2924,2972,2896,3060,2992,2974,2940,2969,2909,2958,2919,3005
342,3420,neutral,3050,3061,3143,2993,3100,2990,3031,3060,3084,3089,3034,3023,2991,3052,3058,3068,3039,3043,3130,3021,2981,3141,3084,3037,3011,3059,3086,3061,3133,3045,2931,3093,2967,3020,3046,2946,3152,3041,3091,3097,3019,3059,2988,3168,3061,2997,3216,3066,3043,3151,2934,3001,2996,3064,3062,3072,3185,3015,3123,3132,3069,3085,3088,3074,2959,3136,3173,3024,2988,3112,3057,3005,3077,3076,3058,3101,3081,3118,3078,3066,3148,3066,3028,3085,3096,3053,3094,3050,3090,2974,3117,3078,3088,3070,3033,2970
343,3430,neutral,3069,3006,3125,3037,3090,3187,3062,3043,2959,2990,3141,3063,3167,2979,3095,3002,3007,3028,3180,2980,3042,3158,3159,2945,3146,3134,2971,3074,3020,3072,3212,3147,3018,3204,3050,3121,3015,3024,3122,3028,3100,3062,3134,3095,2991,3135,3063,3117,3018,3056,3047,3099,3102,3089,3168,3052,3127,3034,3049,2997,2985,3090,3182,3135,3047,3163,3036,3054,3050,3026,3055,3004,3036,3087,3060,3076,3086,3002,3002,3012,2990,3073,3077,3034,3127,3051,3090,3051,3170,3102,3054,3137,3029,3073,3083,3020
344,3440,neutral,3032,2996,2911,2960,2950,2919,2992,2971,3098,2998,2963,2947,2959,2926,3070,2955,2977,2923,3120,2972,2966,2969,3043,3017,3031,2993,3151,2983,2982,2943,3061,3026,2976,2948,3072,3060,3076,3083,3068,2948,2981,3145,3011,3094,2975,3048,2992,2909,2957,2993,3121,2984,3044,3009,2887,2963,2991,2993,2907,3137,3043,3168,2968,3100,3026,3034,3004,3074,3022,2821,3037,2933,3079,3078,3069,2929,2946,3042,2994,2939,3073,3006,3028,2989,3010,2873,3019,3143,3007,2975,3020,2954,2942,3089,3059,3007
345,3450,neutral,3157,3094,3030,3188,3044,2997,3116,3086,3058,3130,3076,3238,3042,2976,3223,3045,3173,3098,3119,3065,3202,3105,3078,3108,3048,3055,2959,3191,3259,3154,3065,3194,3109,3061,3156,3112,3136,3078,3111,3238,3129,3120,3232,3082,3107,3158,3078,3091,3212,3160,3046,3145,3050,3116,3207,3098,3130,3030,3176,3041,3061,3219,3107,3060,3102,3033,3119,3152,3095,3100,3129,3144,3171,3187,3139,3136,3227,3090,2985,3230,3182,3049,3251,3106,3144,3253,3102,3143,2951,3136,3157,3044,3016,3208,3091,3014
346,3460,neutral,3171,3068,3125,3032,3052,3074,3215,3015,3064,3118,3046,3193,2978,3073,3095,3074,3239,3098,3186,3159,3112,3099,3020,3082,3165,3006,3091,3077,3129,3119,3157,3075,3172,3062,3108,3057,3084,3076,3058,3048,3202,3090,3073,3082,3123,3074,3170,3134,3139,3121,3061,3095,3052,3076,3174,3031,3140,3115,3183,3126,3044,3003,3104,2957,3208,3040,3154,3132,3142,3144,3102,3093,3193,3201,3085,3084,3188,3096,3242,3154,3126,3095,3102,3122,3200,3089,3076,3154,3195,3156,2986,3108,3046,3108,3122,3042
347,3470,neutral,3113,3177,3151,3287,3178,3195,3172,3097,3080,3151,3117,3093,3192,3143,3078,3197,3321,3209,3212,3170,3281,3180,3129,3168,3178,3184,3141,3120,3162,3105,3193,3202,3047,3084,3083,3073,3254,3094,3179,3209,3184,3141,3099,3176,3209,3109,3139,3210,3152,3090,2992,3149,3171,3044,3137,3109,3246,3272,3119,3146,3245,3144,3180,3141,3152,3138,3087,3084,3143,3172,3076,3116,3126,3204,3063,3236,3147,3150,3021,3174,3305,3079,3066,3154,3075,3181,3247,3165,3171,3305,3214,3104,3151,3164,3140,3149
348,3480,neutral,3109,2993,2913,3062,3034,3034,3057,3064,3137,3110,3107,3094,3018,3022,3066,3075,3207,3016,2998,3104,3046,3099,3100,3052,3124,3005,3059,3033,3026,3046,3162,3062,3068,3050,3066,3191,3048,2958,3033,3013,3106,3096,2972,3007,3115,2999,3032,3043,3072,3012,3046,3091,3022,3002,3153,3078,3035,3051,3158,3059,3155,3004,3060,3122,3124,3175,3172,3190,3139,3269,3181,3076,3064,3216,3133,3129,3140,3182,3182,3163,3047,3162,3097,3166,3175,3079,3112,3129,3049,3132,3224,3198,3163,3153,3210,3091
349,3490,neutral,3106,3145,3124,3096,3083,3108,3054,3033,3128,3044,3057,3018,3148,3048,3083,3039,3097,3062,3067,3088,3154,3082,3119,3231,3035,3087,3114,3085,3110,3133,3094,3199,3195,3123,3156,3066,3038,3046,3072,3111,3023,3088,3039,2996,3017,3188,3176,3089,3153,3122,2962,3102,2993,3206,2992,3069,3141,3045,3062,2989,3015,2974,3046,3070,3051,3014,3084,3066,3120,3158,3102,3121,3010,3104,3094,3072,3129,2999,3007,2977,3221,3029,3142,2944,3086,3092,3113,3026,3138,3051,3129,3162,3070,3021,3192,2910
350,3500,neutral,3124,3173,3126,3121,3152,3118,3103,3183,3121,3182,3133,2980,3076,3008,3147,3082,3115,3051,3151,3152,3178,3187,3178,3190,3171,3161,3151,3108,3126,3213,3025,3123,3106,3153,3067,3138,3090,3046,3142,3190,3080,3140,3122,3130,3085,3130,3047,3038,3207,3140,3157,3085,3095,3159,3113,3021,3210,3085,3153,3208,3203,3062,3123,3096,3206,3291,3152,3148,3137,3290,3183,3134,3077,3036,3078,3142,3070,3139,3128,3187,3044,3093,3072,3067,3158,3246,3153,3119,3042,3134,3174,3059,3166,2983,3166,3064
351,3510,neutral,3089,3082,3146,2985,2972,3135,2973,3001,3039,3061,3016,3025,3024,3032,3158,2963,3075,3013,2956,3099,3138,2998,2988,3083,3039,2970,2999,3121,2950,3034,2946,3188,3055,3137,3083,3068,2991,3007,2980,3005,3024,2966,2937,3060,3102,3053,3072,2977,2967,3005,3056,3148,3070,3126,3091,3011,3016,3039,3059,3014,3085,3067,3025,3042,3105,3109,3135,3028,3116,3061,3051,2926,3094,3167,3085,3028,3085,3085,3150,3025,3053,3104,3051,3209,3096,2952,3132,3050,3094,3080,2993,3097,3155,3118,3245,3148
352,3520,neutral,3009,2960,3018,3118,3076,3082,3056,2992,3137,3075,3116,3077,3063,3097,3077,3114,3163,3131,3187,3184,3104,3031,3043,3147,3091,3137,3007,3092,3098,3111,3107,3040,3032,3013,2986,3056,3117,3088,3046,2921,3025,3056,3054,3055,3119,3000,3007,3118,3074,3039,3114,2968,3059,3093,3025,3012,3121,3124,3092,3110,3018,3027,3079,3041,3099,3018,3118,3112,3107,3066,3017,3021,3067,3129,3025,2961,3053,3028,3134,2956,3081,3075,3042,3042,3065,3144,3135,3029,3020,3061,2984,3048,3010,3147,3035,3081
353,3530,neutral,3121,3060,3137,3106,3073,3095,3033,3015,2941,3176,3101,3034,3142,3073,3147,3077,3071,3031,3118,3136,3060,3081,2920,3024,2962,3087,3035,2949,2987,3101,3067,3187,3117,3201,2923,3055,3156,3040,3024,3143,3075,3064,3120,3037,3058,3121,3106,3057,3036,3093,3045,3194,3086,3102,3072,3127,3129,3105,3012,3185,3040,2875,3205,3122,3068,3111,3096,2981,3029,3052,2984,2997,3048,3096,3048,3044,3117,3021,3144,3099,3089,3024,3000,3003,3156,3026,3145,3149,3060,3012,3048,3125,3114,3069,3005,3085
354,3540,neutral,3111,3044,3162,3105,3195,3031,3076,3133,3087,3144,3013,3179,3148,3066,3094,3101,3233,3105,3168,3169,3136,3150,3077,3186,3078,3148,3212,3104,3065,3035,3050,3076,3188,3128,3212,3185,3074,3158,3070,3211,3184,3038,3161,3218,3141,3111,3119,3075,3081,3233,3159,3132,3140,3167,3096,3067,3185,3097,3046,3044,3166,3073,3051,3033,3104,3146,3082,3017,3073,3098,3203,3082,3075,3048,3155,3145,3166,3176,3151,3100,3134,3144,3101,3119,3082,3013,3066,3164,3141,3241,3000,3032,3120,3084,3194,3182
355,3550,neutral,3116,3165,3037,3122,3080,3100,3057,3076,3093,3064,3087,2991,3075,3156,3127,3055,3064,3011,3111,3052,3104,3174,3017,2986,3146,3152,3170,3168,3049,3002,3019,3106,3237,3090,3229,3159,3270,3209,3229,3179,3244,3234,3196,3218,3270,3176,3143,3243,3124,3201,3151,3133,3140,3139,3252,3142,3097,3119,3167,3185,3124,3168,3078,3254,3065,3090,3035,3105,3126,3141,3054,3040,3123,3011,3022,3032,3177,3028,3094,3059,3027,3102,3073,3156,3127,3049,3103,3068,3131,3125,3098,3083,3076,3045,3154,3045
356,3560,neutral,2935,2912,2993,3123,3039,2953,3060,2864,2947,3035,3019,3001,3085,2917,2919,3044,2986,3013,2912,3021,3007,2982,2907,3008,2932,2917,2995,3043,3001,2913,3017,2977,2963,2990,2889,3117,3004,2982,2962,2962,3057,3012,2934,3034,2983,3004,2993,3133,3034,3016,2908,2956,3031,3004,3079,2961,3027,2859,2940,2997,3075,3079,2964,3053,2947,3010,2936,3009,3089,3042,3081,3019,2935,3031,2966,3129,3069,3024,2898,3039,3013,3026,3150,3005,2974,3111,2988,2893,2981,2999,3046,2951,2983,3039,2969,3057
357,3570,neutral,3195,3120,3230,3056,3218,3137,3144,3028,3232,3265,3186,3158,3085,3134,3154,3147,3265,3148,3147,3252,3282,3166,3131,3244,3275,3166,3091,3109,3217,3155,3267,3224,3270,3041,3220,3150,3195,3031,3138,3187,3196,3096,3121,3053,3117,3236,3286,3188,3139,3172,3198,3251,3135,3154,3030,3186,3150,3044,3114,3220,3151,2981,3223,3166,3272,3136,3227,3108,3176,3078,3175,3183,3242,3175,3198,3039,3120,3037,3196,3268,3123,3222,3134,3189,3210,3143,3101,3191,3153,3114,3181,3237,3148,3118,3156,3220
358,3580,neutral,3165,3089,3055,3105,3143,3043,3034,3123,3095,3098,3240,3132,3156,3231,3193,3158,3069,3077,3095,3041,3035,3098,3023,3180,3153,3068,2982,3237,3011,3200,3147,3090,3085,3042,3135,3169,3006,2987,3107,3111,3093,3148,3075,3132,3114,3037,3109,3174,3130,3090,3115,3060,2998,3128,3078,3178,3169,3199,3126,3104,3123,3146,3229,3062,3121,3086,3067,3095,3066,3133,3109,3142,3044,3147,3093,3027,3167,3141,3148,2994,3055,3069,3067,3169,3128,3071,3098,3227,3083,3143,3017,3129,3184,3097,3132,3056
359,3590,neutral,3195,3015,3054,2922,2930,2970,2994,3030,3010,2988,3147,3074,3096,3052,2983,3029,2946,3109,2993,2899,3010,3047,3036,3113,3073,3068,3000,3033,2967,3022,2900,3013,3199,3112,3043,3116,3001,2988,3074,3193,3118,3159,3126,2994,3092,3032,3093,3090,3187,3106,3017,2982,3166,3054,3027,3088,3087,3164,3263,3053,3222,3071,3229,3040,3039,3067,2988,3128,3043,3096,3042,3056,3022,2953,3013,3083,2992,3096,3017,2999,3084,3008,3120,3002,3060,2909,3032,3103,2973,3081,2960,3111,3012,3003,3106,3019
360,3600,right,3113,3023,3148,3117,3143,3055,2922,3101,3133,3110,3082,3145,3122,3068,3014,3159,3264,3126,3109,3127,3133,3063,3215,3114,3007,3082,3122,3082,3192,3202,3189,3101,3113,3196,3084,3104,3099,3062,3060,3191,3182,3069,3179,3036,3076,3023,3097,3067,3093,3134,3231,2993,3049,3151,3151,3153,3208,3211,2991,3110,3112,3067,3167,3164,3273,3255,3323,3155,3233,3141,3259,3309,3297,3389,3229,3170,3169,3289,3260,3209,3281,3288,3357,3236,3292,3266,3300,3222,3332,3329,3302,3388,3350,3397,3332,3436
361,3610,clench,3035,2917,3014,2990,3042,2981,3030,2992,3088,2961,2965,3016,3044,2880,2868,3023,3059,3002,2880,3014,2973,2948,3004,3007,3030,2928,3037,2984,3047,2899,3085,2939,3012,2898,2959,3025,2879,2975,2848,2943,2988,2982,2955,3000,2964,2903,3002,2897,3034,2936,3009,2867,3010,3015,2948,2907,2983,2917,2850,3063,2998,2995,2983,2915,3169,3303,3248,3255,3073,3200,3105,3128,3130,3239,3090,3114,3100,3085,3297,3080,3194,3127,3152,3135,3212,3172,3212,3345,3045,3284,3216,3231,3169,3184,3145,3098
362,3620,clench,3215,3096,3166,3140,3078,3036,3158,3131,3090,3091,3159,3062,3142,3042,3066,3060,3017,3119,3161,3180,3071,3055,3168,3099,3181,3098,3108,3131,3065,3080,3108,2973,3039,3117,3114,3088,3070,2992,3141,3192,3152,3040,3064,3161,3182,3062,3022,3098,3193,3161,3140,3146,3068,3312,3073,3097,3214,3191,3057,3145,3070,3164,3064,3096,3384,3342,3291,3284,3213,3344,3295,3272,3301,3252,3295,3317,3332,3313,3282,3316,3341,3223,3316,3261,3402,3274,3330,3276,3236,3374,3249,3259,3299,3370,3184,3220
363,3630,clench,3194,3045,3094,3221,3224,3169,3183,3114,3104,3225,3054,3075,3219,3081,3078,3124,3065,3111,3149,3108,3190,3197,3175,2986,3208,3162,3068,3145,3038,3185,2994,3087,3148,3054,3101,3146,3055,3173,3056,3165,3136,3069,3067,3088,3095,3222,3052,3207,3203,3044,3026,3080,3135,3028,3059,3092,3139,3130,3098,3142,3143,3155,3088,3063,3237,3284,3375,3330,3354,3303,3287,3344,3324,3229,3349,3352,3276,3290,3339,3323,3329,3273,3314,3289,3271,3359,3279,3342,3164,3316,3190,3384,3317,3284,3356,3171
364,3640,clench,3134,3109,3032,3101,3137,3129,3073,3001,3130,3042,3050,2971,3036,3041,3028,3123,3196,2986,3080,3091,2983,3035,3160,3117,3053,3013,3004,2975,3035,3198,2994,2990,2976,2923,3004,3093,3038,3000,3062,3154,2974,3252,3006,2979,2978,3000,3080,3105,3012,3070,3048,3003,3032,3128,2982,3085,3021,3068,2985,3057,3040,2965,3045,3064,3210,3165,3309,3267,3227,3238,3193,3270,3207,3224,3259,3318,3286,3216,3203,3201,3351,3293,3333,3236,3157,3262,3210,3219,3245,3176,3172,3310,3103,3206,3281,3153
365,3650,clench,3207,3096,3091,3123,3138,3102,3069,3074,3081,3104,3031,3097,3068,3136,3017,3046,3029,3125,3132,3167,3018,3038,3046,3105,2957,3143,3085,3106,3037,3039,3167,3136,3155,3012,3076,3026,2995,3037,3070,3072,3083,3118,3070,3143,3127,3090,3002,3138,2991,3163,3117,3101,3063,3090,3069,3051,3170,3145,3155,3106,3084,3099,3215,3292,3283,3317,3245,3256,3363,3259,3249,3196,3210,3322,3203,3210,3297,3221,3273,3266,3239,3280,3209,3355,3226,3391,3314,3160,3229,3264,3322,3278,3245,3285,3305,3241
366,3660,clench,3178,3008,3177,3055,3205,3130,3025,3107,3153,3087,3063,3113,3052,3137,3097,3192,3127,3136,3123,3177,3115,3097,3058,3005,3025,3231,3008,3136,3085,3201,3023,3082,3153,3094,3187,3052,3030,3071,3102,3090,3203,3176,3110,3114,3066,2923,3136,3026,3122,2982,3051,3113,3113,3058,3115,3073,3099,3131,3167,3172,3178,3215,3061,3060,3225,3391,3207,3241,3309,3236,3206,3326,3365,3375,3182,3248,3141,3311,3323,3303,3213,3313,3299,3267,3237,3125,3271,3203,3246,3381,3137,3283,3157,3327,3307,3401
367,3670,clench,3112,3236,3176,3136,3288,3141,3130,3201,3111,3066,3263,3108,3179,3116,3089,3108,3065,3167,3210,3129,3241,3109,3103,3080,3119,3070,3075,3167,3146,3179,3065,3125,3205,3123,3115,3167,3078,3085,3208,3142,3078,3182,3023,3193,3150,3184,3144,3194,3059,3077,3168,3078,3114,3152,3202,3080,3193,3212,3179,3035,3134,3073,3144,3036,3240,3347,3235,3259,3326,3359,3245,3490,3219,3428,3288,3249,3307,3297,3144,3248,3335,3180,3227,3238,3336,3331,3285,3335,3377,3396,3250,3325,3215,3252,3356,3351
368,3680,clench,3083,3053,3011,3082,3130,3084,3128,3085,3065,3016,2945,3049,3046,2941,3029,3039,2998,3078,3077,3066,2985,2991,2904,2966,3008,3080,2982,3057,3032,3059,3116,2980,2998,3031,3027,3129,2963,3152,2989,3023,3103,3017,3025,3134,3089,3058,3057,2962,3081,3013,3101,3061,3062,3091,2968,3034,3099,3074,3127,3121,3060,3005,3025,3101,3217,3322,3218,3176,3043,3319,3226,3311,3337,3188,3222,3215,3242,3252,3121,3216,3262,3168,3159,3229,3181,3252,3232,3183,3285,3284,3241,3257,3226,3273,3286,3306
369,3690,clench,3153,3080,3028,3068,3135,3139,3011,3070,3093,3176,3150,3167,3067,3140,3107,3128,3155,3191,2994,3047,3071,3070,3077,3120,3002,3075,3110,3159,3145,3166,3094,3061,3101,3135,2903,3019,2993,3093,3063,3030,3205,2996,3081,3062,3091,3031,3112,3080,2992,3023,3061,3008,3183,3114,3124,2923,3056,2997,3150,2992,3137,3137,3045,3111,3312,3332,3283,3271,3387,3193,3408,3262,3215,3254,3391,3293,3330,3097,3289,3324,3288,3318,3336,3361,3280,3190,3261,3142,3214,3401,3284,3356,3327,3281,3342,3288
370,3700,clench,3113,3097,3053,3092,3044,3113,3196,3116,3157,3122,3077,3050,3127,3089,3119,3019,3091,3051,3124,3140,3169,3043,3161,3179,3220,3081,3054,3064,3072,3177,3006,3051,3093,3104,3082,3185,3098,3035,3095,3115,3111,3110,3131,3201,3023,3036,2993,2993,3129,3139,3110,3063,2987,3209,3180,3017,3144,3115,3316,3032,2964,3049,3114,3076,3248,3342,3390,3268,3389,3260,3166,3263,3281,3330,3253,3271,3260,3167,3439,3211,3204,3265,3265,3308,3230,3270,3270,3294,3292,3176,3303,3135,3111,3265,3369,3319
371,3710,clench,3064,3108,3127,3108,3051,3090,3052,3114,3054,3112,3020,3085,2996,3123,3124,3083,3000,3042,3111,3150,3210,3065,3102,3050,3076,3103,3095,3102,3032,3140,3147,3112,3151,2929,3059,3122,3096,3076,3068,3071,3119,3182,3102,3121,3088,3215,3136,3089,3078,3031,3037,3070,3048,2982,3077,3046,3048,3106,3080,3107,3064,3168,3085,3052,3259,3275,3310,3171,3174,3230,3204,3241,3289,3359,3241,3207,3221,3283,3236,3265,3198,3270,3238,3288,3227,3307,3268,3320,3316,3219,3320,3257,3389,3368,3302,3339
372,3720,clench,3064,3082,3015,3168,3037,3157,3159,3099,3103,3200,3083,3089,3166,3068,3160,3003,3172,3180,3013,3153,3317,3152,3114,3195,3127,3082,3030,3097,3139,3076,3154,3145,3129,2977,3113,3077,3072,3062,3028,3151,3000,3135,3087,3107,3093,3047,3089,3083,3031,3165,3184,3130,3137,3094,3079,3099,3030,3026,3056,3145,3124,3150,3094,3045,3290,3306,3279,3150,3254,3336,3215,3231,3244,3378,3250,3299,3337,3269,3238,3254,3174,3292,3247,3230,3234,3388,3269,3182,3231,3241,3303,3264,3310,3297,3243,3146
373,3730,clench,3033,3038,2990,3013,3019,3096,2971,2975,2983,3058,3006,2989,3092,3018,3003,2992,3061,3050,3068,2927,3036,2942,3030,2899,2996,3032,3106,3082,2978,3093,2983,2942,2982,2955,3005,3043,3075,3077,3045,3008,2999,3063,3099,3119,3006,3044,3077,3067,3026,2992,3049,3049,3019,2990,3084,3035,2832,3093,3041,2989,3043,3072,2913,3075,3264,3226,3195,3194,3177,3243,3149,3221,3201,3198,3103,3193,3154,3217,3231,3249,3137,3224,3251,3213,3214,3221,3184,3157,3221,3182,3210,3279,3315,3194,3253,3106
374,3740,clench,3225,3165,3130,3244,3046,3226,3155,3228,3099,3035,3137,3112,3113,3083,3039,3180,3048,3254,3041,3222,3091,3100,3101,3066,3122,3109,3117,3081,3093,3096,3161,3108,3109,3108,3109,2988,3144,3020,3047,3052,3041,3042,3152,3165,3114,3147,3153,3143,3102,3202,3091,3139,3035,3121,3096,3102,3107,2993,3178,3134,3017,3241,3245,3087,3272,3276,3364,3356,3315,3250,3339,3239,3306,3250,3399,3333,3335,3233,3328,3393,3283,3246,3190,3365,3350,3303,3332,3398,3278,3320,3282,3377,3346,3379,3282,3152
375,3750,clench,2984,3128,3061,3120,3115,3076,3106,3112,3141,3249,3031,3065,3104,3113,3073,3196,3001,3090,3064,3148,3210,3097,3033,3105,3026,3144,3092,3007,3110,3116,3096,3168,3043,3098,3035,3130,2901,3066,3067,3083,3128,3081,3067,3095,3003,3105,3140,3027,3021,3107,3096,3114,3142,3074,3126,3168,3173,3185,3079,3129,3042,3147,3146,3123,3301,3294,3218,3250,3226,3231,3311,3276,3199,3278,3325,3251,3259,3250,3289,3231,3365,3300,3162,3256,3306,3324,3298,3201,3298,3215,3309,3311,3171,3258,3374,3259
376,3760,right,3131,2965,3141,3101,3100,3084,2991,3018,3131,3048,3133,2992,3044,3063,3119,2957,3086,3079,3053,3095,3020,3042,2981,3005,3119,2964,2971,3039,3050,2950,3082,3058,3033,3104,3041,3063,3076,2988,3014,2957,3068,3071,3044,2998,2975,3113,3048,3004,3029,3064,3043,2990,2935,3047,3127,3170,3054,3065,3055,2987,3049,3077,2986,2878,3244,3309,3191,3269,3236,3386,3261,3175,3220,3237,3316,3309,3268,3131,3263,3179,3296,3211,3237,3253,3255,3161,3241,3279,3253,3309,3213,3304,3254,3192,3225,3268
377,3770,clench,3005,3090,3116,3057,3049,2982,3060,2998,3052,3119,3072,3035,3055,2972,3097,3069,3078,3075,3033,3077,3035,3099,3057,3001,3014,3077,2979,3084,3078,3096,3095,3128,3069,2996,3037,3041,3003,3025,3123,2972,3093,3054,3042,3036,3116,3059,3020,3112,3117,3102,3156,3072,3075,3002,3136,3010,3180,3126,3114,3090,3049,3048,3087,2982,3203,3283,3173,3229,3302,3298,3117,3200,3330,3309,3242,3047,3219,3276,3165,3286,3283,3258,3219,3237,3251,3194,3181,3281,3192,3287,3197,3274,3235,3165,3266,3179
378,3780,clench,2989,3067,3117,3045,3116,3130,3097,3037,3013,3013,3011,2993,3095,2991,3019,3054,3052,3147,3177,3147,3108,3050,3019,3137,3111,3110,3007,3023,2998,3173,3169,2958,3030,3163,3123,3084,2969,3081,3059,3061,3034,3116,3145,3020,2942,3118,3105,3078,3156,3014,3108,3075,3035,3105,3034,3056,3127,3015,3006,3103,2994,2966,3123,2945,3349,3274,3263,3302,3261,3248,3359,3251,3268,3236,3182,3273,3351,3242,3307,3299,3268,3198,3313,3276,3251,3254,3272,3269,3309,3111,3249,3303,3331,3320,3295,3263
379,3790,clench,2947,3110,2995,3065,3010,2989,3110,3015,2869,3078,3008,3181,3036,3035,3075,3131,3040,3155,3062,3110,3062,3086,2907,3098,3012,3035,2971,3058,3056,3075,3028,2970,2999,3021,3090,2996,3064,3078,3056,3092,3064,2986,3054,3056,2963,3045,3045,3004,3115,3007,3104,2970,3014,3037,3112,3140,3036,3242,2977,3020,3125,3033,3152,2963,3253,3312,3239,3122,3280,3277,3206,3145,3332,3209,3232,3172,3311,3198,3281,3269,3292,3177,3225,3271,3344,3225,3207,3294,3233,3224,3209,3222,3129,3260,3298,3276
380,3800,clench,3254,3132,3157,3244,3086,3151,3182,3160,3155,3063,3076,3167,3178,3048,3127,3025,3105,3088,3214,3106,3159,3024,3111,3074,3128,3119,3100,3042,3148,3093,3082,3150,3201,3212,3025,2991,3050,3202,3107,3123,3107,3061,3074,3132,3139,3096,3181,3121,3173,3163,3089,3194,3200,3228,3176,3148,3122,3083,3062,3085,3106,3157,3143,3070,3250,3328,3310,3250,3377,3285,3296,3318,3293,3309,3239,3278,3333,3312,3326,3347,3270,3240,3328,3394,3240,3189,3255,3205,3323,3390,3335,3352,3306,3320,3379,3343
381,3810,clench,3120,3062,3014,3030,3126,3094,3118,3150,3110,3007,3103,3070,3056,3105,3028,3207,3034,3031,3104,3160,3101,3185,3090,3107,3125,3180,3121,3075,3108,3053,3148,3175,3115,3077,3089,3223,3192,3176,3069,3157,3045,3154,3001,3095,3032,3036,3136,3080,3168,3030,3056,3076,3039,3033,3046,3046,3126,3103,3121,3081,3066,3070,3021,3044,3225,3322,3385,3239,3374,3347,3349,3307,3219,3197,3208,3270,3312,3303,3212,3394,3298,3209,3305,3260,3082,3264,3180,3333,3203,3255,3236,3322,3217,3360,3265,3190
382,3820,clench,3036,3070,3030,2994,2979,2940,2991,3032,3001,2993,3201,3059,3076,3089,3054,3087,3033,3075,2946,3059,3120,3123,3086,3064,3041,3063,3041,3038,2980,3056,3095,3061,3018,3061,3002,3018,3090,3065,3035,3077,3006,2936,2985,3036,3168,2961,3038,3046,3056,3044,3057,3040,3200,3027,3144,3035,3080,2988,3174,3063,2980,3085,3008,3104,3117,3317,3257,3275,3189,3164,3300,3174,3151,3140,3318,3213,3246,3295,3222,3267,3286,3273,3169,3266,3175,3184,3251,3230,3139,3156,3182,3257,3135,3225,3282,3242
383,3830,clench,3064,3145,3072,3029,3110,2981,2896,3030,2999,2992,3051,3055,3107,3084,3109,2945,3119,2942,3061,3065,3087,3003,3060,3074,3060,2920,3127,2942,2980,3103,3035,3075,2996,2975,3091,3013,3036,3143,3018,3040,3057,2982,3080,3120,3038,3043,2997,3013,3119,2955,3050,3002,3115,3014,3076,2943,3096,2977,2998,3028,3054,3012,3158,3071,3169,3268,3184,3222,3109,2968,3181,3167,3180,3272,3193,3181,3304,3232,3233,3279,3280,3161,3240,3159,3184,3171,3277,3224,3321,3186,3251,3292,3198,3290,3189,3347
384,3840,clench,3060,3074,3034,3111,3108,3045,3168,3065,3116,3089,3065,3090,3192,3048,3062,3097,2952,2915,3140,3028,3128,3118,3109,3171,2993,3001,3035,3075,3055,2981,3099,2934,3172,3110,3096,3095,3068,3037,3171,3116,3046,2978,3060,3137,3096,3034,3116,2969,3100,3024,2966,3195,3038,3166,3103,3059,3052,3075,3034,3052,3017,3087,2924,2996,3221,3233,3258,3342,3247,3270,3336,3237,3351,3308,3171,3366,3248,3310,3239,3303,3287,3223,3268,3322,3143,3221,3264,3239,3162,3216,3149,3132,3230,3260,3199,3157
385,3850,clench,3067,3068,3045,2950,2982,2989,3011,3100,2964,3096,2983,2929,3044,3069,3047,3025,3027,3008,2987,3040,3044,3064,3049,3029,3115,2922,2985,2837,3027,3030,2984,2998,3136,3071,3042,3022,3069,2938,2920,3008,3058,3045,2984,2908,2899,2992,2950,3024,3021,3006,3136,2994,3047,3041,3005,3040,2985,2953,3140,2976,3031,2957,3074,3036,3118,3184,3008,3250,3108,3239,3306,3157,3195,3195,3198,3148,3235,3256,3228,3275,3040,3310,3257,3198,3189,3253,3209,3275,3304,3125,3175,3309,3247,3217,3161,3121
386,3860,clench,3026,3083,3060,2992,3122,3028,3069,3106,2985,3062,3094,3027,3034,3004,3035,3153,3239,3078,3061,3011,3213,2976,3106,3163,3114,3072,3003,2987,3005,3077,3131,3106,2990,3057,3027,3072,3043,3015,3069,3240,3129,3140,3001,3222,2975,3102,3017,3061,3156,3007,3187,3058,3082,3038,3025,3107,3047,3008,3001,3134,3009,3088,3089,2980,3342,3318,3242,3199,3255,3230,3316,3305,3291,3350,3309,3257,3142,3257,3222,3289,3249,3233,3223,3311,3248,3264,3211,3236,3249,3319,3312,3323,3230,3274,3332,3275
387,3870,clench,3002,3046,3036,3092,2977,3022,3064,3017,3021,3149,3018,3046,2983,3132,3049,3032,3000,3001,3083,3063,3083,3059,3035,3050,3002,3100,2989,3070,2985,3016,2975,3039,3001,3097,2913,3234,3001,3031,3072,3123,3097,3013,3049,3111,3049,3097,3124,2977,3043,3185,3009,2984,2993,3096,3020,3172,3038,3103,3096,3116,2960,3065,3070,3013,3184,3241,3182,3122,3228,3219,3177,3149,3288,3216,3220,3302,3093,3127,3216,3202,3191,3207,3244,3151,3208,3170,3339,3243,3319,3159,3281,3204,3152,3260,3390,3069
388,3880,clench,3046,3021,2970,2988,3026,3031,3003,3070,3019,3029,3075,3045,3070,3121,2944,2983,2958,3087,2938,3024,2981,3070,2945,3095,2922,3021,3014,3041,2957,2923,3067,3024,3102,3047,3110,2980,3040,3098,3005,3043,3015,3090,2976,3052,3018,3076,2965,2935,2974,2968,2983,3059,3071,3013,3022,3022,3078,2951,2988,3020,2970,2961,3137,3037,3290,3141,3231,3141,3305,3273,3194,3192,3267,3313,3159,3146,3159,3249,3251,3338,3272,3178,3165,3194,3128,3321,3148,3272,3188,3193,3184,3193,3263,3269,3210,3202
389,3890,clench,2904,3036,3093,3121,3018,3059,3129,2953,3113,3040,3088,2993,3016,3070,3090,3122,3011,3061,3103,3099,3015,2970,3064,3003,2997,3243,2966,3034,3108,3004,3095,2944,2999,3002,3123,3115,3063,3107,3142,3031,3160,3095,3207,3034,3108,3081,3050,3079,3058,3059,2986,3087,3082,3026,3151,3028,2971,3114,3118,3064,3172,2947,3106,3016,3372,3162,3128,3218,3197,3237,3232,3170,3248,3235,3289,3297,3048,3213,3244,3432,3297,3221,3254,3328,3183,3379,3293,3338,3248,3329,3214,3299,3271,3323,3205,3341
390,3900,clench,3040,3072,2978,3040,2950,3111,3068,3036,3105,3064,3092,2947,3000,2928,3173,3057,2934,2940,3075,2985,3143,3150,3157,3039,3029,3079,3050,3033,3104,3090,3040,3060,3078,3056,3079,3047,2955,3027,2972,2978,3108,3019,3091,2931,3056,3029,3113,2994,3048,3035,2958,3125,2966,3139,3023,3166,3029,2978,3010,3039,2979,3012,3108,3036,3189,3166,3244,3272,3315,3252,3271,3338,3251,3349,3181,3166,3268,3278,3286,3183,3174,3090,3205,3259,3265,3274,3256,3149,3357,3098,3210,3102,3171,3165,3235,3136
391,3910,clench,2967,3017,3063,2953,3091,2914,3011,3049,2992,2975,3027,3007,3060,3042,2892,2953,3022,3086,3037,3019,2996,2957,3069,2974,2992,3011,3036,3104,3044,3122,3153,3199,3044,2931,3059,3039,2923,2939,3027,3155,3110,3043,2929,2956,3022,2945,3032,3058,3009,2957,3128,3032,2971,2994,3044,3101,2970,3050,2942,2978,3108,2959,3120,3073,3098,3301,3170,3238,3237,3256,3233,3156,3182,3222,3231,3221,3296,3099,3215,3232,3294,3245,3225,3169,3140,3270,3159,3296,3193,3198,3135,3254,3158,3196,3210,3154
392,3920,clench,2873,2851,2956,2991,2895,2929,2876,2946,2959,2925,3022,2899,2900,3071,2901,2984,2894,2944,3030,2967,2894,2828,2864,3021,2971,3071,2936,3026,2994,2968,3033,2943,2850,2989,3057,3079,3047,2957,3038,2941,2896,3037,3035,2994,2952,2952,3017,3066,3008,2992,3020,2839,3030,3013,2995,2896,3074,2996,2958,2931,2974,2983,3037,3048,3154,3028,3083,3100,3196,3210,3139,3073,3171,3126,3263,3150,3245,3170,3111,3121,3085,3217,3297,3150,3176,3210,3130,3174,3118,3112,3232,3101,3118,3100,3145,3119
393,3930,clench,3137,2999,3084,3020,3126,3156,3037,3015,3055,3078,3069,3057,2984,3069,3078,3078,3006,3043,3174,3290,3138,3084,3047,3106,3068,3113,3072,3045,3036,3116,3118,3055,3082,2973,3102,3006,3037,3096,3034,3055,3063,3119,3001,3091,3060,3149,3067,3035,3205,3025,3048,3087,2936,3049,3140,3183,3165,3055,3086,3150,3072,3048,3021,3033,3338,3343,3215,3187,3294,3247,3253,3309,3255,3254,3174,3136,3285,3160,3270,3118,3238,3237,3222,3252,3221,3240,3241,3275,3162,3205,3314,3353,3223,3236,3174,3176
394,3940,clench,3100,3146,3141,3133,3149,3118,3117,3171,2967,3089,3107,2998,3075,3083,2972,3115,3171,3128,3075,3075,3097,3163,3089,3084,3028,3208,3001,3048,3098,3149,3066,3111,3101,3112,3001,3181,3121,3066,3122,3134,3213,3130,3074,3143,3002,3147,3181,3162,3134,3140,3093,3084,3087,3147,3138,2983,3064,3154,3126,3078,3065,3109,3089,3025,3287,3275,3321,3269,3299,3260,3282,3166,3340,3290,3243,3377,3363,3318,3396,3373,3328,3264,3363,3294,3219,3326,3260,3350,3254,3289,3207,3205,3278,3241,3226,3371
395,3950,clench,3127,3028,3011,2968,3131,3076,3050,2981,3019,3065,3051,3047,2986,2961,3081,2978,2944,3041,2891,3126,2996,3032,3042,3071,3003,2953,3062,3058,3030,3040,3166,3046,3062,2975,3065,3110,3033,2987,3020,3053,3075,3142,2974,2979,3028,3067,3047,3021,3070,3045,3047,3021,2994,3061,2902,3101,3041,3171,3046,2960,2978,2988,2963,2947,3225,3315,3240,3243,3088,3244,3217,3267,3137,3197,3145,3165,3237,3185,3218,3285,3289,3208,3262,3148,3131,3207,3192,3260,3160,3202,3153,3119,3118,3228,3166,3225
396,3960,clench,2996,3024,2983,3009,3060,3088,3115,2929,2944,2850,3042,3151,3071,3074,2992,3061,3026,2984,2969,3054,3053,2924,2997,3025,2979,3015,3016,3065,3113,3116,3058,3008,3082,3015,3058,2894,3010,2779,3022,2995,3004,3103,3090,2962,2949,3088,2924,3122,2986,2966,2934,3079,2932,3036,2958,3018,3014,3038,3028,2995,3073,3053,2988,3085,3091,3220,3328,3211,3164,3158,3231,3058,3112,3105,3109,3190,3184,3124,3295,3101,3202,3304,3181,3185,3132,3251,3206,3106,3193,3295,3165,3179,3300,3138,3161,3218
397,3970,clench,3033,3029,3016,3067,2986,3130,3034,3082,3023,3037,3000,2897,3006,3038,2963,2963,3024,3028,2954,3044,3098,2863,3112,2990,3020,3012,3093,3005,2901,3055,3019,3088,3086,2964,2980,3105,2960,3129,3024,3037,3083,3106,2987,3034,3202,3019,3096,3026,3092,2967,3105,3003,2952,2912,3080,2931,2885,2916,3068,2962,3044,3031,3031,2970,3295,3087,3220,3139,3195,3218,3160,3187,3257,3289,3232,3144,3257,3232,3236,3260,3286,3223,3288,3223,3193,3319,3164,3187,3143,3057,3238,3294,3322,3285,3194,3188
398,3980,clench,3063,2986,3041,3043,3021,2938,3082,3002,3094,3021,2981,3044,3082,3063,3051,3025,3128,3016,2999,2891,2889,2989,3133,3039,3063,3040,3008,3101,3075,3132,3088,2997,2972,3032,3006,2923,2909,2996,2971,2989,2902,3155,2999,2993,2972,2933,3019,3023,2998,2967,3103,3010,2936,3082,3076,3182,3033,3008,3029,3017,3073,3031,3102,2914,3145,3163,3218,3199,3166,3125,3232,3154,3177,3054,3119,3162,3127,3168,3228,3144,3178,3204,3088,3196,3223,3239,3115,3259,3257,3158,3272,3149,3309,3158,3125,3194
399,3990,clench,2962,3001,3042,3057,3005,2979,2970,2954,3021,3038,2887,2908,3162,2918,2980,2914,2926,3140,2918,3097,2943,3082,2910,2998,2962,2921,3008,3006,2914,2978,2994,3024,2979,3094,2991,3067,3032,3013,3046,3022,3073,3027,3005,2974,3115,2965,3009,2999,2971,3136,3064,3112,3091,3000,3035,3068,2997,3006,2930,3101,2979,3092,3155,2995,3196,3267,3241,3181,3228,3149,3201,3199,3170,3166,3131,3205,3123,3128,3189,3088,3182,3168,3264,3211,3117,3206,3129,3246,3157,3217,3196,3230,3157,3201,3219,3157
400,4000,clench,3076,3008,3087,3097,3175,3091,3043,2945,3120,3204,3053,3000,3018,3078,3079,3159,3186,3057,3140,3093,3063,3082,3102,3097,3126,3132,3198,3073,2973,3124,2943,3101,3106,3064,3204,3102,2977,3066,3004,3114,3129,2968,3199,3105,3123,3103,3126,3018,3053,3146,3153,2940,3251,3115,3167,3055,3169,2986,3077,3052,3188,3060,3169,3203,3218,3219,3250,3284,3323,3264,3302,3356,3305,3276,3141,3276,3284,3204,3239,3145,3251,3288,3219,3226,3243,3186,3153,3321,3382,3322,3373,3237,3194,3361,3172,3289
401,4010,clench,3082,3099,3108,3117,3201,3104,3048,3054,3167,3130,3119,3068,3071,3037,3081,3150,3072,3104,3090,3055,2981,3142,3071,3025,3045,3157,3176,3101,3036,3140,3003,3078,3114,3133,3107,3172,3128,3056,3127,3085,2987,3214,3150,3074,3032,2990,3042,3032,3085,3058,3184,3109,3095,3030,3077,3017,3059,3053,3046,3124,3093,3099,3045,3061,3269,3346,3281,3343,3353,3288,3199,3200,3111,3285,3294,3244,3284,3188,3206,3267,3215,3281,3281,3235,3212,3227,3188,3205,3184,3260,3300,3277,3277,3257,3187,3324
402,4020,clench,3050,3030,3131,3024,3070,2906,3067,3197,2889,3063,3148,2977,3127,3160,3073,2964,3001,3045,3081,3042,3084,3093,2938,2978,2972,3059,3158,3139,3004,2984,2915,3029,3006,3076,3055,3095,3048,3072,3065,3017,3042,3038,3060,3024,2964,3095,3075,3052,2976,3047,3141,3181,2990,3090,3074,3032,2978,3013,3004,3005,3028,3057,3125,3046,3240,3202,3315,3239,3235,3267,3261,3200,3319,3309,3287,3240,3213,3353,3244,3284,3208,3193,3296,3384,3262,3229,3307,3277,3244,3259,3150,3194,3222,3181,3229,3128
403,4030,clench,3041,3075,3078,3111,3047,2987,3098,2958,3001,3066,3034,3031,3126,2930,3135,2948,3030,3105,3042,3037,3078,3116,3001,2981,3060,3099,2974,3052,3041,3056,3146,3048,3078,3097,3154,3100,3098,3137,3000,3074,3062,3135,3060,3031,3093,3011,3133,2984,3069,2976,3025,3129,3013,3044,2965,3136,3076,3131,3125,3061,3056,2978,3065,3040,3207,3179,3178,3205,3260,3133,3194,3134,3255,3186,3273,3281,3306,3211,3207,3222,3261,3216,3158,3205,3214,3233,3171,3237,3193,3277,3317,3196,3174,3284,3288,3144
404,4040,clench,2941,3063,2857,3014,3023,2974,3002,2984,2880,2870,3107,2903,2987,2926,2828,3069,2963,2875,3021,2975,3103,2930,2960,3084,2999,2980,3013,3058,2963,2990,3015,2893,2918,3059,3022,2967,3015,2871,3001,2928,3031,3025,3056,2990,3081,2911,3015,2971,2979,2933,3035,3046,2961,2944,2860,2898,2991,3088,3015,3001,2974,2982,2956,2920,3121,3165,3138,3269,3212,3111,3256,3109,3194,3149,3061,3297,3254,3160,3124,3120,3201,3233,3200,3048,3185,3059,3182,3097,3164,3261,3177,3040,3175,3121,3111,3177
405,4050,clench,3139,3114,3039,3091,3074,3061,3194,2924,3048,3024,2974,3010,2966,3081,3119,3059,3083,3060,3017,3029,3094,3112,3088,3003,2994,2988,3111,3067,2976,2926,3075,2995,3012,3070,3029,3058,3040,3056,3057,3099,3006,3191,3154,3035,2990,2991,3055,2946,2977,3046,2957,3102,3069,2943,3043,3088,3036,3088,2989,3132,2970,3111,2985,3115,3180,3208,3212,3155,3221,3307,3256,3261,3275,3266,3205,3216,3244,3240,3179,3201,3162,3143,3212,3211,3212,3103,3223,3116,3231,3355,3225,3328,3269,3243,3212,3180
406,4060,clench,3159,2966,3120,3091,3031,3043,3032,3069,2891,2995,3103,3028,3073,2945,2994,3124,2959,2983,3039,2983,3051,3065,3045,2972,2997,2906,3045,2977,3078,2985,2992,3014,2999,2990,3067,2992,2956,2943,2955,2943,3028,2996,2978,2985,2896,3072,3044,3006,2824,2994,3054,2983,3051,2971,3021,3085,3047,2957,2985,3038,3090,3007,3007,2947,3111,3212,3164,3128,3231,3190,3245,3201,3191,3115,3136,3114,3106,3218,3232,3257,3154,3123,3058,3052,3119,3260,3187,3223,3075,3241,3276,2965,3169,3222,3198,3186
407,4070,clench,3156,3174,3111,3098,3072,3059,3074,3131,3102,3086,2985,3163,3127,3074,3025,3099,3191,3101,3080,3181,3125,3050,3134,3195,3005,3072,3117,3056,3120,3005,3044,3097,3061,2987,3102,2938,2983,3090,2997,2927,2978,2999,2966,3085,2927,3033,3131,3093,2945,3066,3022,3011,2962,3074,2972,2961,2970,3088,2992,3055,3067,2967,3080,3015,3072,3072,3126,3182,3087,3168,3076,3189,3138,3132,3109,3114,3118,3091,3073,3144,3071,3166,3202,3207,3093,3105,3145,3138,3169,3170,3128,3265,3117,3224,3101,3097
408,4080,clench,3069,3120,3020,3013,3170,3074,3136,3132,3129,3028,3074,3041,3159,2986,3119,3077,3005,3155,3136,3182,3012,3050,3049,3099,3078,3055,3131,3166,3085,3120,3144,3126,3103,3126,3074,3015,3065,3157,3056,3181,3086,3088,2995,3113,3080,3074,3191,3043,3158,3125,3033,3061,3139,3191,3130,3107,3175,3052,3050,3107,3128,3145,3068,3079,3292,3293,3272,3214,3343,3280,3272,3348,3203,3310,3328,3261,3268,3282,3219,3267,3330,3312,3298,3240,3292,3290,3365,3296,3291,3243,3192,3247,3178,3260,3212,3332
409,4090,clench,3137,2983,3083,2978,3071,3029,3105,2988,3106,3203,3029,2974,3033,3051,2975,3118,3052,3057,3048,3043,3009,3007,2995,3069,2935,3068,3037,3002,3180,3119,3006,2987,3065,3118,3067,3108,3116,3127,3116,3103,2989,3094,3052,3007,3071,3029,3154,3090,3038,2952,3103,3073,3070,3058,3040,2989,2958,3077,3038,3029,2976,3005,3124,2945,3320,3243,3164,3209,3261,3173,3168,3216,3252,3211,3257,3154,3202,3182,3220,3218,3155,3200,3272,3146,3291,3227,3313,3290,3277,3223,3277,3197,3096,3290,3194,3329
410,4100,clench,3072,3062,3068,3047,3126,3206,3198,3136,3143,3023,3183,3114,3115,3082,3121,3132,3051,2972,3066,3078,3046,3146,3066,3032,3087,3089,3010,3203,3107,3160,3162,3180,3150,3194,3058,3045,3097,3145,3163,3099,3067,3086,3119,3106,3156,3155,3062,3068,3086,3105,3118,3054,3091,3086,3076,3039,3141,3107,3087,3119,3202,3078,3152,3026,3315,3357,3297,3296,3217,3241,3354,3266,3313,3337,3352,3318,3319,3212,3331,3353,3281,3196,3403,3332,3275,3325,3223,3340,3250,3223,3365,3250,3321,3245,3424,3289
411,4110,clench,2935,3134,3029,3084,3114,3040,3144,2995,3088,3099,3067,3088,3023,3042,3031,3121,3025,3186,3144,3153,3092,3120,3053,3027,3191,3147,3186,3110,3144,3222,3064,3197,3087,3198,3150,3132,3158,3168,3034,3173,3095,3075,3151,3138,3052,3051,3143,3078,3240,3105,3179,3124,3033,3163,3101,3054,3088,3160,3133,3057,3078,3159,3063,3144,3199,3211,3227,3263,3243,3306,3349,3296,3310,3288,3314,3305,3288,3206,3274,3233,3299,3220,3301,3230,3263,3293,3356,3244,3379,3228,3372,3210,3312,3291,2996,3299
412,4120,clench,2932,2989,3008,3043,2920,3201,3079,2981,3007,3120,3012,2878,3085,2970,2971,3017,3087,3031,3056,3097,3026,3037,3042,3004,3038,3064,2968,3022,3137,3002,3074,3071,3027,3063,3119,2940,2995,3029,3109,2989,2935,3088,3030,2887,3110,3036,3133,3078,2968,3019,3014,3028,3044,3104,3023,3119,3056,3082,2903,3053,3062,3054,3073,3027,3222,3149,3164,3194,3161,3165,3170,3225,3116,3235,3211,3136,3201,3241,3304,3240,3177,3216,3191,3191,3238,3137,3297,3149,3170,3188,3304,3200,3238,3165,3294,3167
413,4130,clench,3016,3173,2994,3090,2954,3091,2951,3018,2996,3017,3084,3043,2989,2976,3036,3155,2996,3088,2988,3018,3054,3068,2958,3013,3040,3040,3030,3070,3000,2902,3067,2978,3064,3074,3125,3026,3080,3038,3026,3045,3102,2996,2928,2969,3011,3086,3049,2996,3012,3081,3013,2952,3096,3142,3001,2983,2969,3034,2992,3057,2946,3054,2930,3073,3173,3179,3292,3166,3205,3186,3222,3149,3215,3283,3191,3215,3261,3186,3098,3267,3179,3153,3191,3192,3172,3132,3241,3205,3219,3293,3180,3271,3163,3106,3207,3259
414,4140,clench,3164,3079,3050,3162,3100,3129,3146,3120,3183,3019,3211,3150,3179,3103,3070,3065,3172,3215,2991,3113,3165,3150,3108,3136,3110,3125,3074,3156,3106,3147,3173,3100,3079,3072,3179,3133,3057,3053,3085,3148,3143,3082,3022,3120,3140,3123,2997,3039,3117,3130,3209,3097,3149,3153,3140,3113,3149,3077,3179,3187,2985,3011,3249,3023,3224,3238,3337,3333,3268,3234,3481,3290,3396,3349,3324,3250,3335,3391,3238,3220,3260,3207,3277,3169,3439,3354,3319,3334,3256,3218,3362,3314,3326,3258,3339,3284
415,4150,clench,2928,3047,2989,3009,3015,3097,3063,3023,3145,3127,3153,3015,2989,2991,3010,3011,3100,2960,3037,3025,3039,3162,3161,2984,2901,3112,2960,3097,3081,3018,3026,3057,3009,3100,3155,2998,3107,3130,3031,2989,3195,3194,2992,3059,3080,2989,3108,3080,3040,3076,3033,3008,3092,3084,3086,2947,3064,2964,3048,3053,3146,3123,3082,2974,3260,3167,3278,3206,3308,3255,3177,3149,3110,3169,3196,3279,3220,3261,3220,3215,3160,3203,3267,3220,3276,3193,3297,3143,3243,3238,3283,3129,3326,3218,3206,3202
416,4160,clench,3085,3254,3109,3189,3109,3160,3063,3177,3114,3125,3142,3185,3138,3187,3214,3138,3162,3165,3111,3247,3039,3140,3069,3034,3150,3124,3163,3110,3152,3179,3046,3147,3116,3243,3146,3144,3128,3138,3081,3189,3273,3138,3113,3234,3204,3160,3009,3020,3139,3214,3083,3093,3207,3032,3118,3102,3095,3179,3020,3106,3195,3022,3058,3080,3238,3297,3317,3432,3271,3279,3357,3278,3212,3256,3284,3342,3384,3193,3277,3284,3323,3333,3432,3301,3300,3475,3323,3201,3283,3339,3303,3351,3381,3281,3349,3212
417,4170,clench,3060,3122,3104,2993,2945,3049,3074,3040,3101,3050,2982,2985,3121,3040,3170,2970,3091,3164,3049,3016,3149,3089,3076,3194,3150,3033,3006,3087,2945,3054,3055,3157,2926,3067,3059,3051,3038,3094,3103,3109,3002,3137,3168,2959,3033,3052,2995,3215,3032,2975,3065,3075,3010,2938,3000,2973,3030,3071,2998,3019,3045,3061,2999,3105,3337,3236,3327,3206,3199,3289,3224,3282,3258,3237,3224,3192,3301,3394,3226,3271,3269,3139,3337,3282,3284,3246,3188,3225,3195,3206,3187,3188,3162,3267,3185,3342
418,4180,clench,3192,3144,3162,3083,3210,3232,3239,3205,3138,3186,3146,3186,3225,3039,3115,3045,3137,3282,3202,3082,3095,3213,3016,3061,3146,3133,3242,3169,3207,3134,3106,3191,3190,3189,3144,3062,3235,3150,3128,3293,3103,3155,3167,3058,3097,3111,3062,3154,3040,3108,3155,3112,3199,3047,3231,2994,3242,3147,3156,3215,3194,3212,3175,3138,3403,3263,3393,3334,3265,3309,3337,3168,3322,3390,3360,3312,3315,3342,3292,3347,3297,3278,3293,3264,3394,3293,3417,3354,3251,3485,3265,3309,3408,3346,3304,3240
419,4190,clench,3131,3088,3074,3033,3200,3084,3030,3061,3150,3083,3031,3121,3148,3015,3123,3094,3213,3181,3085,3187,3051,3093,3156,3156,3095,3076,3066,2964,3123,3119,3001,3078,3151,3002,3029,3102,3028,3072,3105,3031,3107,3107,3101,3144,3074,3105,3099,3026,3126,3092,3131,3122,3049,2978,3103,3135,2979,3037,3081,3120,3116,3106,3128,3093,3267,3250,3262,3261,3171,3294,3196,3287,3283,3250,3271,3346,3241,3277,3210,3357,3210,3307,3318,3262,3337,3201,3230,3284,3424,3272,3205,3289,3174,3315,3394,3218
420,4200,clench,3084,3100,3105,3126,2956,3076,2964,2972,3026,3028,3023,3060,3114,2982,3049,3002,3018,3078,2987,3062,3026,3016,2956,3041,3024,3031,3007,3051,3079,3072,2966,3092,3081,3132,3037,2943,3121,3086,3164,3024,3139,3090,2917,2958,3102,3022,3100,3063,3032,3168,3001,3104,3191,3169,3045,3169,3069,3126,3041,2954,3045,3029,2970,3131,3221,3112,3184,3189,3188,3272,3189,3202,3127,3227,3286,3280,3231,3231,3323,3340,3196,3082,3289,3109,3245,3258,3232,3098,3337,3117,3184,3113,3247,3248,3198,3280
421,4210,clench,3066,3214,3184,3243,3143,3059,3190,3159,3087,3081,3209,3047,2991,3054,3223,3130,3157,3146,3148,3145,3080,3209,3128,3190,3151,3102,3013,3212,3172,3132,3183,3133,3100,3029,3192,3085,3141,3072,3148,3057,3195,3030,3134,3177,3059,3078,3076,3163,3164,2992,3071,3129,3166,3123,3138,3153,3221,3185,3184,3111,3041,3152,3116,3016,3376,3354,3327,3338,3383,3330,3242,3329,3279,3371,3305,3343,3336,3385,3367,3328,3292,3245,3274,3215,3315,3274,3344,3312,3328,3328,3263,3188,3367,3339,3400,3198
422,4220,clench,3031,3033,3040,3023,3032,3072,3016,3024,3071,3028,3161,3082,3130,3090,3168,3051,3178,3018,3145,3065,3155,3028,3065,3154,3204,3157,3137,3077,3168,3153,3060,3071,3186,2975,3023,3071,3061,3127,2979,3043,3045,3082,3164,3116,3169,3169,3051,3098,3081,3097,3058,3048,3137,3046,3078,3162,3078,2963,3057,3025,3031,2999,3034,3154,3228,3321,3296,3352,3170,3228,3212,3329,3247,3315,3210,3193,3247,3210,3318,3245,3267,3225,3293,3199,3152,3392,3250,3294,3320,3291,3267,3271,3160,3311,3276,3198
423,4230,clench,3037,3071,3057,3161,3130,3079,3097,3071,3066,3089,3106,3085,3189,3034,3053,3090,3037,3153,3276,3186,3158,3052,3137,3157,3121,3169,3013,3039,3002,3022,3237,3157,3211,3204,3055,3103,3059,3170,3010,3085,3052,3173,2983,2955,3029,3107,3025,3005,3061,3070,3102,3166,3101,3134,3179,3053,3119,3119,3042,3036,3113,3207,3029,3113,3228,3285,3284,3247,3229,3377,3344,3234,3254,3315,3286,3254,3284,3306,3256,3389,3233,3221,3363,3234,3301,3304,3237,3221,3308,3300,3271,3265,3217,3303,3188,3357
424,4240,clench,3080,3030,3145,3097,3157,3096,3148,3170,3117,3177,3156,3220,3102,3027,3208,3138,3001,3175,3173,3140,3150,3098,3124,3163,3078,3053,3191,3282,3201,3104,3171,3154,3105,3048,3169,3079,3214,3161,3075,3158,3130,3110,2972,3060,3122,3029,3106,3096,3105,3142,3085,3013,3104,3095,3157,3186,3154,3121,3140,3125,3178,3191,3055,3177,3416,3234,3381,3316,3213,3146,3323,3360,3286,3300,3244,3307,3273,3507,3361,3269,3326,3302,3335,3254,3234,3453,3220,3346,3376,3221,3315,3318,3272,3379,3335,3344
425,4250,clench,3043,3038,3085,3096,3013,3025,3067,3040,3070,2971,3155,3034,3132,3019,3113,3031,3007,3067,3007,3125,2989,2877,2987,3074,2973,3116,3104,2997,3001,3069,3054,3011,3126,3081,3081,3080,3070,2963,2994,3072,3096,2998,3068,2987,3055,3035,3085,2992,3109,3025,3036,3058,3093,3110,3123,2998,3063,3084,3075,3104,3015,3024,3018,3238,3250,3480,3161,3255,3190,3236,3261,3242,3285,3204,3219,3176,3287,3212,3189,3246,3339,3132,3186,3257,3145,3172,3187,3218,3301,3234,3200,3155,3181,3216,3252,3198
426,4260,clench,3117,2948,3105,3021,3001,3034,3038,3050,3055,3129,3033,3047,3080,2973,3021,2954,2942,2955,3075,2998,3033,3056,2979,2981,3092,2954,3011,3073,3102,3143,3025,2955,2992,2953,2993,3057,3027,3025,3066,2936,3140,3077,2988,3082,3047,3035,3021,3055,3022,3034,2972,3069,3102,3041,3021,3033,3036,3142,2916,2969,3029,2990,2989,3054,3109,3178,3261,3074,3141,3136,3260,3188,3215,3290,3330,3244,3162,3305,3210,3260,3336,3208,3221,3239,3166,3136,3173,3108,3200,3105,3267,3145,3193,3275,3152,3173
427,4270,clench,3028,3079,3030,3204,3043,3038,2953,3075,3074,3145,3130,3069,3170,3061,3042,3112,3149,3080,3135,3105,3131,3224,3186,3083,3087,3082,3203,3062,3165,3259,3147,3104,3145,3023,3103,3109,3010,3047,3094,3174,3038,3179,2977,3043,3075,3129,3095,3050,3162,3073,3073,3160,3116,3028,3154,3130,3183,3157,3121,3030,3144,3165,3197,3073,3367,3180,3172,3186,3252,3353,3250,3306,3225,3187,3167,3331,3248,3276,3192,3288,3361,3329,3174,3318,3329,3302,3392,3232,3316,3252,3396,3300,3350,3263,3276,3279
428,4280,clench,3054,3088,2939,3072,2990,3091,3138,3033,2973,3049,2990,2976,3018,2998,2977,2980,2979,3076,2924,2924,3007,3120,3018,2953,3009,2947,2971,3025,3058,3039,2995,3063,2993,3074,3008,3119,3023,3019,3073,3010,3049,2929,2935,3099,2999,2924,2997,3050,2991,2870,3072,2948,2950,2956,2939,3004,3030,3003,2955,2979,3084,2998,2967,2893,3199,3158,3210,3257,3144,3105,3199,3210,3227,3140,3185,3274,3272,3210,3163,3193,3136,3204,3212,3247,3276,3303,3162,3211,3099,3183,3125,3008,3161,3182,3283,3148
429,4290,clench,3072,3026,2981,3103,3117,3154,3047,3062,3012,3056,3012,3069,3017,2994,3055,2969,3017,3028,3144,3078,3027,3092,3098,3040,3031,2988,3139,2989,3122,3088,2978,3017,2994,3018,2995,3092,3126,3057,2992,2997,2960,3182,3120,3075,3026,2956,3014,2928,2984,3128,3108,3158,3035,3059,3000,2998,3090,3046,3137,3139,3058,3211,3084,3002,3155,3255,3181,3208,3144,3233,3200,3249,3285,3117,3313,3170,3297,3218,3269,3257,3177,3318,3331,3156,3119,3285,3283,3189,3223,3314,3230,3242,3211,3251,3289,3182
430,4300,clench,3053,3003,3139,3169,3083,3060,3088,3032,3161,3076,3014,3118,3035,3097,2976,3009,3150,3182,3058,3050,3180,3110,3097,3039,3155,3032,3093,3017,3113,3142,3086,3042,3156,3117,3180,3042,3164,2922,3055,3062,3010,3024,3088,3059,3107,3072,2952,3063,3190,3150,3085,3071,3140,3140,2995,3096,3162,3116,3115,3080,3076,3164,2993,3161,3250,3205,3192,3189,3264,3315,3244,3290,3215,3241,3279,3215,3306,3237,3263,3293,3336,3259,3206,3366,3300,3228,3277,3321,3239,3143,3353,3171,3318,3173,3197,3256
431,4310,clench,3019,3271,3110,3160,3191,3084,3165,3079,3089,3242,3153,3160,2995,3106,3010,3185,3065,3090,3135,3067,3179,3072,3204,3240,3156,2976,3038,3066,3203,3062,3119,2936,3116,3021,3213,3145,3136,3096,3190,3088,3102,3006,3130,3164,3246,3213,3093,3014,3076,3087,3109,3167,3147,3197,3095,3149,3145,3236,3026,3235,3195,3188,3079,3243,3354,3351,3317,3297,3338,3290,3313,3263,3255,3366,3364,3320,3341,3271,3422,3368,3363,3276,3234,3366,3271,3338,3370,3264,3395,3314,3158,3453,3376,3190,3302,3306
432,4320,clench,3164,3090,3013,3131,3035,3120,2993,3084,3100,3110,3088,3068,3110,3149,3145,3057,3075,2965,3076,3075,3118,3009,3094,3121,3075,3113,3216,3087,3057,3015,3242,3120,3091,2997,3093,2978,3014,3040,2960,3123,3055,3109,3115,3094,2977,3024,3143,3069,3120,3021,3041,3075,3113,3074,3116,3113,3106,3024,3144,3113,3030,3039,3072,3018,3294,3187,3346,3327,3293,3239,3299,3393,3284,3228,3349,3235,3391,3073,3284,3151,3153,3375,3282,3284,3248,3172,3198,3274,3312,3269,3236,3215,3173,3301,3253,3302
433,4330,clench,3014,3044,3099,2998,3048,3109,3120,3045,2899,3065,3015,3012,3026,2997,3081,3108,3085,2977,3055,3095,3106,3087,3054,3130,3160,3114,3166,3183,3097,2998,3051,3148,3118,3005,3022,2988,3125,2956,2966,3016,3196,3022,3107,3132,3070,2986,3071,3175,3116,3167,3199,3212,3063,3092,3174,3148,3044,2990,3137,3024,3128,3072,3097,3131,3290,3324,3211,3284,3238,3275,3252,3279,3276,3159,3225,3327,3225,3194,3222,3276,3216,3227,3289,3185,3246,3240,3278,3324,3263,3210,3161,3323,3290,3244,3222,3303
434,4340,clench,3077,3069,3054,3148,3012,3085,3033,3136,3148,3109,3019,3028,3115,3035,3077,3120,3144,3074,3137,3238,3023,3072,3054,3078,3057,3075,3149,3046,3064,3128,3095,3061,3145,3041,3070,3110,3179,3081,3092,3107,3121,3127,3041,3142,3027,3154,3011,3082,3196,3045,3069,3196,3180,3133,3136,3086,3044,3112,3125,3058,3090,3183,3079,3094,3211,3325,3416,3269,3344,3389,3328,3315,3307,3274,3384,3273,3367,3359,3209,3286,3236,3283,3190,3209,3188,3251,3261,3229,3368,3290,3284,3289,3259,3154,3179,3384
435,4350,clench,3082,3008,3030,2972,2985,2970,3019,3012,3160,3112,3105,3028,3061,2984,3007,3026,3062,3133,3104,3005,3086,3031,3155,3073,3052,3038,3161,3032,3030,3161,3102,2916,2974,2961,3074,2947,2998,2912,3133,3119,3043,2986,3023,2977,3088,2998,3017,3111,3034,3001,3032,3022,3012,3018,2931,3151,3028,3148,3024,3058,3052,2979,2962,3015,3178,3246,3171,3211,3182,3228,3131,3242,3345,3302,3200,3156,3224,3257,3237,3153,3270,3287,3260,3299,3373,3232,3266,3350,3209,3195,3236,3221,3254,3262,3226,3223
436,4360,clench,3052,3065,2994,2981,2991,3106,3026,2995,3008,3008,2964,2935,3099,3040,2897,3024,2961,3055,3040,2974,3011,3011,3042,2943,2846,3001,2966,2954,3006,3059,3103,3055,2983,2937,3033,2949,2986,3014,3019,3003,2865,3043,3020,2941,3005,3105,3019,3081,2929,3017,2986,2957,3022,2997,3017,2887,2922,3045,3046,2908,2987,2885,3027,2927,3187,3187,3168,3058,3151,3133,3201,3088,3131,3013,3182,3207,3161,3142,3188,3134,3242,3115,3167,3252,3125,3025,3173,3135,3218,3200,3196,3159,3341,3161,3219,3150
437,4370,clench,3244,3124,3090,3083,3152,3092,3060,3121,3221,3233,3293,3116,3127,3178,3235,3005,3121,3119,3154,3104,3126,3148,3049,3223,3232,3136,3087,3202,3198,3092,3068,3240,3144,3172,3087,3202,3116,3147,3220,3077,3123,3247,3153,3110,3096,3125,3178,3171,3119,3107,3111,3179,3208,3235,3187,3139,3199,3166,3143,3181,3092,3091,3079,3131,3310,3263,3323,3350,3312,3191,3409,3381,3288,3209,3302,3333,3374,3357,3414,3246,3326,3449,3340,3303,3228,3323,3252,3278,3415,3358,3417,3300,3323,3346,3292,3324
438,4380,clench,3114,3127,2992,3011,3087,3080,3015,2940,3085,3050,3103,2934,3016,2972,2968,3005,2987,3063,3131,3019,2938,3140,2902,3024,3076,3049,3039,3096,3001,3103,3048,2992,2915,3077,3029,2993,2965,2959,3054,3004,3045,3096,3027,3050,2986,3022,3126,2989,3074,3010,3021,3099,3109,3108,3045,3108,3092,3054,3036,3001,3048,3011,2976,3067,3221,3254,3114,3176,3240,3143,3237,3232,3203,3215,3164,3159,3308,3254,3056,3189,3105,3284,3268,3216,3217,3247,3216,3122,3296,3132,3255,3305,3216,3232,3203,3256
439,4390,clench,3178,3184,3288,3141,3330,3198,3104,3120,3201,3273,3263,3201,3231,3069,3140,3148,3246,3122,3217,3252,3235,3146,3302,3149,3073,3181,3130,3047,3173,3190,3167,3096,3099,3114,3211,3163,3214,3270,3192,3310,3176,3167,3249,3286,3111,3211,3252,3208,3305,3158,3146,3110,3221,3155,3163,3174,3099,3167,3297,3183,3144,3097,3217,3339,3311,3398,3252,3405,3313,3329,3329,3341,3375,3344,3339,3371,3386,3480,3376,3255,3459,3397,3433,3427,3341,3383,3309,3388,3459,3313,3357,3395,3402,3291,3386,3398
440,4400,clench,2999,3024,3053,2922,3087,3108,3072,3145,3120,3137,3090,3100,3003,3093,3115,2996,3010,3092,3113,2920,3007,3018,3025,2910,2966,3077,3012,3026,3074,2932,3078,2958,3040,3021,3027,2961,3069,2978,3084,3106,3138,3137,3133,3085,3112,3161,3007,3013,3016,3083,3020,3114,3102,3058,3111,3166,3069,3018,3153,3051,3069,3061,3087,3164,3223,3114,3233,3228,3174,3226,3180,3223,3169,3246,3184,3152,3275,3182,3098,3267,3287,3275,3272,3261,3116,3278,3205,3156,3285,3205,3171,3282,3164,3235,3187,3194
441,4410,clench,3117,3086,3162,3173,3123,3194,3143,3209,3208,3064,3100,3159,3099,3122,3143,3224,3247,3152,3245,3127,3177,3185,3250,3149,3237,3104,3129,3224,3165,3083,3250,3155,3278,3069,3111,3209,3160,3149,3142,3237,3160,3126,3230,3107,3213,3255,3166,3156,3128,3130,3223,3060,3155,3103,3023,3148,3159,3233,3035,3097,3192,3280,3159,3146,3290,3290,3349,3332,3293,3344,3183,3324,3327,3317,3293,3363,3270,3309,3317,3290,3260,3290,3369,3264,3368,3370,3296,3290,3399,3383,3455,3349,3447,3317,3438,3419
442,4420,clench,3072,3030,3132,3144,3093,3106,3124,3102,3063,3057,3016,3057,3148,3086,3008,3141,3079,3153,3103,3189,3153,3129,3023,2969,3024,3092,3098,3128,3257,3040,3035,3061,3068,3084,3065,3107,3102,3107,3076,3062,3038,2944,3112,3092,3083,3106,3137,3060,3100,3073,3203,3059,3106,3133,3084,3177,3051,2972,3109,2943,2977,3066,3195,3134,3270,3273,3271,3300,3291,3339,3321,3381,3069,3201,3346,3388,3249,3239,3226,3164,3361,3220,3276,3209,3283,3321,3312,3308,3331,3105,3253,3264,3242,3214,3329,3277
443,4430,clench,3118,3151,3145,3104,3038,3038,3142,3033,3135,3152,3086,3170,3042,3225,3155,3116,3099,3194,3237,3125,3175,3207,3119,3122,3174,3128,3086,3046,3150,3139,3179,3140,3088,3057,3071,3134,3059,3193,3173,3096,3165,3193,3160,3185,3143,3219,3058,3177,3141,3105,2986,3090,3150,3125,3094,3201,3153,3159,3076,3039,3076,3151,3199,3030,3254,3313,3224,3385,3155,3248,3408,3204,3287,3160,3349,3333,3179,3217,3306,3358,3226,3308,3280,3228,3365,3174,3349,3220,3283,3294,3389,3348,3284,3216,3349,3285
444,4440,clench,3140,3034,3064,3088,3231,3044,3182,3137,2969,3044,3159,3145,3070,2961,3198,3136,3112,3058,3162,3146,3160,3049,3137,3142,3114,3081,3037,3223,3131,3082,3185,3215,3087,3126,3125,3018,2995,3143,3081,3057,3163,3060,3041,3063,3105,3232,3169,3166,3022,3086,3235,3155,3063,2995,3183,3144,3122,3118,3044,3129,3033,3132,3158,3062,3234,3226,3212,3241,3276,3343,3218,3308,3427,3271,3348,3294,3283,3274,3296,3403,3347,3199,3316,3240,3256,3156,3307,3285,3267,3252,3404,3324,3233,3336,3411,3401
445,4450,clench,3029,2991,2871,3017,3003,2941,2949,2977,2920,2927,2985,2942,2902,3068,3050,3074,3050,2933,3114,3013,2919,3056,3010,3048,3081,3050,2960,3053,3072,3018,3027,2970,3016,2995,3148,2963,2964,3016,3000,2885,2927,3089,3003,3091,3117,2985,3032,3036,2892,3056,2943,3148,3082,3148,2982,3097,3053,3025,2991,2975,2998,3008,2948,2950,3199,3187,3144,3174,3253,3213,3257,3335,3215,3159,3226,3211,3162,3225,3255,3174,3224,3271,3233,3193,3215,3135,3182,3166,3171,3233,3223,3290,3283,3260,3328,3232
446,4460,clench,3168,3107,3204,3065,3132,2986,3072,3126,3158,3100,3167,3028,3172,3123,3032,3078,3136,3037,3044,3126,3013,3092,3202,3084,3020,3063,3159,3184,3017,3081,3011,3068,3053,3159,3125,3038,3080,3181,3210,3036,3058,3078,2983,3035,3070,3120,3116,3057,3183,3055,3031,3115,3083,3093,2983,3096,3068,3176,3125,3087,3102,3113,3065,3154,3315,3261,3346,3309,3190,3192,3225,3251,3296,3291,3241,3282,3234,3270,3364,3311,3242,3272,3307,3303,3309,3211,3342,3266,3284,3239,3279,3141,3251,3269,3276,3259
447,4470,clench,3035,2927,3046,3065,3107,3132,3118,3053,3053,3106,3078,3039,3112,3110,3194,3228,3118,3105,3040,3120,3009,3091,3093,3066,3173,3109,3037,3189,3025,3150,3050,3223,3049,2996,3029,3057,3144,3082,3024,3070,3028,3055,3141,3127,2924,3164,3235,3050,3031,3034,3078,3078,3208,3082,3020,3087,3093,3120,3054,3100,3105,3059,3168,2989,3324,3274,3244,3215,3192,3297,3185,3319,3222,3267,3309,3277,3221,3270,3332,3324,3264,3262,3255,3321,3373,3264,3175,3260,3306,3401,3378,3325,3321,3321,3288,3322
448,4480,clench,3094,3086,3109,3248,3128,3072,3236,3073,3120,3146,3157,3149,3058,3164,3203,3076,3093,3066,3252,3159,3088,3074,2972,3129,3187,3074,3341,3018,3183,3221,3240,3152,3171,3143,3165,3127,3152,3053,3111,3239,3141,3205,3074,3157,3131,3164,3101,3176,3088,3046,3107,3280,3146,3160,3129,3177,3158,3081,3123,3061,3218,3139,3139,3080,3312,3260,3359,3256,3303,3267,3236,3339,3310,3286,3313,3254,3414,3221,3360,3304,3486,3288,3230,3393,3260,3274,3357,3358,3319,3313,3326,3232,3252,3364,3242,3428
449,4490,clench,3201,3049,3239,3183,3107,3220,3164,3139,3153,3203,3138,3156,3076,3065,3139,3088,3068,3085,3101,3103,3064,3121,3124,3061,3191,3156,3065,3119,3062,3116,3095,3187,3197,3077,3147,3077,3152,3063,3042,3090,3193,3136,3103,3126,3122,3188,3175,3172,3081,3179,3112,3150,3020,3161,3112,3145,3203,3057,3085,3158,3131,3168,3081,3171,3288,3366,3233,3254,3281,3305,3256,3303,3309,3206,3320,3265,3331,3357,3228,3228,3289,3285,3307,3340,3257,3380,3213,3366,3290,3279,3337,3353,3423,3360,3242,3409
450,4500,clench,3081,3087,3165,3041,3099,3086,3111,3101,3058,3177,3077,3051,3201,3216,3072,3082,3060,3058,3132,3119,3086,3228,3113,3087,3018,3088,3117,2973,3057,3129,3044,3179,3078,3190,3116,3086,3050,3037,3154,3046,3132,3091,3016,2939,3141,3144,3038,3031,3010,3040,3046,3082,3058,3083,3055,3150,2987,3002,3081,3103,3012,3090,3133,3024,3253,3254,3303,3272,3347,3260,3213,3331,3233,3276,3137,3201,3248,3195,3345,3251,3213,3252,3191,3279,3274,3284,3258,3203,3317,3290,3172,3325,3189,3198,3227,3242
451,4510,clench,3156,3134,3246,3125,3179,3065,3081,3184,2992,3106,3059,3103,3194,3207,3124,3140,3110,3093,3207,3125,3135,3087,3074,3118,3157,3082,3070,3132,3176,3065,3126,3076,3161,3108,3104,3143,3130,3111,3136,3072,3129,3129,3168,3217,3089,3142,3229,3178,3149,3116,3184,3057,3149,3121,3153,3253,3230,3133,3183,3107,3114,3021,3158,3116,3352,3317,3254,3346,3237,3337,3418,3294,3356,3279,3391,3314,3271,3340,3229,3319,3229,3303,3299,3248,3314,3334,3349,3336,3278,3175,3257,3405,3275,3296,3215,3216
452,4520,clench,3089,3154,3160,3007,3099,3117,3065,3048,3056,3221,3178,3144,3158,3214,3120,3179,3102,3118,3049,3107,3148,3092,3074,3072,3245,3050,3067,3108,3090,3178,3133,3118,3028,3089,3126,3107,3163,3123,3131,3177,3162,3038,3031,3022,3136,3068,3072,3095,3040,3154,3112,3124,3166,3093,3173,3233,3114,3115,3129,3230,3155,3172,3120,3133,3143,3243,3277,3267,3296,3231,3339,3320,3324,3384,3237,3344,3223,3286,3211,3299,3161,3208,3204,3275,3480,3285,3447,3332,3359,3320,3289,3333,3283,3317,3256,3303
453,4530,clench,3027,3070,3038,3061,3101,3251,3012,2925,3158,3052,3059,3018,3008,3102,2965,2996,3059,3123,2959,3064,3047,3123,3041,2984,3063,3123,2998,3034,2981,3034,3092,2962,3126,3053,2987,2957,3096,2983,3065,3035,3240,3120,3006,3118,2971,3115,3152,3002,3076,3025,3085,3064,2994,2925,2975,3009,3109,3141,3092,3024,3097,3126,2904,3067,3221,3155,3302,3243,3143,3251,3230,3195,3242,3299,3160,3322,3197,3290,3220,3274,3325,3215,3288,3289,3165,3234,3308,3270,3287,3149,3352,3356,3294,3251,3223,3157
454,4540,clench,3072,3200,3161,3128,3103,3079,3145,3034,3083,3201,3059,3122,3007,3038,3069,3011,2982,3112,2941,3072,3031,3159,3041,2959,3050,2966,3163,3007,3096,3030,3098,2994,3017,3035,3033,3085,3107,2997,3120,3037,3044,3063,3030,3128,3037,2981,3058,2933,3231,3031,3055,3001,3021,3116,3087,3084,3138,3113,3052,3053,3195,3059,3126,3177,3124,3268,3181,3286,3269,3274,3136,3169,3234,3310,3200,3342,3357,3310,3313,3257,3224,3298,3285,3266,3177,3240,3298,3340,3190,3329,3290,3182,3312,3348,3287,3296
455,4550,clench,3243,3113,3229,3172,3082,3103,3156,3127,3123,3063,3059,3188,3138,3138,3135,3155,3196,3054,3168,3055,3171,3113,3119,3029,3209,3073,3153,3179,2991,3065,3014,3094,3087,3116,3083,3032,3084,3278,3049,3142,3126,3033,3035,3091,2973,3088,3142,3080,3112,3166,3100,2988,3216,3120,3042,3078,3058,3143,3086,3185,3157,3060,3030,3178,3287,3323,3270,3310,3255,3205,3230,3220,3347,3305,3207,3270,3257,3286,3275,3367,3292,3349,3264,3281,3294,3268,3285,3214,3277,3401,3251,3315,3300,3292,3272,3265
456,4560,clench,3045,3045,3109,3088,2989,3073,3160,3093,3077,3022,3077,3117,3178,2944,3136,3167,3096,3067,3133,3125,2923,3042,2985,3133,3067,3077,3052,3074,3001,3077,3043,3176,3113,3004,3162,3078,3064,3027,3141,3064,3036,3069,3182,3002,3004,3082,3118,3121,3154,3101,3088,3178,3072,3092,3074,2964,3055,3079,3240,3153,3122,3083,3119,3140,3208,3250,3249,3219,3260,3272,3326,3290,3259,3251,3314,3297,3269,3138,3271,3222,3331,3245,3259,3116,3238,3227,3169,3244,3285,3213,3210,3206,3277,3354,3268,3331
457,4570,clench,3074,3026,3006,3197,3016,3186,3171,3087,3079,2982,2973,3204,3072,3055,3037,3089,3063,3093,3229,3136,3217,3037,2982,3120,3076,3181,3068,2990,3042,3078,2984,2989,3242,3045,3178,2999,3110,3166,3063,3054,3150,3100,3114,3016,3169,3044,3056,3067,3179,3085,3082,3125,3116,3070,3032,3173,3117,3137,3206,3033,2956,3023,3045,3031,3320,3284,3246,3170,3228,3212,3101,3305,3214,3336,3294,3208,3270,3259,3262,3291,3388,3347,3244,3220,3289,3228,3303,3145,3334,3281,3231,3218,3222,3374,3240,3316
458,4580,clench,2995,3107,3121,3043,3049,3131,3183,3004,3106,3123,3057,2969,3018,3078,3056,2959,3034,3032,2980,3027,3146,2992,3076,3035,3036,3103,3007,2974,2943,2996,3026,3157,3045,2985,3050,2960,3050,3011,2952,3134,3059,3002,3079,3045,2986,2940,2986,3022,3002,3071,3063,3134,2988,3218,3096,3041,2957,3045,2994,3013,3092,3072,3018,3017,3289,3269,3301,3213,3302,3179,3162,3241,3143,3201,3213,3257,3144,3242,3235,3324,3313,3317,3244,3291,3277,3254,3222,3388,3254,3201,3221,3130,3282,3242,3277,3248
459,4590,clench,3074,3104,3177,2975,3172,3104,3058,3026,3042,3088,3126,3103,3171,3038,3054,3172,3092,3158,3083,3113,3073,3123,3062,3143,3097,3164,3085,3036,3048,3064,3116,3115,3077,3104,3098,3066,3075,3110,3160,3054,3091,3013,3071,3135,3080,3019,2987,3120,3145,3174,3141,3115,3107,3076,3096,2986,3132,3053,3041,2983,3101,3052,3023,3054,3337,3160,3240,3243,3305,3315,3334,3200,3292,3299,3335,3327,3233,3249,3329,3325,3259,3231,3270,3386,3267,3335,3248,3294,3250,3270,3306,3306,3221,3284,3279,3296
460,4600,clench,3058,3100,3181,3113,3107,3083,3078,3153,3111,3200,3016,3104,3075,3161,2987,3115,3055,3088,3140,3212,3079,3159,3015,3239,3066,3223,3031,3182,3188,3040,3073,3074,3116,3032,3026,3088,3101,3171,3025,3061,3098,3176,3121,3039,3039,3154,3173,3135,3092,3097,3052,3106,3238,3091,3077,3153,3125,3132,3084,3082,3159,3113,3078,3126,3287,3279,3199,3230,3268,3183,3295,3281,3275,3392,3203,3232,3109,3253,3247,3262,3292,3218,3361,3287,3166,3209,3323,3233,3275,3357,3312,3207,3283,3327,3367,3324
461,4610,clench,3069,3101,3111,3129,3091,3138,3043,3087,3117,3146,3001,3059,3164,3188,3165,3123,3030,3027,3045,3095,3070,3109,2955,3082,3160,3050,3123,3117,3099,3153,3051,3102,3002,3033,3049,3121,3096,2984,3075,3106,3009,3085,3071,3112,3126,3212,3162,3094,3098,3078,3112,3165,3035,3053,3066,2934,3086,3033,3223,3119,3174,3142,3240,3093,3359,3269,3307,3375,3251,3268,3182,3312,3316,3331,3206,3310,3337,3244,3231,3228,3263,3243,3284,3251,3241,3343,3175,3244,3330,3310,3355,3342,3115,3238,3201,3222
462,4620,clench,3126,3126,3089,3109,2995,3156,3013,3062,3039,3132,3027,3012,2969,3054,3077,3126,3067,3187,3116,3039,3036,3126,2932,3024,3097,3088,3028,3121,3065,3107,3057,3001,3039,3047,3091,3172,3144,3115,3178,3058,3089,2999,3006,3036,3061,3030,3002,3103,3091,3128,2990,3068,3173,3055,3112,3141,3122,3043,3074,3054,3085,3205,3029,2998,3217,3299,3204,3324,3154,3310,3177,3117,3302,3160,3207,3338,3248,3241,3258,3294,3134,3240,3261,3322,3188,3309,3266,3296,3263,3188,3381,3177,3361,3250,3293,3346
463,4630,clench,2997,3040,3137,2917,3033,2977,3003,2935,3049,3160,2981,3010,3110,2939,3058,3127,3050,2878,2924,3035,2957,3028,3053,3071,2984,3057,3088,3063,3024,2949,2990,3092,2912,2969,3058,3008,2959,2951,3098,3074,3052,2969,2993,3030,2988,3039,2996,2999,3030,3050,2926,2936,3076,2946,3094,3087,3014,3049,2976,3024,3031,2955,3068,3027,3155,3198,3182,3359,3249,3223,3228,3157,3259,3044,3147,3194,3268,3155,3114,3098,3177,3199,3180,3205,3181,3165,3184,3216,3207,3275,3178,3205,3301,3238,3202,3167
464,4640,clench,3040,3150,3158,2968,3036,3108,3102,3182,3090,3129,3207,2988,3104,3035,2981,3083,3139,3247,2974,3004,3111,3156,3130,3077,3177,3186,2946,3130,3144,3146,3036,3095,3033,3321,3122,3124,3081,3164,3228,3146,3114,3124,3172,3261,3166,3032,3065,2977,3064,3232,3188,3156,3290,3118,3052,3113,3080,3076,3111,3117,3097,3152,3015,3069,3239,3350,3337,3437,3322,3292,3323,3265,3287,3296,3328,3347,3278,3428,3292,3229,3342,3253,3343,3225,3335,3329,3251,3250,3417,3332,3349,3268,3189,3320,3353,3377
465,4650,clench,3165,3179,3052,3193,3060,3121,3138,3123,3107,3079,3182,3194,3178,3150,3105,3219,3305,3195,3149,3184,3064,3113,3183,3042,3095,3130,3115,3075,3042,3137,3213,3101,3184,3086,3133,3047,3196,3114,3170,2970,3055,3156,3084,3072,3131,3160,3171,3148,3129,3045,3083,3103,3118,3201,3082,3114,3104,3101,3081,3130,3009,3108,3130,3132,3373,3321,3335,3312,3307,3250,3166,3297,3326,3391,3254,3279,3291,3321,3287,3309,3312,3311,3285,3304,3251,3377,3454,3258,3153,3330,3373,3399,3406,3379,3234,3317
466,4660,clench,2975,3130,3122,3040,3023,3044,2916,3055,3033,3176,2959,3124,3003,2944,3060,3111,2934,3052,3013,3084,3064,3054,2858,3046,3070,3066,3058,3016,3064,2932,3037,3052,2958,3072,3087,3055,3111,2963,3122,3008,3075,2994,3036,3037,3108,3163,3045,2938,2999,2985,3047,3066,2934,2843,2998,2982,3018,3055,2883,3024,2944,3051,2990,2918,3251,3152,3197,3174,3239,3154,3234,3259,3146,3229,3251,3150,3270,3179,3201,3170,3200,3121,3174,3211,3167,3296,3226,3123,3223,3226,3246,3227,3251,3154,3237,3174
467,4670,clench,3121,3100,3236,3073,3080,3107,3030,3158,3097,3154,3157,3112,3000,3201,3090,3114,3226,3081,3085,3116,3054,3090,3302,3124,3073,3163,3203,3013,3126,3185,3278,3161,3107,3141,3075,3020,3010,3232,3221,3072,3111,3098,3176,3103,3020,3176,3169,3040,3188,3124,3086,3219,3050,3130,3107,3204,3165,3133,3034,3132,3097,3072,3177,3014,3338,3265,3332,3320,3286,3378,3398,3263,3265,3250,3343,3268,3257,3311,3247,3269,3187,3268,3343,3406,3325,3339,3222,3322,3247,3217,3271,3157,3270,3341,3306,3307
468,4680,clench,2960,3005,3032,3080,3004,3068,3017,3062,3134,3037,3170,2998,2970,3029,3035,3158,2997,3096,3067,3071,3157,3097,3033,3123,3089,3071,2930,3116,3089,2982,3035,3098,3099,3062,3095,3080,3137,2999,3019,2967,3081,3128,3128,3103,3078,3145,3063,3169,3026,3003,3166,3031,3023,3103,3159,3128,3059,3026,3113,3026,3150,3118,3043,3037,3229,3203,3408,3261,3220,3351,3260,3341,3274,3200,3275,3188,3146,3116,3150,3334,3254,3259,3250,3271,3287,3219,3265,3323,3210,3347,3261,3223,3107,3202,3294,3303
469,4690,clench,3151,3028,2996,3120,3070,2953,3113,3074,3041,3122,3011,3119,2947,3056,3044,3137,3093,3058,3046,3175,3150,3022,3058,3155,3145,3010,3082,3097,3071,3007,3007,3087,2980,3048,2999,3020,3055,3018,3047,3121,3016,3015,3007,3006,3045,3086,3072,3002,3064,3081,3096,2963,3077,3020,3057,2983,2969,3165,2926,2903,3099,3112,2996,3142,3257,3170,3271,3201,3235,3216,3248,3279,3268,3288,3227,3105,3159,3219,3198,3224,3277,3130,3173,3197,3244,3325,3253,3346,3215,3239,3154,3218,3406,3249,3304,3213
470,4700,clench,3135,3015,3080,3093,3124,3104,3100,3127,3056,3037,3197,3165,3099,3119,3035,3071,3232,3151,3097,3073,3116,3152,2986,2971,3228,3198,3168,3103,3073,3046,2977,3059,3153,3092,3137,3079,3172,3040,3155,3132,3167,3225,2996,3085,3108,3111,3057,2969,3174,3062,3104,3195,3065,3122,3069,3184,3137,2984,3027,3108,3088,2972,3103,3135,3321,3247,3187,3310,3361,3261,3362,3299,3274,3308,3414,3334,3309,3373,3194,3262,3335,3256,3264,3250,3334,3221,3168,3291,3282,3352,3240,3224,3293,3299,3217,3213
471,4710,clench,3143,3174,3043,3123,3146,3144,3014,3144,3143,3164,3111,3143,3073,3131,3087,3149,3116,3173,3047,3048,3046,3212,3136,3126,3048,3045,2954,3121,2997,3172,3151,3107,2952,3192,3112,3006,3003,3124,3134,3221,3109,3098,3134,3123,2959,3128,3162,3059,3161,3018,3056,3094,3133,3096,3177,2973,3078,3153,3063,3056,3189,3019,3070,3117,3207,3306,3318,3338,3115,3310,3329,3223,3236,3172,3331,3322,3180,3202,3345,3304,3259,3255,3248,3293,3248,3298,3367,3265,3267,3201,3272,3218,3215,3229,3210,3294
472,4720,clench,3075,3120,3090,3083,3112,3164,3175,3111,3147,3248,3011,3135,3151,3109,3114,3065,3114,3131,3123,3155,3054,3160,3175,3075,3064,3061,3092,3041,3063,3144,3205,3072,3114,3182,3122,3092,3005,3167,3070,3103,3131,3082,3054,3165,3166,3130,3179,3183,3072,3076,3022,3213,3125,3183,3088,3040,3187,3178,3089,3058,3157,3204,3169,3166,3331,3324,3356,3379,3239,3393,3251,3254,3160,3209,3325,3334,3231,3230,3238,3338,3455,3242,3269,3262,3316,3187,3219,3276,3320,3341,3257,3264,3378,3368,3325,3243
473,4730,clench,2974,3055,2978,3109,3002,3071,2958,3089,2952,2976,3058,3059,2969,3048,3022,3006,3105,3105,3087,3017,2966,3016,2978,2969,3012,3208,3002,3127,3071,3017,3128,3012,3094,3133,3021,3052,3060,3061,3068,2995,3052,3054,2906,2990,2953,3148,3039,2942,3073,3050,3077,3082,3104,3128,3076,2956,3005,2968,2995,3032,3041,3013,3079,2994,3128,3063,3277,3122,3220,3161,3252,3128,3234,3223,3245,3191,3063,3243,3198,3169,3293,3161,3159,3116,3235,3219,3145,3274,3283,3329,3112,3214,3230,3169,3165,3198
474,4740,clench,3070,3063,3097,2997,3126,2990,3073,3151,3163,3085,3102,3043,3116,3113,3057,3050,2964,3120,3088,3073,3085,3060,3089,3075,3081,3084,3071,3105,3071,2962,3086,3061,2902,3082,2975,3078,3025,2971,3023,3109,3044,3171,3088,3119,3064,3062,3049,3172,3155,3079,3085,3116,3063,3120,3073,3046,3116,3064,3162,3085,3119,2996,3071,3075,3165,3172,3288,3383,3287,3253,3276,3282,3313,3280,3162,3219,3193,3340,3347,3190,3247,3273,3316,3195,3264,3265,3223,3216,3182,3240,3290,3265,3196,3254,3195,3293
475,4750,clench,3126,3218,3172,3190,3259,3228,3168,3192,3079,3158,3182,3184,3099,3111,3252,3063,3220,3085,3160,3168,3162,3213,3141,3128,3120,3177,3088,3139,3089,3141,3068,3180,3242,3074,3296,3099,3177,3144,3218,3202,3194,3248,3230,3284,3267,3238,3157,3243,3226,3195,3217,3254,3145,3166,3133,3194,3223,3211,3204,3069,3204,3056,3247,3083,3336,3258,3301,3213,3324,3330,3336,3370,3328,3299,3250,3309,3334,3276,3432,3413,3404,3144,3405,3386,3332,3344,3318,3368,3285,3425,3371,3404,3357,3301,3460,3407
476,4760,clench,3025,3045,3235,3107,3124,3170,3144,2999,3087,3084,3215,3067,3044,3182,3094,2983,3149,3113,3245,3164,3199,3186,3195,3110,3108,3200,3188,3162,3103,3139,3158,3217,3156,3214,3103,3133,3233,3164,3111,3148,3175,3187,3064,3028,3137,3114,3094,2994,3160,3122,3187,3120,3030,3160,3169,3178,3069,3136,3172,3032,3153,3172,3128,3159,3230,3218,3281,3262,3235,3328,3342,3337,3266,3372,3313,3326,3293,3423,3246,3260,3308,3338,3332,3196,3308,3311,3397,3356,3228,3357,3265,3339,3368,3287,3316,3233
477,4770,clench,3062,3337,3150,3192,3154,3129,3197,3107,2996,3112,3244,3094,3170,3178,3091,3153,3322,3149,3093,3210,3210,3102,3197,3111,3190,3083,3104,3087,3132,3215,3158,3334,3109,3231,3122,3245,3181,3089,3255,3091,3147,3316,3229,3236,3093,3206,3048,3195,3150,3111,3075,3231,3196,3172,3228,3183,3184,3198,3217,3185,3184,3185,3247,3137,3416,3308,3416,3323,3400,3301,3355,3448,3381,3314,3348,3359,3303,3354,3266,3353,3245,3275,3381,3299,3357,3386,3297,3391,3368,3293,3415,3292,3405,3337,3338,3351
478,4780,clench,3034,2980,2978,3110,3093,3039,3050,2969,2998,3107,3019,3070,3000,3049,3038,2968,3114,3042,3007,3171,2944,3040,2995,3043,3121,3083,2975,3076,2995,3025,2981,2998,3065,3045,3058,2913,2955,3178,3104,3041,3102,3053,2964,3236,3100,3132,3093,3022,3108,3132,2992,2917,3057,2884,3047,2997,3052,3051,2964,3055,2983,3061,2992,3072,3207,3303,3335,3188,3261,3175,3205,3268,3191,3233,3285,3124,3235,3171,3193,3169,3113,3201,3254,3187,3197,3329,3204,3208,3283,3265,3150,3198,3154,3175,3218,3228
479,4790,clench,3137,3101,3211,3154,3084,3179,3092,3167,3171,3099,3029,3137,3125,3099,2999,3006,3139,3122,3035,3102,3120,3177,3202,3120,3110,3176,3138,3161,3071,3216,3092,3256,3026,2989,3222,3134,3090,3075,3077,3089,3050,3167,3155,3074,3176,3129,3068,3165,3107,3169,3094,3220,3054,3139,3138,3100,3059,3183,3163,3039,3106,3214,3131,3167,3359,3305,3310,3342,3341,3344,3276,3440,3309,3156,3227,3381,3237,3332,3315,3293,3284,3315,3348,3324,3214,3283,3391,3288,3117,3262,3384,3325,3324,3262,3312,3313
